{"features":[{"geometry":{"coordinates":[-0.3756747,51.6967594],"type":"Point"},"properties":{"maxspeed":"70 mph","osmId":"node/104478"},"type":"Feature"},{"geometry":{"coordinates":[-0.1294059,51.5278323],"type":"Point"},"properties":{"maxspeed":"20 mph","osmId":"node/110100"},"type":"Feature"},{"geometry":{"coordinates":[-0.2506783,51.6509076],"type":"Point"},"properties":{"maxspeed":"50 mph","osmId":"node/195779"},"type":"Feature"},{"geometry":{"coordinates":[-0.2177279,51.5771858],"type":"Point"},"properties":{"osmId":"node/196625"},"type":"Feature"},{"geometry":{"coordinates":[-0.2177511,51.5770266],"type":"Point"},"properties":{"osmId":"node/196638"},"type":"Feature"},{"geometry":{"coordinates":[-1.9483596,52.432006],"type":"Point"},"properties":{"osmId":"node/203608"},"type":"Feature"},{"geometry":{"coordinates":[0.226334,51.4171348],"type":"Point"},"properties":{"osmId":"node/203785"},"type":"Feature"},{"geometry":{"coordinates":[0.2371171,51.4435877],"type":"Point"},"properties":{"maxspeed":"60 mph","osmId":"node/203819"},"type":"Feature"},{"geometry":{"coordinates":[0.1670802,51.661888],"type":"Point"},"properties":{"maxspeed":"70 mph","osmId":"node/204495"},"type":"Feature"},{"geometry":{"coordinates":[-0.573037,52.0189417],"type":"Point"},"properties":{"osmId":"node/208246"},"type":"Feature"},{"geometry":{"coordinates":[-0.2192021,51.5096466],"type":"Point"},"properties":{"maxspeed":"40 mph","osmId":"node/215309"},"type":"Feature"},{"geometry":{"coordinates":[-1.953659,52.5691289],"type":"Point"},"properties":{"maxspeed":"30 mph","osmId":"node/222227"},"type":"Feature"},{"geometry":{"coordinates":[-0.3185323,51.3691813],"type":"Point"},"properties":{"maxspeed":"50 mph","osmId":"node/292197"},"type":"Feature"},{"geometry":{"coordinates":[-0.3609004,51.4126958],"type":"Point"},"properties":{"maxspeed":"20 mph","osmId":"node/293783"},"type":"Feature"},{"geometry":{"coordinates":[-1.4964636,52.3979595],"type":"Point"},"properties":{"osmId":"node/304726"},"type":"Feature"},{"geometry":{"coordinates":[0.4614988,51.3020054],"type":"Point"},"properties":{"maxspeed":"70 mph","osmId":"node/307550"},"type":"Feature"},{"geometry":{"coordinates":[0.7721812,51.1967906],"type":"Point"},"properties":{"osmId":"node/307906"},"type":"Feature"},{"geometry":{"coordinates":[-2.7602948,53.3594022],"type":"Point"},"properties":{"maxspeed":"70 mph","osmId":"node/338398"},"type":"Feature"},{"geometry":{"coordinates":[-1.4110468,51.7907882],"type":"Point"},"properties":{"osmId":"node/376238"},"type":"Feature"},{"geometry":{"coordinates":[-3.5410544,50.6555688],"type":"Point"},"properties":{"osmId":"node/387171"},"type":"Feature"},{"geometry":{"coordinates":[0.0509876,51.4550238],"type":"Point"},"properties":{"maxspeed":"50 mph","osmId":"node/432733"},"type":"Feature"},{"geometry":{"coordinates":[0.0359623,51.459267],"type":"Point"},"properties":{"osmId":"node/432745"},"type":"Feature"},{"geometry":{"coordinates":[-2.0924837,52.6283052],"type":"Point"},"properties":{"maxspeed":"40 mph","osmId":"node/438737"},"type":"Feature"},{"geometry":{"coordinates":[-2.8898805,50.9416573],"type":"Point"},"properties":{"maxspeed":"60 mph","osmId":"node/440724"},"type":"Feature"},{"geometry":{"coordinates":[-0.1216514,51.6520327],"type":"Point"},"properties":{"osmId":"node/459340"},"type":"Feature"},{"geometry":{"coordinates":[-1.4432832,50.9132177],"type":"Point"},"properties":{"osmId":"node/469878"},"type":"Feature"},{"geometry":{"coordinates":[-0.082244,51.6223221],"type":"Point"},"properties":{"maxspeed":"40 mph","osmId":"node/497144"},"type":"Feature"},{"geometry":{"coordinates":[-2.6246921,51.4745506],"type":"Point"},"properties":{"osmId":"node/608426"},"type":"Feature"},{"geometry":{"coordinates":[-1.8458919,50.7354791],"type":"Point"},"properties":{"maxspeed":"50 mph","osmId":"node/672993"},"type":"Feature"},{"geometry":{"coordinates":[-2.0948687,52.9976746],"type":"Point"},"properties":{"osmId":"node/683269"},"type":"Feature"},{"geometry":{"coordinates":[-3.39572,50.6210913],"type":"Point"},"properties":{"osmId":"node/702042"},"type":"Feature"},{"geometry":{"coordinates":[-2.168766,52.9146698],"type":"Point"},"properties":{"osmId":"node/1623926"},"type":"Feature"},{"geometry":{"coordinates":[-1.5060257,53.6672367],"type":"Point"},"properties":{"osmId":"node/2758245"},"type":"Feature"},{"geometry":{"coordinates":[-1.4637001,50.9202344],"type":"Point"},"properties":{"osmId":"node/2773918"},"type":"Feature"},{"geometry":{"coordinates":[-0.3014765,52.1708253],"type":"Point"},"properties":{"maxspeed":"40 mph","osmId":"node/3744612"},"type":"Feature"},{"geometry":{"coordinates":[-3.4117492,50.641463],"type":"Point"},"properties":{"maxspeed":"30 mph","osmId":"node/3879029"},"type":"Feature"},{"geometry":{"coordinates":[-2.5855942,53.2329667],"type":"Point"},"properties":{"osmId":"node/4453186"},"type":"Feature"},{"geometry":{"coordinates":[0.1700213,52.2168652],"type":"Point"},"properties":{"osmId":"node/6571817"},"type":"Feature"},{"geometry":{"coordinates":[-1.4432342,50.9134912],"type":"Point"},"properties":{"osmId":"node/10222203"},"type":"Feature"},{"geometry":{"coordinates":[-1.4830805,53.8033788],"type":"Point"},"properties":{"osmId":"node/10439843"},"type":"Feature"},{"geometry":{"coordinates":[-1.4810472,53.8038423],"type":"Point"},"properties":{"osmId":"node/10439864"},"type":"Feature"},{"geometry":{"coordinates":[-1.5137721,53.797684],"type":"Point"},"properties":{"osmId":"node/10439933"},"type":"Feature"},{"geometry":{"coordinates":[-1.5158917,53.7975238],"type":"Point"},"properties":{"osmId":"node/10439979"},"type":"Feature"},{"geometry":{"coordinates":[-0.3574532,51.4468147],"type":"Point"},"properties":{"maxspeed":"40 mph","osmId":"node/10929042"},"type":"Feature"},{"geometry":{"coordinates":[-0.687774,52.440661],"type":"Point"},"properties":{"osmId":"node/12014292"},"type":"Feature"},{"geometry":{"coordinates":[0.2702328,51.5899762],"type":"Point"},"properties":{"maxspeed":"70 mph","osmId":"node/12086390"},"type":"Feature"},{"geometry":{"coordinates":[0.1998339,51.6493642],"type":"Point"},"properties":{"maxspeed":"70 mph","osmId":"node/12086414"},"type":"Feature"},{"geometry":{"coordinates":[0.20005,51.6494724],"type":"Point"},"properties":{"maxspeed":"70 mph","osmId":"node/12086415"},"type":"Feature"},{"geometry":{"coordinates":[0.1819132,51.6559636],"type":"Point"},"properties":{"maxspeed":"70 mph","osmId":"node/12086420"},"type":"Feature"},{"geometry":{"coordinates":[-2.7461162,53.2802617],"type":"Point"},"properties":{"maxspeed":"40 mph","osmId":"node/12088015"},"type":"Feature"},{"geometry":{"coordinates":[-1.5412804,52.7783456],"type":"Point"},"properties":{"maxspeed":"30 mph","osmId":"node/12110867"},"type":"Feature"},{"geometry":{"coordinates":[-0.6284952,52.1618631],"type":"Point"},"properties":{"osmId":"node/12134854"},"type":"Feature"},{"geometry":{"coordinates":[-0.6194449,52.1620158],"type":"Point"},"properties":{"osmId":"node/12134855"},"type":"Feature"},{"geometry":{"coordinates":[-2.1188226,52.7933176],"type":"Point"},"properties":{"osmId":"node/12863677"},"type":"Feature"},{"geometry":{"coordinates":[-2.0421882,52.4450636],"type":"Point"},"properties":{"maxspeed":"40 mph","osmId":"node/14722414"},"type":"Feature"},{"geometry":{"coordinates":[-0.504578,51.789876],"type":"Point"},"properties":{"osmId":"node/14953518"},"type":"Feature"},{"geometry":{"coordinates":[-0.2514448,50.8450406],"type":"Point"},"properties":{"osmId":"node/15237015"},"type":"Feature"},{"geometry":{"coordinates":[-0.4025229,51.6590664],"type":"Point"},"properties":{"osmId":"node/15375757"},"type":"Feature"},{"geometry":{"coordinates":[-1.9660281,52.7789145],"type":"Point"},"properties":{"osmId":"node/15401665"},"type":"Feature"},{"geometry":{"coordinates":[-0.716295,51.5095203],"type":"Point"},"properties":{"osmId":"node/17901913"},"type":"Feature"},{"geometry":{"coordinates":[-1.0873253,50.8088103],"type":"Point"},"properties":{"osmId":"node/19873242"},"type":"Feature"},{"geometry":{"coordinates":[-2.9855394,55.9447537],"type":"Point"},"properties":{"osmId":"node/20695654"},"type":"Feature"},{"geometry":{"coordinates":[-2.9711036,55.9497602],"type":"Point"},"properties":{"osmId":"node/20695771"},"type":"Feature"},{"geometry":{"coordinates":[-2.8159356,55.9552819],"type":"Point"},"properties":{"osmId":"node/20805537"},"type":"Feature"},{"geometry":{"coordinates":[-2.5211157,51.6126754],"type":"Point"},"properties":{"osmId":"node/20911837"},"type":"Feature"},{"geometry":{"coordinates":[-2.9640414,53.2850561],"type":"Point"},"properties":{"osmId":"node/20974669"},"type":"Feature"},{"geometry":{"coordinates":[-0.2570645,51.4337386],"type":"Point"},"properties":{"maxspeed":"40 mph","osmId":"node/21041973"},"type":"Feature"},{"geometry":{"coordinates":[-1.5382203,52.4041055],"type":"Point"},"properties":{"maxspeed":"30 mph","osmId":"node/21260192"},"type":"Feature"},{"geometry":{"coordinates":[-0.1998246,51.9837502],"type":"Point"},"properties":{"osmId":"node/21287011"},"type":"Feature"},{"geometry":{"coordinates":[0.5968537,50.8616993],"type":"Point"},"properties":{"maxspeed":"30 mph","osmId":"node/21324939"},"type":"Feature"},{"geometry":{"coordinates":[-2.1802579,52.9294829],"type":"Point"},"properties":{"osmId":"node/21531216"},"type":"Feature"},{"geometry":{"coordinates":[-2.5450572,55.4929991],"type":"Point"},"properties":{"maxspeed":"60 mph","osmId":"node/21755847"},"type":"Feature"},{"geometry":{"coordinates":[-0.5106737,52.1818249],"type":"Point"},"properties":{"osmId":"node/24233418"},"type":"Feature"},{"geometry":{"coordinates":[-2.3029355,53.3655172],"type":"Point"},"properties":{"osmId":"node/24556873"},"type":"Feature"},{"geometry":{"coordinates":[-1.2180922,52.0529882],"type":"Point"},"properties":{"maxspeed":"30 mph","osmId":"node/25304396"},"type":"Feature"},{"geometry":{"coordinates":[-0.1145466,51.6536096],"type":"Point"},"properties":{"osmId":"node/25307025"},"type":"Feature"},{"geometry":{"coordinates":[-2.22262,53.4052491],"type":"Point"},"properties":{"osmId":"node/25401134"},"type":"Feature"},{"geometry":{"coordinates":[-3.7750394,51.5957531],"type":"Point"},"properties":{"maxspeed":"50 mph","osmId":"node/25403752"},"type":"Feature"},{"geometry":{"coordinates":[-2.0521128,53.0421243],"type":"Point"},"properties":{"osmId":"node/25437459"},"type":"Feature"},{"geometry":{"coordinates":[-2.5934043,54.1983516],"type":"Point"},"properties":{"osmId":"node/25662269"},"type":"Feature"},{"geometry":{"coordinates":[-1.4742877,52.3926684],"type":"Point"},"properties":{"osmId":"node/25712318"},"type":"Feature"},{"geometry":{"coordinates":[-1.9380693,52.7564536],"type":"Point"},"properties":{"maxspeed":"30 mph","osmId":"node/25843871"},"type":"Feature"},{"geometry":{"coordinates":[0.1079432,51.7543837],"type":"Point"},"properties":{"osmId":"node/25992321"},"type":"Feature"},{"geometry":{"coordinates":[-2.5429308,51.575308],"type":"Point"},"properties":{"osmId":"node/26167063"},"type":"Feature"},{"geometry":{"coordinates":[-2.5776407,51.5042063],"type":"Point"},"properties":{"osmId":"node/26189612"},"type":"Feature"},{"geometry":{"coordinates":[-2.5722698,51.4982194],"type":"Point"},"properties":{"osmId":"node/26189810"},"type":"Feature"},{"geometry":{"coordinates":[0.1362711,51.7398226],"type":"Point"},"properties":{"maxspeed":"70 mph","osmId":"node/26345660"},"type":"Feature"},{"geometry":{"coordinates":[0.4146857,51.6300272],"type":"Point"},"properties":{"osmId":"node/26364134"},"type":"Feature"},{"geometry":{"coordinates":[-1.9881982,53.315893],"type":"Point"},"properties":{"maxspeed":"50 mph","osmId":"node/26421233"},"type":"Feature"},{"geometry":{"coordinates":[0.3194927,51.4849521],"type":"Point"},"properties":{"maxspeed":"40 mph","osmId":"node/26649152"},"type":"Feature"},{"geometry":{"coordinates":[0.3089518,51.2960544],"type":"Point"},"properties":{"osmId":"node/26675502"},"type":"Feature"},{"geometry":{"coordinates":[-2.9676922,53.6308947],"type":"Point"},"properties":{"osmId":"node/27420522"},"type":"Feature"},{"geometry":{"coordinates":[-0.9065886,50.8447575],"type":"Point"},"properties":{"maxspeed":"30 mph","osmId":"node/27428410"},"type":"Feature"},{"geometry":{"coordinates":[0.672961,51.3509901],"type":"Point"},"properties":{"maxspeed":"30 mph","osmId":"node/27514419"},"type":"Feature"},{"geometry":{"coordinates":[-0.5702627,51.5034747],"type":"Point"},"properties":{"osmId":"node/28341910"},"type":"Feature"},{"geometry":{"coordinates":[-0.8064322,51.3467372],"type":"Point"},"properties":{"maxspeed":"30 mph","osmId":"node/28795603"},"type":"Feature"},{"geometry":{"coordinates":[-0.6039707,51.3125251],"type":"Point"},"properties":{"maxspeed":"30 mph","osmId":"node/28875893"},"type":"Feature"},{"geometry":{"coordinates":[-1.4755923,52.9594138],"type":"Point"},"properties":{"maxspeed":"30 mph","osmId":"node/29202693"},"type":"Feature"},{"geometry":{"coordinates":[-0.7340046,52.2004131],"type":"Point"},"properties":{"maxspeed":"30 mph","osmId":"node/29798083"},"type":"Feature"},{"geometry":{"coordinates":[-0.7185972,51.0550695],"type":"Point"},"properties":{"maxspeed":"40 mph","osmId":"node/29819972"},"type":"Feature"},{"geometry":{"coordinates":[-1.4586642,53.2313883],"type":"Point"},"properties":{"osmId":"node/29879415"},"type":"Feature"},{"geometry":{"coordinates":[-1.2585352,53.1138189],"type":"Point"},"properties":{"maxspeed":"50 mph","osmId":"node/29944359","role":"average"},"type":"Feature"},{"geometry":{"coordinates":[-2.0461787,53.4934608],"type":"Point"},"properties":{"osmId":"node/30963093"},"type":"Feature"},{"geometry":{"coordinates":[-2.8652379,51.3744012],"type":"Point"},"properties":{"osmId":"node/31180097"},"type":"Feature"},{"geometry":{"coordinates":[0.502801,51.2822052],"type":"Point"},"properties":{"maxspeed":"30 mph","osmId":"node/31418360"},"type":"Feature"},{"geometry":{"coordinates":[-1.3406369,53.4936735],"type":"Point"},"properties":{"osmId":"node/31477672"},"type":"Feature"},{"geometry":{"coordinates":[-1.3576636,53.5069859],"type":"Point"},"properties":{"osmId":"node/31997625"},"type":"Feature"},{"geometry":{"coordinates":[0.2382083,51.4383583],"type":"Point"},"properties":{"osmId":"node/32444869"},"type":"Feature"},{"geometry":{"coordinates":[-0.620991,51.5119552],"type":"Point"},"properties":{"osmId":"node/34576551"},"type":"Feature"},{"geometry":{"coordinates":[0.2385102,51.4425439],"type":"Point"},"properties":{"osmId":"node/34910524"},"type":"Feature"},{"geometry":{"coordinates":[0.232685,51.4189462],"type":"Point"},"properties":{"osmId":"node/34949156"},"type":"Feature"},{"geometry":{"coordinates":[-3.5029014,50.6931893],"type":"Point"},"properties":{"osmId":"node/41121541"},"type":"Feature"},{"geometry":{"coordinates":[-3.5435114,50.9335386],"type":"Point"},"properties":{"osmId":"node/43677388"},"type":"Feature"},{"geometry":{"coordinates":[-1.4589419,52.9257216],"type":"Point"},"properties":{"osmId":"node/44777472"},"type":"Feature"},{"geometry":{"coordinates":[-4.2135559,51.0273398],"type":"Point"},"properties":{"osmId":"node/48935177"},"type":"Feature"},{"geometry":{"coordinates":[-1.5379451,53.7788901],"type":"Point"},"properties":{"maxspeed":"50 mph","osmId":"node/50032464"},"type":"Feature"},{"geometry":{"coordinates":[-1.8738229,52.5367022],"type":"Point"},"properties":{"osmId":"node/58963628"},"type":"Feature"},{"geometry":{"coordinates":[-0.4121522,51.7511934],"type":"Point"},"properties":{"maxspeed":"70 mph","osmId":"node/59741931"},"type":"Feature"},{"geometry":{"coordinates":[-1.7583564,52.6255939],"type":"Point"},"properties":{"osmId":"node/60462355"},"type":"Feature"},{"geometry":{"coordinates":[-2.4720377,53.7384529],"type":"Point"},"properties":{"osmId":"node/61102971"},"type":"Feature"},{"geometry":{"coordinates":[-3.8530819,51.8263496],"type":"Point"},"properties":{"maxspeed":"40 mph","osmId":"node/61708314","role":"average"},"type":"Feature"},{"geometry":{"coordinates":[-0.5247626,53.0326741],"type":"Point"},"properties":{"maxspeed":"60 mph","osmId":"node/68323225"},"type":"Feature"},{"geometry":{"coordinates":[0.4919653,51.5617323],"type":"Point"},"properties":{"osmId":"node/82797722"},"type":"Feature"},{"geometry":{"coordinates":[-4.0221438,55.846278],"type":"Point"},"properties":{"osmId":"node/95129917"},"type":"Feature"},{"geometry":{"coordinates":[1.6615677,50.2541259],"type":"Point"},"properties":{"maxspeed":"80","osmId":"node/97730811"},"type":"Feature"},{"geometry":{"coordinates":[-3.9949312,51.5978257],"type":"Point"},"properties":{"osmId":"node/98843414"},"type":"Feature"},{"geometry":{"coordinates":[-1.6502833,52.6147135],"type":"Point"},"properties":{"osmId":"node/99892936"},"type":"Feature"},{"geometry":{"coordinates":[-2.0418514,53.0907965],"type":"Point"},"properties":{"maxspeed":"40 mph","osmId":"node/101100541"},"type":"Feature"},{"geometry":{"coordinates":[-2.2611563,52.5614885],"type":"Point"},"properties":{"osmId":"node/101420045"},"type":"Feature"},{"geometry":{"coordinates":[-3.546288,50.4542833],"type":"Point"},"properties":{"osmId":"node/132740729"},"type":"Feature"},{"geometry":{"coordinates":[-1.4451719,52.8786983],"type":"Point"},"properties":{"osmId":"node/160308636"},"type":"Feature"},{"geometry":{"coordinates":[-1.4778838,50.9203755],"type":"Point"},"properties":{"osmId":"node/160359716"},"type":"Feature"},{"geometry":{"coordinates":[-0.2516456,52.5805236],"type":"Point"},"properties":{"osmId":"node/165045778"},"type":"Feature"},{"geometry":{"coordinates":[-0.0958125,51.5472549],"type":"Point"},"properties":{"maxspeed":"20 mph","osmId":"node/186369758"},"type":"Feature"},{"geometry":{"coordinates":[-0.2097536,51.2684112],"type":"Point"},"properties":{"osmId":"node/191842428"},"type":"Feature"},{"geometry":{"coordinates":[-0.1956628,51.3814567],"type":"Point"},"properties":{"osmId":"node/194007503"},"type":"Feature"},{"geometry":{"coordinates":[-3.5987348,50.429096],"type":"Point"},"properties":{"osmId":"node/199508842"},"type":"Feature"},{"geometry":{"coordinates":[-0.3007617,51.3745182],"type":"Point"},"properties":{"osmId":"node/206094898"},"type":"Feature"},{"geometry":{"coordinates":[-0.2667887,51.3898036],"type":"Point"},"properties":{"osmId":"node/206094899"},"type":"Feature"},{"geometry":{"coordinates":[-1.8140706,50.7422424],"type":"Point"},"properties":{"maxspeed":"30 mph","osmId":"node/206162305"},"type":"Feature"},{"geometry":{"coordinates":[0.2630962,51.4694856],"type":"Point"},"properties":{"maxspeed":"50 mph","osmId":"node/210888203"},"type":"Feature"},{"geometry":{"coordinates":[0.2740206,51.5853969],"type":"Point"},"properties":{"maxspeed":"70 mph","osmId":"node/210971582"},"type":"Feature"},{"geometry":{"coordinates":[-1.3499992,53.0140656],"type":"Point"},"properties":{"osmId":"node/237890624"},"type":"Feature"},{"geometry":{"coordinates":[-1.3467737,53.0158278],"type":"Point"},"properties":{"osmId":"node/237890659"},"type":"Feature"},{"geometry":{"coordinates":[-1.335983,53.0180709],"type":"Point"},"properties":{"maxspeed":"30 mph","osmId":"node/237890691"},"type":"Feature"},{"geometry":{"coordinates":[-0.3698587,51.6721206],"type":"Point"},"properties":{"maxspeed":"70 mph","osmId":"node/241793218"},"type":"Feature"},{"geometry":{"coordinates":[-2.494605,53.639538],"type":"Point"},"properties":{"osmId":"node/243708020"},"type":"Feature"},{"geometry":{"coordinates":[0.2368613,51.4246308],"type":"Point"},"properties":{"osmId":"node/246247125"},"type":"Feature"},{"geometry":{"coordinates":[-2.0142304,52.5075102],"type":"Point"},"properties":{"osmId":"node/247051067"},"type":"Feature"},{"geometry":{"coordinates":[-3.5066693,50.4717889],"type":"Point"},"properties":{"osmId":"node/247670376"},"type":"Feature"},{"geometry":{"coordinates":[-2.1281978,53.2613928],"type":"Point"},"properties":{"osmId":"node/248201629"},"type":"Feature"},{"geometry":{"coordinates":[-0.343882,51.8275553],"type":"Point"},"properties":{"osmId":"node/248418635"},"type":"Feature"},{"geometry":{"coordinates":[-1.5524241,53.4498558],"type":"Point"},"properties":{"maxspeed":"30 mph","osmId":"node/249162158"},"type":"Feature"},{"geometry":{"coordinates":[-0.5527201,53.1949051],"type":"Point"},"properties":{"maxspeed":"30 mph","osmId":"node/249676480"},"type":"Feature"},{"geometry":{"coordinates":[-4.4451753,55.8235616],"type":"Point"},"properties":{"osmId":"node/250352818"},"type":"Feature"},{"geometry":{"coordinates":[0.2985331,51.4510903],"type":"Point"},"properties":{"osmId":"node/250423842"},"type":"Feature"},{"geometry":{"coordinates":[0.4852237,51.4058511],"type":"Point"},"properties":{"osmId":"node/250435765"},"type":"Feature"},{"geometry":{"coordinates":[0.2549704,51.4605118],"type":"Point"},"properties":{"maxspeed":"50 mph","osmId":"node/250712304"},"type":"Feature"},{"geometry":{"coordinates":[0.471936,51.3998281],"type":"Point"},"properties":{"osmId":"node/251488831"},"type":"Feature"},{"geometry":{"coordinates":[-2.7616993,53.7715917],"type":"Point"},"properties":{"osmId":"node/254435579"},"type":"Feature"},{"geometry":{"coordinates":[0.3636237,51.4279501],"type":"Point"},"properties":{"maxspeed":"30 mph","osmId":"node/255555977"},"type":"Feature"},{"geometry":{"coordinates":[0.0274167,51.5962848],"type":"Point"},"properties":{"maxspeed":"50 mph","osmId":"node/256248047"},"type":"Feature"},{"geometry":{"coordinates":[-1.9694603,52.4191344],"type":"Point"},"properties":{"maxspeed":"30 mph","osmId":"node/257261577"},"type":"Feature"},{"geometry":{"coordinates":[-1.4614924,52.9039294],"type":"Point"},"properties":{"maxspeed":"30 mph","osmId":"node/259864118"},"type":"Feature"},{"geometry":{"coordinates":[-0.3561899,51.8383823],"type":"Point"},"properties":{"maxspeed":"40 mph","osmId":"node/260294428"},"type":"Feature"},{"geometry":{"coordinates":[-0.3549612,51.8371675],"type":"Point"},"properties":{"maxspeed":"40 mph","osmId":"node/260294433"},"type":"Feature"},{"geometry":{"coordinates":[-1.146402,51.2891172],"type":"Point"},"properties":{"osmId":"node/262065945"},"type":"Feature"},{"geometry":{"coordinates":[-0.1071411,51.4871852],"type":"Point"},"properties":{"osmId":"node/264803287"},"type":"Feature"},{"geometry":{"coordinates":[-0.0162106,51.4873717],"type":"Point"},"properties":{"maxspeed":"20 mph","osmId":"node/266385250"},"type":"Feature"},{"geometry":{"coordinates":[-4.0475056,50.3523709],"type":"Point"},"properties":{"osmId":"node/267886438"},"type":"Feature"},{"geometry":{"coordinates":[-0.7327314,51.5294195],"type":"Point"},"properties":{"osmId":"node/268148175"},"type":"Feature"},{"geometry":{"coordinates":[-0.7323318,51.5290924],"type":"Point"},"properties":{"osmId":"node/268148176"},"type":"Feature"},{"geometry":{"coordinates":[0.4789414,51.5561918],"type":"Point"},"properties":{"maxspeed":"30 mph","osmId":"node/269537141"},"type":"Feature"},{"geometry":{"coordinates":[-1.1524305,51.380285],"type":"Point"},"properties":{"osmId":"node/269753571"},"type":"Feature"},{"geometry":{"coordinates":[-1.1524901,51.3829418],"type":"Point"},"properties":{"osmId":"node/269753582"},"type":"Feature"},{"geometry":{"coordinates":[-1.3082897,51.3992134],"type":"Point"},"properties":{"maxspeed":"30 mph","osmId":"node/270332872"},"type":"Feature"},{"geometry":{"coordinates":[-1.3118273,51.3994843],"type":"Point"},"properties":{"maxspeed":"30 mph","osmId":"node/270332877"},"type":"Feature"},{"geometry":{"coordinates":[-1.277149,51.4014637],"type":"Point"},"properties":{"maxspeed":"30 mph","osmId":"node/270341699"},"type":"Feature"},{"geometry":{"coordinates":[-2.0614633,52.541132],"type":"Point"},"properties":{"osmId":"node/270826028"},"type":"Feature"},{"geometry":{"coordinates":[-1.1794426,51.3977352],"type":"Point"},"properties":{"maxspeed":"30 mph","osmId":"node/270839451"},"type":"Feature"},{"geometry":{"coordinates":[-1.1751542,51.3970287],"type":"Point"},"properties":{"maxspeed":"30 mph","osmId":"node/270839540"},"type":"Feature"},{"geometry":{"coordinates":[-1.2545377,51.7409541],"type":"Point"},"properties":{"osmId":"node/273169074"},"type":"Feature"},{"geometry":{"coordinates":[-1.602484,52.4348124],"type":"Point"},"properties":{"osmId":"node/275732420"},"type":"Feature"},{"geometry":{"coordinates":[-1.6386446,52.4418903],"type":"Point"},"properties":{"osmId":"node/275732461"},"type":"Feature"},{"geometry":{"coordinates":[-1.6659545,52.4442493],"type":"Point"},"properties":{"osmId":"node/275732487"},"type":"Feature"},{"geometry":{"coordinates":[-0.11703,51.5406246],"type":"Point"},"properties":{"osmId":"node/276369810"},"type":"Feature"},{"geometry":{"coordinates":[-3.5611339,50.4148185],"type":"Point"},"properties":{"osmId":"node/280308721"},"type":"Feature"},{"geometry":{"coordinates":[-0.9098499,51.5324379],"type":"Point"},"properties":{"osmId":"node/286543997"},"type":"Feature"},{"geometry":{"coordinates":[-1.0029557,51.4612547],"type":"Point"},"properties":{"maxspeed":"30 mph","osmId":"node/286738839"},"type":"Feature"},{"geometry":{"coordinates":[-2.2068306,53.4971655],"type":"Point"},"properties":{"osmId":"node/286807881"},"type":"Feature"},{"geometry":{"coordinates":[-2.1654108,53.507441],"type":"Point"},"properties":{"osmId":"node/286950743"},"type":"Feature"},{"geometry":{"coordinates":[-2.0981738,53.5440996],"type":"Point"},"properties":{"osmId":"node/286966430"},"type":"Feature"},{"geometry":{"coordinates":[-2.1649193,53.5075385],"type":"Point"},"properties":{"osmId":"node/287028214"},"type":"Feature"},{"geometry":{"coordinates":[-3.0667013,51.0175593],"type":"Point"},"properties":{"osmId":"node/292644878"},"type":"Feature"},{"geometry":{"coordinates":[-1.9222031,50.7695191],"type":"Point"},"properties":{"osmId":"node/293290090"},"type":"Feature"},{"geometry":{"coordinates":[-1.4701462,52.9131465],"type":"Point"},"properties":{"maxspeed":"30 mph","osmId":"node/294945850"},"type":"Feature"},{"geometry":{"coordinates":[-0.1064783,51.4878594],"type":"Point"},"properties":{"osmId":"node/295709723"},"type":"Feature"},{"geometry":{"coordinates":[-2.2856185,53.1064591],"type":"Point"},"properties":{"osmId":"node/297035924"},"type":"Feature"},{"geometry":{"coordinates":[-3.205829,53.2883069],"type":"Point"},"properties":{"osmId":"node/298491240"},"type":"Feature"},{"geometry":{"coordinates":[-3.2461655,53.3058402],"type":"Point"},"properties":{"maxspeed":"40 mph","osmId":"node/298496242"},"type":"Feature"},{"geometry":{"coordinates":[-0.3859388,51.6244714],"type":"Point"},"properties":{"maxspeed":"30 mph","osmId":"node/300829512"},"type":"Feature"},{"geometry":{"coordinates":[-3.1111645,51.0132989],"type":"Point"},"properties":{"maxspeed":"30 mph","osmId":"node/300917602"},"type":"Feature"},{"geometry":{"coordinates":[-0.3859045,51.6216112],"type":"Point"},"properties":{"maxspeed":"30 mph","osmId":"node/301120615"},"type":"Feature"},{"geometry":{"coordinates":[-0.3866408,51.6234026],"type":"Point"},"properties":{"maxspeed":"30 mph","osmId":"node/301120623"},"type":"Feature"},{"geometry":{"coordinates":[-1.7753926,53.7746592],"type":"Point"},"properties":{"osmId":"node/301280597"},"type":"Feature"},{"geometry":{"coordinates":[-1.7761208,53.7872445],"type":"Point"},"properties":{"osmId":"node/301608585"},"type":"Feature"},{"geometry":{"coordinates":[-1.7799941,53.7893783],"type":"Point"},"properties":{"osmId":"node/301608588"},"type":"Feature"},{"geometry":{"coordinates":[-0.3871746,51.645443],"type":"Point"},"properties":{"osmId":"node/301729012"},"type":"Feature"},{"geometry":{"coordinates":[-0.3897667,51.6448572],"type":"Point"},"properties":{"osmId":"node/301729017"},"type":"Feature"},{"geometry":{"coordinates":[-0.9647135,51.4808149],"type":"Point"},"properties":{"osmId":"node/302405717"},"type":"Feature"},{"geometry":{"coordinates":[-0.2543744,51.5428103],"type":"Point"},"properties":{"osmId":"node/304464869"},"type":"Feature"},{"geometry":{"coordinates":[-3.5401642,50.4613999],"type":"Point"},"properties":{"osmId":"node/305005279"},"type":"Feature"},{"geometry":{"coordinates":[-0.2810344,51.5494347],"type":"Point"},"properties":{"osmId":"node/305410622"},"type":"Feature"},{"geometry":{"coordinates":[-1.212091,53.1397703],"type":"Point"},"properties":{"maxspeed":"30 mph","osmId":"node/305528891"},"type":"Feature"},{"geometry":{"coordinates":[-1.4328609,52.894341],"type":"Point"},"properties":{"osmId":"node/305920159"},"type":"Feature"},{"geometry":{"coordinates":[-1.4374655,52.8933186],"type":"Point"},"properties":{"osmId":"node/305920160"},"type":"Feature"},{"geometry":{"coordinates":[-1.4415405,52.8925434],"type":"Point"},"properties":{"osmId":"node/305920161"},"type":"Feature"},{"geometry":{"coordinates":[-1.4652642,52.8958034],"type":"Point"},"properties":{"osmId":"node/305920163"},"type":"Feature"},{"geometry":{"coordinates":[-1.4490447,52.8918267],"type":"Point"},"properties":{"osmId":"node/305920164"},"type":"Feature"},{"geometry":{"coordinates":[-2.2117681,53.468152],"type":"Point"},"properties":{"maxspeed":"30 mph","osmId":"node/307462875"},"type":"Feature"},{"geometry":{"coordinates":[-2.2254646,53.3885537],"type":"Point"},"properties":{"osmId":"node/307745748"},"type":"Feature"},{"geometry":{"coordinates":[-2.2264843,53.3915678],"type":"Point"},"properties":{"osmId":"node/307745750"},"type":"Feature"},{"geometry":{"coordinates":[-2.2196277,53.410593],"type":"Point"},"properties":{"osmId":"node/307746618"},"type":"Feature"},{"geometry":{"coordinates":[-2.2095148,53.4294063],"type":"Point"},"properties":{"osmId":"node/307748586"},"type":"Feature"},{"geometry":{"coordinates":[-2.209179,53.4301368],"type":"Point"},"properties":{"osmId":"node/307748587"},"type":"Feature"},{"geometry":{"coordinates":[-2.2331361,53.4816226],"type":"Point"},"properties":{"osmId":"node/307750258"},"type":"Feature"},{"geometry":{"coordinates":[-1.199725,53.1448898],"type":"Point"},"properties":{"osmId":"node/307882225"},"type":"Feature"},{"geometry":{"coordinates":[-2.1615936,52.4811378],"type":"Point"},"properties":{"osmId":"node/308854551","role":"traffic_signals"},"type":"Feature"},{"geometry":{"coordinates":[-1.7577612,53.8368836],"type":"Point"},"properties":{"osmId":"node/309734421"},"type":"Feature"},{"geometry":{"coordinates":[-1.7610376,53.836027],"type":"Point"},"properties":{"osmId":"node/309734426"},"type":"Feature"},{"geometry":{"coordinates":[-1.4643978,52.9079724],"type":"Point"},"properties":{"maxspeed":"30 mph","osmId":"node/310704388"},"type":"Feature"},{"geometry":{"coordinates":[-1.4636923,53.3961016],"type":"Point"},"properties":{"osmId":"node/310717783"},"type":"Feature"},{"geometry":{"coordinates":[-1.4638365,53.3964128],"type":"Point"},"properties":{"osmId":"node/310717784"},"type":"Feature"},{"geometry":{"coordinates":[-1.7705987,53.8342612],"type":"Point"},"properties":{"osmId":"node/310741383"},"type":"Feature"},{"geometry":{"coordinates":[0.5024145,51.2689635],"type":"Point"},"properties":{"osmId":"node/311379425"},"type":"Feature"},{"geometry":{"coordinates":[0.4791745,51.5561914],"type":"Point"},"properties":{"maxspeed":"30 mph","osmId":"node/313061467"},"type":"Feature"},{"geometry":{"coordinates":[-0.5060901,50.9619251],"type":"Point"},"properties":{"osmId":"node/313891865"},"type":"Feature"},{"geometry":{"coordinates":[-0.5034903,50.9573668],"type":"Point"},"properties":{"osmId":"node/313891867"},"type":"Feature"},{"geometry":{"coordinates":[-1.4637184,53.4545994],"type":"Point"},"properties":{"maxspeed":"30 mph","osmId":"node/314037901"},"type":"Feature"},{"geometry":{"coordinates":[-1.3837744,53.0475767],"type":"Point"},"properties":{"maxspeed":"30 mph","osmId":"node/314078533"},"type":"Feature"},{"geometry":{"coordinates":[-1.3711855,53.0388098],"type":"Point"},"properties":{"osmId":"node/314078653"},"type":"Feature"},{"geometry":{"coordinates":[-3.0053965,53.0518526],"type":"Point"},"properties":{"osmId":"node/314246427"},"type":"Feature"},{"geometry":{"coordinates":[-0.3818332,51.6417259],"type":"Point"},"properties":{"osmId":"node/316681799"},"type":"Feature"},{"geometry":{"coordinates":[0.6701971,51.2399153],"type":"Point"},"properties":{"osmId":"node/317491473"},"type":"Feature"},{"geometry":{"coordinates":[-4.3916058,55.8001831],"type":"Point"},"properties":{"maxspeed":"30 mph","osmId":"node/317832239"},"type":"Feature"},{"geometry":{"coordinates":[-2.8319221,51.2920077],"type":"Point"},"properties":{"osmId":"node/318355225"},"type":"Feature"},{"geometry":{"coordinates":[-2.1276101,53.2707652],"type":"Point"},"properties":{"osmId":"node/318808655"},"type":"Feature"},{"geometry":{"coordinates":[-4.0440847,50.3905131],"type":"Point"},"properties":{"osmId":"node/320078894"},"type":"Feature"},{"geometry":{"coordinates":[-4.0664778,50.3898693],"type":"Point"},"properties":{"osmId":"node/320079577"},"type":"Feature"},{"geometry":{"coordinates":[-2.2110433,53.37287],"type":"Point"},"properties":{"maxspeed":"50 mph","osmId":"node/321605458"},"type":"Feature"},{"geometry":{"coordinates":[-1.366267,53.0110911],"type":"Point"},"properties":{"osmId":"node/321908837"},"type":"Feature"},{"geometry":{"coordinates":[-1.4121774,53.3788697],"type":"Point"},"properties":{"osmId":"node/322884183"},"type":"Feature"},{"geometry":{"coordinates":[-3.9761828,51.7954545],"type":"Point"},"properties":{"osmId":"node/322991711"},"type":"Feature"},{"geometry":{"coordinates":[-2.1287798,52.8251978],"type":"Point"},"properties":{"maxspeed":"30 mph","osmId":"node/331812086"},"type":"Feature"},{"geometry":{"coordinates":[-2.1339091,52.8554821],"type":"Point"},"properties":{"maxspeed":"60 mph","osmId":"node/331815702"},"type":"Feature"},{"geometry":{"coordinates":[-2.1880422,52.9395271],"type":"Point"},"properties":{"osmId":"node/331815705"},"type":"Feature"},{"geometry":{"coordinates":[-2.1948963,52.9626069],"type":"Point"},"properties":{"osmId":"node/331815937"},"type":"Feature"},{"geometry":{"coordinates":[-2.2013038,53.020401],"type":"Point"},"properties":{"osmId":"node/331817619"},"type":"Feature"},{"geometry":{"coordinates":[-2.2006329,53.0207419],"type":"Point"},"properties":{"maxspeed":"40 mph","osmId":"node/331817930"},"type":"Feature"},{"geometry":{"coordinates":[-1.4307771,52.9062413],"type":"Point"},"properties":{"osmId":"node/338052260"},"type":"Feature"},{"geometry":{"coordinates":[-1.8435616,52.4532845],"type":"Point"},"properties":{"osmId":"node/338340253"},"type":"Feature"},{"geometry":{"coordinates":[-1.8683831,52.4676796],"type":"Point"},"properties":{"osmId":"node/338342074"},"type":"Feature"},{"geometry":{"coordinates":[-1.7465509,52.4458576],"type":"Point"},"properties":{"osmId":"node/338344147"},"type":"Feature"},{"geometry":{"coordinates":[-1.9596113,53.2832998],"type":"Point"},"properties":{"maxspeed":"50 mph","osmId":"node/339530952","role":"average"},"type":"Feature"},{"geometry":{"coordinates":[-1.8937963,52.465371],"type":"Point"},"properties":{"osmId":"node/340300531","role":"average"},"type":"Feature"},{"geometry":{"coordinates":[-1.0540296,52.0723412],"type":"Point"},"properties":{"osmId":"node/343536859"},"type":"Feature"},{"geometry":{"coordinates":[-2.8163673,54.9044227],"type":"Point"},"properties":{"osmId":"node/344483492"},"type":"Feature"},{"geometry":{"coordinates":[-1.6922353,52.4458406],"type":"Point"},"properties":{"osmId":"node/344773373"},"type":"Feature"},{"geometry":{"coordinates":[-1.7240326,52.4445487],"type":"Point"},"properties":{"osmId":"node/344773376"},"type":"Feature"},{"geometry":{"coordinates":[-1.7596625,52.4503071],"type":"Point"},"properties":{"osmId":"node/344777168"},"type":"Feature"},{"geometry":{"coordinates":[-1.7764914,52.4512025],"type":"Point"},"properties":{"osmId":"node/344777174"},"type":"Feature"},{"geometry":{"coordinates":[-0.1139498,51.5608122],"type":"Point"},"properties":{"osmId":"node/344786621"},"type":"Feature"},{"geometry":{"coordinates":[1.2839662,52.6161859],"type":"Point"},"properties":{"osmId":"node/345554729"},"type":"Feature"},{"geometry":{"coordinates":[1.2850524,52.6316197],"type":"Point"},"properties":{"osmId":"node/345554747"},"type":"Feature"},{"geometry":{"coordinates":[-0.1232351,51.4886309],"type":"Point"},"properties":{"osmId":"node/345868866"},"type":"Feature"},{"geometry":{"coordinates":[1.2989714,52.6211731],"type":"Point"},"properties":{"osmId":"node/346161469"},"type":"Feature"},{"geometry":{"coordinates":[0.5155856,51.3822053],"type":"Point"},"properties":{"osmId":"node/346294800"},"type":"Feature"},{"geometry":{"coordinates":[0.5265338,51.3802929],"type":"Point"},"properties":{"osmId":"node/346303152"},"type":"Feature"},{"geometry":{"coordinates":[0.600816,51.3655507],"type":"Point"},"properties":{"osmId":"node/346325541"},"type":"Feature"},{"geometry":{"coordinates":[0.5967742,51.3506713],"type":"Point"},"properties":{"osmId":"node/347341590"},"type":"Feature"},{"geometry":{"coordinates":[0.596455,51.3505116],"type":"Point"},"properties":{"osmId":"node/347341591"},"type":"Feature"},{"geometry":{"coordinates":[0.6162291,51.3618777],"type":"Point"},"properties":{"osmId":"node/347357516"},"type":"Feature"},{"geometry":{"coordinates":[0.5418534,51.3760763],"type":"Point"},"properties":{"osmId":"node/347409218"},"type":"Feature"},{"geometry":{"coordinates":[-2.4715084,54.9659171],"type":"Point"},"properties":{"osmId":"node/349294155"},"type":"Feature"},{"geometry":{"coordinates":[-1.2041999,51.748926],"type":"Point"},"properties":{"osmId":"node/350467857"},"type":"Feature"},{"geometry":{"coordinates":[-1.3491068,51.8452072],"type":"Point"},"properties":{"osmId":"node/354661893"},"type":"Feature"},{"geometry":{"coordinates":[-1.3617715,51.8563083],"type":"Point"},"properties":{"osmId":"node/354662905"},"type":"Feature"},{"geometry":{"coordinates":[-1.4552682,51.9180323],"type":"Point"},"properties":{"osmId":"node/354663518"},"type":"Feature"},{"geometry":{"coordinates":[-1.6555222,52.2339802],"type":"Point"},"properties":{"osmId":"node/355254443"},"type":"Feature"},{"geometry":{"coordinates":[-1.1517863,52.6051577],"type":"Point"},"properties":{"osmId":"node/357542828"},"type":"Feature"},{"geometry":{"coordinates":[-4.2582302,55.8882471],"type":"Point"},"properties":{"maxspeed":"30 mph","osmId":"node/357575381"},"type":"Feature"},{"geometry":{"coordinates":[-1.8285759,52.4994475],"type":"Point"},"properties":{"osmId":"node/358336556"},"type":"Feature"},{"geometry":{"coordinates":[-1.8229263,52.4969362],"type":"Point"},"properties":{"osmId":"node/358337201"},"type":"Feature"},{"geometry":{"coordinates":[-1.7973349,52.4178598],"type":"Point"},"properties":{"osmId":"node/359045281"},"type":"Feature"},{"geometry":{"coordinates":[-1.8032645,52.4203265],"type":"Point"},"properties":{"osmId":"node/359045284"},"type":"Feature"},{"geometry":{"coordinates":[-1.0770011,50.8264849],"type":"Point"},"properties":{"osmId":"node/360626145"},"type":"Feature"},{"geometry":{"coordinates":[-1.2072139,50.8613714],"type":"Point"},"properties":{"maxspeed":"30 mph","osmId":"node/360845556"},"type":"Feature"},{"geometry":{"coordinates":[1.112618,49.9042732],"type":"Point"},"properties":{"maxspeed":"70","osmId":"node/365600036"},"type":"Feature"},{"geometry":{"coordinates":[-0.821528,53.3768743],"type":"Point"},"properties":{"maxspeed":"50 mph","osmId":"node/367564892"},"type":"Feature"},{"geometry":{"coordinates":[-1.1823984,51.7628497],"type":"Point"},"properties":{"osmId":"node/367672540"},"type":"Feature"},{"geometry":{"coordinates":[0.8990745,51.8865575],"type":"Point"},"properties":{"osmId":"node/367675271"},"type":"Feature"},{"geometry":{"coordinates":[-1.9894711,52.5216936],"type":"Point"},"properties":{"osmId":"node/370032798"},"type":"Feature"},{"geometry":{"coordinates":[-1.1292251,51.6831255],"type":"Point"},"properties":{"maxspeed":"30 mph","osmId":"node/370360283"},"type":"Feature"},{"geometry":{"coordinates":[-0.1033982,51.5367025],"type":"Point"},"properties":{"maxspeed":"20 mph","osmId":"node/371068081"},"type":"Feature"},{"geometry":{"coordinates":[-2.7132588,53.085648],"type":"Point"},"properties":{"osmId":"node/372795483"},"type":"Feature"},{"geometry":{"coordinates":[-0.7331446,51.5298761],"type":"Point"},"properties":{"osmId":"node/373494832"},"type":"Feature"},{"geometry":{"coordinates":[-1.3467546,51.8339418],"type":"Point"},"properties":{"maxspeed":"30 mph","osmId":"node/373524523"},"type":"Feature"},{"geometry":{"coordinates":[-1.3874233,51.8247045],"type":"Point"},"properties":{"maxspeed":"30 mph","osmId":"node/373533045"},"type":"Feature"},{"geometry":{"coordinates":[-1.2832782,51.7527001],"type":"Point"},"properties":{"osmId":"node/374644837"},"type":"Feature"},{"geometry":{"coordinates":[0.7561089,51.8771434],"type":"Point"},"properties":{"osmId":"node/375953358"},"type":"Feature"},{"geometry":{"coordinates":[-3.180312,51.5917235],"type":"Point"},"properties":{"maxspeed":"30 mph","osmId":"node/378100844"},"type":"Feature"},{"geometry":{"coordinates":[-1.3249494,51.3919638],"type":"Point"},"properties":{"maxspeed":"30 mph","osmId":"node/381513340"},"type":"Feature"},{"geometry":{"coordinates":[-0.2232712,51.5787913],"type":"Point"},"properties":{"osmId":"node/381948201"},"type":"Feature"},{"geometry":{"coordinates":[-1.8729452,52.4605315],"type":"Point"},"properties":{"osmId":"node/385891325"},"type":"Feature"},{"geometry":{"coordinates":[-1.0233903,51.510529],"type":"Point"},"properties":{"osmId":"node/389453636"},"type":"Feature"},{"geometry":{"coordinates":[-1.3620277,53.3082839],"type":"Point"},"properties":{"osmId":"node/390434695"},"type":"Feature"},{"geometry":{"coordinates":[-2.024091,52.4624378],"type":"Point"},"properties":{"osmId":"node/390466170"},"type":"Feature"},{"geometry":{"coordinates":[-1.3943721,53.3068571],"type":"Point"},"properties":{"osmId":"node/390490287"},"type":"Feature"},{"geometry":{"coordinates":[-1.3906805,53.3080719],"type":"Point"},"properties":{"osmId":"node/390490288"},"type":"Feature"},{"geometry":{"coordinates":[-1.3769055,53.3057249],"type":"Point"},"properties":{"osmId":"node/390506895"},"type":"Feature"},{"geometry":{"coordinates":[-1.3688678,53.3058694],"type":"Point"},"properties":{"osmId":"node/393536174"},"type":"Feature"},{"geometry":{"coordinates":[-1.9117197,52.4494573],"type":"Point"},"properties":{"osmId":"node/409026010"},"type":"Feature"},{"geometry":{"coordinates":[-2.1365458,52.8507217],"type":"Point"},"properties":{"osmId":"node/409458042"},"type":"Feature"},{"geometry":{"coordinates":[-2.1371042,52.8430636],"type":"Point"},"properties":{"osmId":"node/409458043"},"type":"Feature"},{"geometry":{"coordinates":[0.2800767,51.134151],"type":"Point"},"properties":{"maxspeed":"30 mph","osmId":"node/416103183"},"type":"Feature"},{"geometry":{"coordinates":[-2.9954888,53.4834602],"type":"Point"},"properties":{"osmId":"node/416931446"},"type":"Feature"},{"geometry":{"coordinates":[-2.9954578,53.4833584],"type":"Point"},"properties":{"osmId":"node/416931449"},"type":"Feature"},{"geometry":{"coordinates":[0.2615414,51.1474962],"type":"Point"},"properties":{"maxspeed":"30 mph","osmId":"node/416945616"},"type":"Feature"},{"geometry":{"coordinates":[0.2544317,51.163032],"type":"Point"},"properties":{"maxspeed":"30 mph","osmId":"node/416945625"},"type":"Feature"},{"geometry":{"coordinates":[-0.244138,51.3500679],"type":"Point"},"properties":{"osmId":"node/417137263"},"type":"Feature"},{"geometry":{"coordinates":[0.2472719,51.1214644],"type":"Point"},"properties":{"osmId":"node/420406513"},"type":"Feature"},{"geometry":{"coordinates":[0.2592795,51.1173339],"type":"Point"},"properties":{"osmId":"node/420406514"},"type":"Feature"},{"geometry":{"coordinates":[0.0995559,51.4530144],"type":"Point"},"properties":{"osmId":"node/421958189"},"type":"Feature"},{"geometry":{"coordinates":[0.0984291,51.4534155],"type":"Point"},"properties":{"osmId":"node/421958194"},"type":"Feature"},{"geometry":{"coordinates":[0.0883169,51.4557691],"type":"Point"},"properties":{"osmId":"node/421958197"},"type":"Feature"},{"geometry":{"coordinates":[0.0728014,51.4580784],"type":"Point"},"properties":{"osmId":"node/421958200"},"type":"Feature"},{"geometry":{"coordinates":[-0.0087411,51.5152396],"type":"Point"},"properties":{"osmId":"node/421965982"},"type":"Feature"},{"geometry":{"coordinates":[-0.0105351,51.5207566],"type":"Point"},"properties":{"osmId":"node/421965984"},"type":"Feature"},{"geometry":{"coordinates":[-0.010424,51.5211873],"type":"Point"},"properties":{"osmId":"node/421965985"},"type":"Feature"},{"geometry":{"coordinates":[0.0043048,51.4951905],"type":"Point"},"properties":{"osmId":"node/421968028"},"type":"Feature"},{"geometry":{"coordinates":[0.0258932,51.4727992],"type":"Point"},"properties":{"osmId":"node/421968205"},"type":"Feature"},{"geometry":{"coordinates":[0.023474,51.4766111],"type":"Point"},"properties":{"osmId":"node/421968208"},"type":"Feature"},{"geometry":{"coordinates":[0.1579409,51.4456771],"type":"Point"},"properties":{"osmId":"node/421968747"},"type":"Feature"},{"geometry":{"coordinates":[0.1472483,51.4484453],"type":"Point"},"properties":{"osmId":"node/421968752"},"type":"Feature"},{"geometry":{"coordinates":[0.1296186,51.4482776],"type":"Point"},"properties":{"osmId":"node/421968756"},"type":"Feature"},{"geometry":{"coordinates":[0.1203098,51.4493223],"type":"Point"},"properties":{"osmId":"node/421968759"},"type":"Feature"},{"geometry":{"coordinates":[-2.0306699,53.4954053],"type":"Point"},"properties":{"osmId":"node/422753431"},"type":"Feature"},{"geometry":{"coordinates":[-2.9805339,53.0508362],"type":"Point"},"properties":{"osmId":"node/428919761"},"type":"Feature"},{"geometry":{"coordinates":[-2.7585613,53.3601132],"type":"Point"},"properties":{"maxspeed":"70 mph","osmId":"node/429709807"},"type":"Feature"},{"geometry":{"coordinates":[-2.0400853,53.110417],"type":"Point"},"properties":{"osmId":"node/429946310"},"type":"Feature"},{"geometry":{"coordinates":[-2.0336794,53.1092872],"type":"Point"},"properties":{"osmId":"node/429954205"},"type":"Feature"},{"geometry":{"coordinates":[-2.0303324,53.1074485],"type":"Point"},"properties":{"osmId":"node/429954206"},"type":"Feature"},{"geometry":{"coordinates":[-2.0330355,53.1089429],"type":"Point"},"properties":{"osmId":"node/429954207"},"type":"Feature"},{"geometry":{"coordinates":[-0.2460954,51.4898238],"type":"Point"},"properties":{"osmId":"node/431129983"},"type":"Feature"},{"geometry":{"coordinates":[-2.1493125,52.9727517],"type":"Point"},"properties":{"osmId":"node/434446916"},"type":"Feature"},{"geometry":{"coordinates":[-3.0263699,53.1964217],"type":"Point"},"properties":{"maxspeed":"20 mph","osmId":"node/437458850"},"type":"Feature"},{"geometry":{"coordinates":[-2.0110395,53.1030905],"type":"Point"},"properties":{"maxspeed":"30 mph","osmId":"node/440344447"},"type":"Feature"},{"geometry":{"coordinates":[-2.0089539,53.1012679],"type":"Point"},"properties":{"maxspeed":"30 mph","osmId":"node/441945161"},"type":"Feature"},{"geometry":{"coordinates":[-0.1167213,51.5102333],"type":"Point"},"properties":{"osmId":"node/441984191"},"type":"Feature"},{"geometry":{"coordinates":[-0.1252851,51.4923401],"type":"Point"},"properties":{"maxspeed":"20 mph","osmId":"node/443424318"},"type":"Feature"},{"geometry":{"coordinates":[-2.0389171,53.0957811],"type":"Point"},"properties":{"maxspeed":"30 mph","osmId":"node/443727567"},"type":"Feature"},{"geometry":{"coordinates":[0.2426373,51.442652],"type":"Point"},"properties":{"osmId":"node/448036227"},"type":"Feature"},{"geometry":{"coordinates":[-1.8049959,52.4609509],"type":"Point"},"properties":{"osmId":"node/448635606"},"type":"Feature"},{"geometry":{"coordinates":[0.2529431,51.4440107],"type":"Point"},"properties":{"osmId":"node/449088027"},"type":"Feature"},{"geometry":{"coordinates":[0.2092607,51.4534285],"type":"Point"},"properties":{"osmId":"node/449091948"},"type":"Feature"},{"geometry":{"coordinates":[-2.0383937,52.5069388],"type":"Point"},"properties":{"osmId":"node/455045686"},"type":"Feature"},{"geometry":{"coordinates":[-0.4842423,52.0985761],"type":"Point"},"properties":{"osmId":"node/456215094"},"type":"Feature"},{"geometry":{"coordinates":[1.0690521,51.0740489],"type":"Point"},"properties":{"osmId":"node/461694732"},"type":"Feature"},{"geometry":{"coordinates":[-3.2154359,54.109176],"type":"Point"},"properties":{"osmId":"node/462218578"},"type":"Feature"},{"geometry":{"coordinates":[-1.7646934,52.4515827],"type":"Point"},"properties":{"osmId":"node/462705693"},"type":"Feature"},{"geometry":{"coordinates":[0.5060934,51.4048439],"type":"Point"},"properties":{"maxspeed":"30 mph","osmId":"node/463174908"},"type":"Feature"},{"geometry":{"coordinates":[-1.7949212,52.45551],"type":"Point"},"properties":{"osmId":"node/463175333"},"type":"Feature"},{"geometry":{"coordinates":[-0.7179638,51.5116507],"type":"Point"},"properties":{"maxspeed":"40 mph","osmId":"node/463750883"},"type":"Feature"},{"geometry":{"coordinates":[0.2630296,51.2059223],"type":"Point"},"properties":{"osmId":"node/464752022"},"type":"Feature"},{"geometry":{"coordinates":[0.4550389,51.7313078],"type":"Point"},"properties":{"maxspeed":"30 mph","osmId":"node/465274026"},"type":"Feature"},{"geometry":{"coordinates":[-2.0693605,52.4991503],"type":"Point"},"properties":{"osmId":"node/467010827"},"type":"Feature"},{"geometry":{"coordinates":[-0.2680884,51.3650287],"type":"Point"},"properties":{"osmId":"node/469422515"},"type":"Feature"},{"geometry":{"coordinates":[-0.0982912,51.5690127],"type":"Point"},"properties":{"osmId":"node/469456544"},"type":"Feature"},{"geometry":{"coordinates":[1.1637411,51.1184254],"type":"Point"},"properties":{"osmId":"node/472283420"},"type":"Feature"},{"geometry":{"coordinates":[1.1288473,51.0718461],"type":"Point"},"properties":{"maxspeed":"30 mph","osmId":"node/472284345"},"type":"Feature"},{"geometry":{"coordinates":[1.1031425,51.0717721],"type":"Point"},"properties":{"osmId":"node/472284349"},"type":"Feature"},{"geometry":{"coordinates":[-3.2496911,55.9607104],"type":"Point"},"properties":{"osmId":"node/472316873"},"type":"Feature"},{"geometry":{"coordinates":[-1.6509389,52.6195853],"type":"Point"},"properties":{"osmId":"node/472703580"},"type":"Feature"},{"geometry":{"coordinates":[0.5557811,51.2594902],"type":"Point"},"properties":{"osmId":"node/473022135"},"type":"Feature"},{"geometry":{"coordinates":[-2.0496233,52.5112895],"type":"Point"},"properties":{"osmId":"node/473444451"},"type":"Feature"},{"geometry":{"coordinates":[-2.047302,52.5106145],"type":"Point"},"properties":{"osmId":"node/473469250"},"type":"Feature"},{"geometry":{"coordinates":[-1.7236102,52.6192545],"type":"Point"},"properties":{"osmId":"node/476466981"},"type":"Feature"},{"geometry":{"coordinates":[-1.717745,52.6181834],"type":"Point"},"properties":{"osmId":"node/476466984"},"type":"Feature"},{"geometry":{"coordinates":[-1.7139512,52.6174678],"type":"Point"},"properties":{"osmId":"node/476466987"},"type":"Feature"},{"geometry":{"coordinates":[-1.7026998,52.615366],"type":"Point"},"properties":{"osmId":"node/476466989"},"type":"Feature"},{"geometry":{"coordinates":[-1.6786962,52.6108362],"type":"Point"},"properties":{"osmId":"node/476466992"},"type":"Feature"},{"geometry":{"coordinates":[-1.676373,52.6103616],"type":"Point"},"properties":{"osmId":"node/476466994"},"type":"Feature"},{"geometry":{"coordinates":[-1.6694802,52.6090527],"type":"Point"},"properties":{"osmId":"node/476466996"},"type":"Feature"},{"geometry":{"coordinates":[-1.6600181,52.6072999],"type":"Point"},"properties":{"osmId":"node/476466998"},"type":"Feature"},{"geometry":{"coordinates":[-0.070296,51.538169],"type":"Point"},"properties":{"osmId":"node/477286838"},"type":"Feature"},{"geometry":{"coordinates":[-0.1115444,51.5256679],"type":"Point"},"properties":{"osmId":"node/479019415"},"type":"Feature"},{"geometry":{"coordinates":[-1.8887553,52.5893453],"type":"Point"},"properties":{"osmId":"node/479160994"},"type":"Feature"},{"geometry":{"coordinates":[-1.8890495,52.5901471],"type":"Point"},"properties":{"osmId":"node/479160995"},"type":"Feature"},{"geometry":{"coordinates":[-1.8915356,52.5968223],"type":"Point"},"properties":{"osmId":"node/479160996"},"type":"Feature"},{"geometry":{"coordinates":[-2.5485948,53.7697282],"type":"Point"},"properties":{"osmId":"node/479283807"},"type":"Feature"},{"geometry":{"coordinates":[-0.0949959,51.5291314],"type":"Point"},"properties":{"osmId":"node/479575805"},"type":"Feature"},{"geometry":{"coordinates":[-2.3264056,53.6896921],"type":"Point"},"properties":{"osmId":"node/481608316"},"type":"Feature"},{"geometry":{"coordinates":[-1.2382695,52.0925658],"type":"Point"},"properties":{"osmId":"node/482259150"},"type":"Feature"},{"geometry":{"coordinates":[-1.6824639,52.6293678],"type":"Point"},"properties":{"maxspeed":"30 mph","osmId":"node/482596683"},"type":"Feature"},{"geometry":{"coordinates":[-1.6728816,52.6277354],"type":"Point"},"properties":{"osmId":"node/482596687"},"type":"Feature"},{"geometry":{"coordinates":[-1.6717676,52.6276737],"type":"Point"},"properties":{"osmId":"node/482596690"},"type":"Feature"},{"geometry":{"coordinates":[-1.3580774,52.067719],"type":"Point"},"properties":{"maxspeed":"30 mph","osmId":"node/487742605"},"type":"Feature"},{"geometry":{"coordinates":[-0.9907899,51.7479964],"type":"Point"},"properties":{"osmId":"node/491487599"},"type":"Feature"},{"geometry":{"coordinates":[-1.991218,52.4645258],"type":"Point"},"properties":{"osmId":"node/493163394"},"type":"Feature"},{"geometry":{"coordinates":[-1.5663138,50.962974],"type":"Point"},"properties":{"maxspeed":"40 mph","osmId":"node/500115132"},"type":"Feature"},{"geometry":{"coordinates":[-1.5657335,50.9627972],"type":"Point"},"properties":{"maxspeed":"40 mph","osmId":"node/500115138"},"type":"Feature"},{"geometry":{"coordinates":[-0.135684,51.49149],"type":"Point"},"properties":{"osmId":"node/506310017"},"type":"Feature"},{"geometry":{"coordinates":[-1.2602772,51.3994298],"type":"Point"},"properties":{"maxspeed":"30 mph","osmId":"node/506356446"},"type":"Feature"},{"geometry":{"coordinates":[-1.8904024,52.2609015],"type":"Point"},"properties":{"maxspeed":"30 mph","osmId":"node/506685059"},"type":"Feature"},{"geometry":{"coordinates":[-1.4586714,52.5267753],"type":"Point"},"properties":{"osmId":"node/507915383"},"type":"Feature"},{"geometry":{"coordinates":[-0.9371069,51.4361379],"type":"Point"},"properties":{"maxspeed":"30 mph","osmId":"node/513799486"},"type":"Feature"},{"geometry":{"coordinates":[-0.9211744,51.4351791],"type":"Point"},"properties":{"maxspeed":"30 mph","osmId":"node/513799528"},"type":"Feature"},{"geometry":{"coordinates":[-0.9209504,51.4352094],"type":"Point"},"properties":{"maxspeed":"30 mph","osmId":"node/513799531"},"type":"Feature"},{"geometry":{"coordinates":[-0.9570079,51.4252089],"type":"Point"},"properties":{"maxspeed":"30 mph","osmId":"node/520595259"},"type":"Feature"},{"geometry":{"coordinates":[-0.9234602,51.4407346],"type":"Point"},"properties":{"maxspeed":"40 mph","osmId":"node/521816916"},"type":"Feature"},{"geometry":{"coordinates":[-0.9068201,51.4347291],"type":"Point"},"properties":{"osmId":"node/521816924"},"type":"Feature"},{"geometry":{"coordinates":[-0.9067848,51.435118],"type":"Point"},"properties":{"osmId":"node/521816926"},"type":"Feature"},{"geometry":{"coordinates":[-0.9168274,51.4395085],"type":"Point"},"properties":{"maxspeed":"40 mph","osmId":"node/521817010"},"type":"Feature"},{"geometry":{"coordinates":[-1.2702377,51.4018987],"type":"Point"},"properties":{"maxspeed":"30 mph","osmId":"node/528930463"},"type":"Feature"},{"geometry":{"coordinates":[-0.0679295,51.5980727],"type":"Point"},"properties":{"osmId":"node/529071840"},"type":"Feature"},{"geometry":{"coordinates":[-1.2729562,51.405384],"type":"Point"},"properties":{"maxspeed":"30 mph","osmId":"node/529093360"},"type":"Feature"},{"geometry":{"coordinates":[0.383777,51.4222216],"type":"Point"},"properties":{"maxspeed":"30 mph","osmId":"node/529505928"},"type":"Feature"},{"geometry":{"coordinates":[-1.2569838,51.3993142],"type":"Point"},"properties":{"maxspeed":"30 mph","osmId":"node/529736949"},"type":"Feature"},{"geometry":{"coordinates":[0.8773684,51.8881118],"type":"Point"},"properties":{"osmId":"node/534842034"},"type":"Feature"},{"geometry":{"coordinates":[0.5778971,51.8814497],"type":"Point"},"properties":{"osmId":"node/534923713"},"type":"Feature"},{"geometry":{"coordinates":[-0.4173496,52.0911472],"type":"Point"},"properties":{"maxspeed":"30 mph","osmId":"node/536900082"},"type":"Feature"},{"geometry":{"coordinates":[-2.1184858,52.5704224],"type":"Point"},"properties":{"osmId":"node/540665792"},"type":"Feature"},{"geometry":{"coordinates":[0.8434238,51.8888384],"type":"Point"},"properties":{"maxspeed":"30 mph","osmId":"node/543992926"},"type":"Feature"},{"geometry":{"coordinates":[-0.2113957,51.7015432],"type":"Point"},"properties":{"maxspeed":"30 mph","osmId":"node/544491139"},"type":"Feature"},{"geometry":{"coordinates":[-0.9624856,51.4407915],"type":"Point"},"properties":{"osmId":"node/550174409"},"type":"Feature"},{"geometry":{"coordinates":[-0.5678843,51.5025277],"type":"Point"},"properties":{"osmId":"node/556764234"},"type":"Feature"},{"geometry":{"coordinates":[-1.7055037,52.4870169],"type":"Point"},"properties":{"osmId":"node/559959623"},"type":"Feature"},{"geometry":{"coordinates":[-3.995351,51.5970893],"type":"Point"},"properties":{"osmId":"node/562647913"},"type":"Feature"},{"geometry":{"coordinates":[-1.8945398,52.4653224],"type":"Point"},"properties":{"osmId":"node/565617974","role":"average"},"type":"Feature"},{"geometry":{"coordinates":[-0.2821358,51.4964456],"type":"Point"},"properties":{"osmId":"node/567763225"},"type":"Feature"},{"geometry":{"coordinates":[-0.9419855,51.4513412],"type":"Point"},"properties":{"maxspeed":"30 mph","osmId":"node/568365766"},"type":"Feature"},{"geometry":{"coordinates":[-2.6404515,53.6538426],"type":"Point"},"properties":{"osmId":"node/569418826"},"type":"Feature"},{"geometry":{"coordinates":[-2.6496629,53.6556702],"type":"Point"},"properties":{"maxspeed":"40 mph","osmId":"node/569425035"},"type":"Feature"},{"geometry":{"coordinates":[-2.64419,53.6402879],"type":"Point"},"properties":{"maxspeed":"30 mph","osmId":"node/569437018"},"type":"Feature"},{"geometry":{"coordinates":[-2.6375614,53.6818216],"type":"Point"},"properties":{"maxspeed":"40 mph","osmId":"node/570755426"},"type":"Feature"},{"geometry":{"coordinates":[-2.6323025,53.6648262],"type":"Point"},"properties":{"osmId":"node/570760271"},"type":"Feature"},{"geometry":{"coordinates":[-2.0573079,52.4651498],"type":"Point"},"properties":{"osmId":"node/571104682"},"type":"Feature"},{"geometry":{"coordinates":[-1.888781,52.4635909],"type":"Point"},"properties":{"osmId":"node/574794779","role":"average"},"type":"Feature"},{"geometry":{"coordinates":[-2.1289149,52.8255804],"type":"Point"},"properties":{"maxspeed":"30 mph","osmId":"node/575676103"},"type":"Feature"},{"geometry":{"coordinates":[-2.1562407,52.9008743],"type":"Point"},"properties":{"osmId":"node/575676106"},"type":"Feature"},{"geometry":{"coordinates":[-2.1792251,52.9292013],"type":"Point"},"properties":{"osmId":"node/575676109"},"type":"Feature"},{"geometry":{"coordinates":[-2.1690462,52.9151377],"type":"Point"},"properties":{"osmId":"node/575676110"},"type":"Feature"},{"geometry":{"coordinates":[-2.1743651,52.9247699],"type":"Point"},"properties":{"osmId":"node/575676111"},"type":"Feature"},{"geometry":{"coordinates":[-2.1854306,52.9334847],"type":"Point"},"properties":{"osmId":"node/575676112"},"type":"Feature"},{"geometry":{"coordinates":[-2.1886708,53.0301613],"type":"Point"},"properties":{"maxspeed":"30 mph","osmId":"node/577073015"},"type":"Feature"},{"geometry":{"coordinates":[-2.0597162,52.4926112],"type":"Point"},"properties":{"osmId":"node/577505598"},"type":"Feature"},{"geometry":{"coordinates":[-2.0674834,52.485714],"type":"Point"},"properties":{"osmId":"node/579487135"},"type":"Feature"},{"geometry":{"coordinates":[-1.7903332,52.5251258],"type":"Point"},"properties":{"maxspeed":"40 mph","osmId":"node/581256577"},"type":"Feature"},{"geometry":{"coordinates":[-0.9677825,51.4247462],"type":"Point"},"properties":{"maxspeed":"30 mph","osmId":"node/581908801"},"type":"Feature"},{"geometry":{"coordinates":[-2.646186,53.7044985],"type":"Point"},"properties":{"osmId":"node/583590883"},"type":"Feature"},{"geometry":{"coordinates":[-2.6399232,53.7048261],"type":"Point"},"properties":{"osmId":"node/583595617"},"type":"Feature"},{"geometry":{"coordinates":[-0.2773503,51.3621535],"type":"Point"},"properties":{"osmId":"node/589025956"},"type":"Feature"},{"geometry":{"coordinates":[-1.0172032,51.4427402],"type":"Point"},"properties":{"osmId":"node/589082370"},"type":"Feature"},{"geometry":{"coordinates":[-1.0025419,51.4438982],"type":"Point"},"properties":{"osmId":"node/589082497"},"type":"Feature"},{"geometry":{"coordinates":[-0.995933,51.4519984],"type":"Point"},"properties":{"maxspeed":"30 mph","osmId":"node/589082578"},"type":"Feature"},{"geometry":{"coordinates":[-2.6750789,53.6656632],"type":"Point"},"properties":{"osmId":"node/593565819"},"type":"Feature"},{"geometry":{"coordinates":[0.2732988,50.780754],"type":"Point"},"properties":{"maxspeed":"30 mph","osmId":"node/595095080"},"type":"Feature"},{"geometry":{"coordinates":[-3.8200272,51.0272896],"type":"Point"},"properties":{"maxspeed":"60 mph","osmId":"node/595570547"},"type":"Feature"},{"geometry":{"coordinates":[-1.5091922,52.7674009],"type":"Point"},"properties":{"maxspeed":"40 mph","osmId":"node/597445431"},"type":"Feature"},{"geometry":{"coordinates":[-0.7475521,52.3894236],"type":"Point"},"properties":{"osmId":"node/598596944"},"type":"Feature"},{"geometry":{"coordinates":[-0.7168674,52.3723718],"type":"Point"},"properties":{"osmId":"node/598596946"},"type":"Feature"},{"geometry":{"coordinates":[-0.4622971,52.373807],"type":"Point"},"properties":{"osmId":"node/598596947"},"type":"Feature"},{"geometry":{"coordinates":[-0.0774059,52.0381467],"type":"Point"},"properties":{"maxspeed":"70 mph","osmId":"node/599970385"},"type":"Feature"},{"geometry":{"coordinates":[0.8886,51.1457993],"type":"Point"},"properties":{"maxspeed":"30 mph","osmId":"node/600048455"},"type":"Feature"},{"geometry":{"coordinates":[-2.8081202,54.0599894],"type":"Point"},"properties":{"maxspeed":"30 mph","osmId":"node/619416214"},"type":"Feature"},{"geometry":{"coordinates":[-0.520573,51.5365919],"type":"Point"},"properties":{"osmId":"node/619469926"},"type":"Feature"},{"geometry":{"coordinates":[-0.0638575,51.4560786],"type":"Point"},"properties":{"osmId":"node/623993693"},"type":"Feature"},{"geometry":{"coordinates":[-0.0639659,51.4560561],"type":"Point"},"properties":{"osmId":"node/623993696"},"type":"Feature"},{"geometry":{"coordinates":[-4.1436072,50.3703034],"type":"Point"},"properties":{"osmId":"node/629099922"},"type":"Feature"},{"geometry":{"coordinates":[-4.1412375,50.3703464],"type":"Point"},"properties":{"maxspeed":"30 mph","osmId":"node/629099923"},"type":"Feature"},{"geometry":{"coordinates":[-4.1327886,50.3714885],"type":"Point"},"properties":{"osmId":"node/629099924"},"type":"Feature"},{"geometry":{"coordinates":[-4.1319579,50.3712981],"type":"Point"},"properties":{"osmId":"node/629099925"},"type":"Feature"},{"geometry":{"coordinates":[-4.1280219,50.3704943],"type":"Point"},"properties":{"osmId":"node/629099926"},"type":"Feature"},{"geometry":{"coordinates":[-4.1266084,50.3703129],"type":"Point"},"properties":{"osmId":"node/629099927"},"type":"Feature"},{"geometry":{"coordinates":[-4.1082599,50.3765434],"type":"Point"},"properties":{"maxspeed":"40 mph","osmId":"node/629099928"},"type":"Feature"},{"geometry":{"coordinates":[-0.6910064,51.4947107],"type":"Point"},"properties":{"osmId":"node/630817333"},"type":"Feature"},{"geometry":{"coordinates":[-0.249449,51.513878],"type":"Point"},"properties":{"osmId":"node/648398357"},"type":"Feature"},{"geometry":{"coordinates":[-3.2349663,51.4822792],"type":"Point"},"properties":{"maxspeed":"30 mph","osmId":"node/651364302"},"type":"Feature"},{"geometry":{"coordinates":[-3.2627275,51.4698031],"type":"Point"},"properties":{"maxspeed":"30 mph","osmId":"node/651369433"},"type":"Feature"},{"geometry":{"coordinates":[-2.0715943,52.4400495],"type":"Point"},"properties":{"osmId":"node/659821672"},"type":"Feature"},{"geometry":{"coordinates":[-0.4016307,51.879936],"type":"Point"},"properties":{"maxspeed":"30 mph","osmId":"node/662886022"},"type":"Feature"},{"geometry":{"coordinates":[-0.4027829,51.8796136],"type":"Point"},"properties":{"maxspeed":"30 mph","osmId":"node/662886023"},"type":"Feature"},{"geometry":{"coordinates":[-2.6140784,53.1278792],"type":"Point"},"properties":{"osmId":"node/663060134"},"type":"Feature"},{"geometry":{"coordinates":[-2.6195138,53.1308532],"type":"Point"},"properties":{"osmId":"node/663060265"},"type":"Feature"},{"geometry":{"coordinates":[-0.3909765,51.9068081],"type":"Point"},"properties":{"maxspeed":"40 mph","osmId":"node/663950102"},"type":"Feature"},{"geometry":{"coordinates":[-2.1069917,52.4788474],"type":"Point"},"properties":{"osmId":"node/664438862"},"type":"Feature"},{"geometry":{"coordinates":[-0.5862693,51.5183403],"type":"Point"},"properties":{"osmId":"node/665433841"},"type":"Feature"},{"geometry":{"coordinates":[-0.5829723,51.5186473],"type":"Point"},"properties":{"osmId":"node/665433845"},"type":"Feature"},{"geometry":{"coordinates":[-0.5814675,51.5133525],"type":"Point"},"properties":{"osmId":"node/665499449"},"type":"Feature"},{"geometry":{"coordinates":[-0.5708434,51.5161638],"type":"Point"},"properties":{"osmId":"node/665712294"},"type":"Feature"},{"geometry":{"coordinates":[-2.742961,53.7442228],"type":"Point"},"properties":{"osmId":"node/665872303"},"type":"Feature"},{"geometry":{"coordinates":[-2.7334639,53.7493419],"type":"Point"},"properties":{"osmId":"node/665872304"},"type":"Feature"},{"geometry":{"coordinates":[-2.7255138,53.7510468],"type":"Point"},"properties":{"osmId":"node/665872305"},"type":"Feature"},{"geometry":{"coordinates":[-2.7111694,53.7828135],"type":"Point"},"properties":{"osmId":"node/665872306"},"type":"Feature"},{"geometry":{"coordinates":[-1.2750981,51.7881715],"type":"Point"},"properties":{"osmId":"node/666482047"},"type":"Feature"},{"geometry":{"coordinates":[-1.2740261,51.7828952],"type":"Point"},"properties":{"osmId":"node/666482162"},"type":"Feature"},{"geometry":{"coordinates":[-1.7973318,52.4576944],"type":"Point"},"properties":{"osmId":"node/666925546"},"type":"Feature"},{"geometry":{"coordinates":[0.2669142,51.4817398],"type":"Point"},"properties":{"maxspeed":"50 mph","osmId":"node/671756052"},"type":"Feature"},{"geometry":{"coordinates":[0.2509757,51.4577731],"type":"Point"},"properties":{"maxspeed":"50 mph","osmId":"node/671760227"},"type":"Feature"},{"geometry":{"coordinates":[-1.5460118,55.0637083],"type":"Point"},"properties":{"osmId":"node/685690568"},"type":"Feature"},{"geometry":{"coordinates":[-1.2358805,51.7619457],"type":"Point"},"properties":{"osmId":"node/687491150"},"type":"Feature"},{"geometry":{"coordinates":[-2.2127921,52.1715844],"type":"Point"},"properties":{"osmId":"node/691584018"},"type":"Feature"},{"geometry":{"coordinates":[-0.882453,51.4310285],"type":"Point"},"properties":{"osmId":"node/695120359"},"type":"Feature"},{"geometry":{"coordinates":[-0.8785868,51.4276334],"type":"Point"},"properties":{"osmId":"node/695120360"},"type":"Feature"},{"geometry":{"coordinates":[-0.8793766,51.4265486],"type":"Point"},"properties":{"osmId":"node/695120361"},"type":"Feature"},{"geometry":{"coordinates":[-0.8740318,51.4340975],"type":"Point"},"properties":{"osmId":"node/695536243"},"type":"Feature"},{"geometry":{"coordinates":[-0.8762561,51.4308853],"type":"Point"},"properties":{"osmId":"node/695536256"},"type":"Feature"},{"geometry":{"coordinates":[-0.9035511,51.4537665],"type":"Point"},"properties":{"osmId":"node/695694732"},"type":"Feature"},{"geometry":{"coordinates":[-0.902542,51.4538782],"type":"Point"},"properties":{"osmId":"node/695694736"},"type":"Feature"},{"geometry":{"coordinates":[-1.4295628,52.3654461],"type":"Point"},"properties":{"osmId":"node/705093936"},"type":"Feature"},{"geometry":{"coordinates":[-1.433271,52.3662672],"type":"Point"},"properties":{"osmId":"node/705093937"},"type":"Feature"},{"geometry":{"coordinates":[-0.8859178,51.4328583],"type":"Point"},"properties":{"osmId":"node/709072161"},"type":"Feature"},{"geometry":{"coordinates":[-2.6086277,50.9751867],"type":"Point"},"properties":{"osmId":"node/712287816"},"type":"Feature"},{"geometry":{"coordinates":[-2.5440928,51.5048636],"type":"Point"},"properties":{"osmId":"node/712663472"},"type":"Feature"},{"geometry":{"coordinates":[-0.8982218,51.4490787],"type":"Point"},"properties":{"osmId":"node/714168996"},"type":"Feature"},{"geometry":{"coordinates":[-0.89813,51.4479875],"type":"Point"},"properties":{"osmId":"node/714169015"},"type":"Feature"},{"geometry":{"coordinates":[-2.8559381,54.3809193],"type":"Point"},"properties":{"osmId":"node/715567159"},"type":"Feature"},{"geometry":{"coordinates":[1.7403799,50.8640861],"type":"Point"},"properties":{"maxspeed":"130","osmId":"node/719718295"},"type":"Feature"},{"geometry":{"coordinates":[-1.906036,52.4882386],"type":"Point"},"properties":{"osmId":"node/727681651"},"type":"Feature"},{"geometry":{"coordinates":[-2.3239256,53.4538733],"type":"Point"},"properties":{"osmId":"node/733200877"},"type":"Feature"},{"geometry":{"coordinates":[-0.188676,51.8458578],"type":"Point"},"properties":{"osmId":"node/763471877"},"type":"Feature"},{"geometry":{"coordinates":[-0.1863414,51.8471129],"type":"Point"},"properties":{"osmId":"node/763471915"},"type":"Feature"},{"geometry":{"coordinates":[-0.8603676,51.3826254],"type":"Point"},"properties":{"maxspeed":"30 mph","osmId":"node/767510346"},"type":"Feature"},{"geometry":{"coordinates":[-0.8628214,51.3838763],"type":"Point"},"properties":{"maxspeed":"30 mph","osmId":"node/767510355"},"type":"Feature"},{"geometry":{"coordinates":[-0.9039266,52.2461185],"type":"Point"},"properties":{"osmId":"node/770017706"},"type":"Feature"},{"geometry":{"coordinates":[-0.9003724,52.2542143],"type":"Point"},"properties":{"osmId":"node/770017843"},"type":"Feature"},{"geometry":{"coordinates":[-1.7765483,52.4263855],"type":"Point"},"properties":{"osmId":"node/775704838"},"type":"Feature"},{"geometry":{"coordinates":[-2.0736052,53.0263817],"type":"Point"},"properties":{"maxspeed":"40 mph","osmId":"node/775989996"},"type":"Feature"},{"geometry":{"coordinates":[-0.7820597,51.3427825],"type":"Point"},"properties":{"osmId":"node/776909625"},"type":"Feature"},{"geometry":{"coordinates":[-0.7812325,51.3425575],"type":"Point"},"properties":{"osmId":"node/776909634"},"type":"Feature"},{"geometry":{"coordinates":[-0.7781616,51.3413797],"type":"Point"},"properties":{"osmId":"node/776909639"},"type":"Feature"},{"geometry":{"coordinates":[-0.7837035,51.3434358],"type":"Point"},"properties":{"osmId":"node/777391391"},"type":"Feature"},{"geometry":{"coordinates":[-2.0866911,52.6434363],"type":"Point"},"properties":{"osmId":"node/793543069"},"type":"Feature"},{"geometry":{"coordinates":[-2.0846906,52.6461488],"type":"Point"},"properties":{"osmId":"node/793543360"},"type":"Feature"},{"geometry":{"coordinates":[-2.0771541,52.6536938],"type":"Point"},"properties":{"osmId":"node/793543366"},"type":"Feature"},{"geometry":{"coordinates":[-2.0804927,52.6511414],"type":"Point"},"properties":{"osmId":"node/793543374"},"type":"Feature"},{"geometry":{"coordinates":[-1.1917239,52.9530376],"type":"Point"},"properties":{"maxspeed":"40 mph","osmId":"node/793552100"},"type":"Feature"},{"geometry":{"coordinates":[-2.106452,52.4823483],"type":"Point"},"properties":{"osmId":"node/794330864"},"type":"Feature"},{"geometry":{"coordinates":[-1.9519847,52.0795778],"type":"Point"},"properties":{"osmId":"node/794871620"},"type":"Feature"},{"geometry":{"coordinates":[-0.7924146,51.3451286],"type":"Point"},"properties":{"osmId":"node/796475040"},"type":"Feature"},{"geometry":{"coordinates":[-0.7910973,51.3454541],"type":"Point"},"properties":{"osmId":"node/796475042"},"type":"Feature"},{"geometry":{"coordinates":[-0.808368,51.3469759],"type":"Point"},"properties":{"maxspeed":"30 mph","osmId":"node/802698188"},"type":"Feature"},{"geometry":{"coordinates":[0.6352151,51.6007383],"type":"Point"},"properties":{"osmId":"node/804889447"},"type":"Feature"},{"geometry":{"coordinates":[0.6621771,51.6046252],"type":"Point"},"properties":{"osmId":"node/804889448"},"type":"Feature"},{"geometry":{"coordinates":[-2.5475084,51.4394798],"type":"Point"},"properties":{"osmId":"node/805899450"},"type":"Feature"},{"geometry":{"coordinates":[-2.5460241,51.4397822],"type":"Point"},"properties":{"osmId":"node/806468169"},"type":"Feature"},{"geometry":{"coordinates":[-2.1006959,52.9871637],"type":"Point"},"properties":{"osmId":"node/806890767"},"type":"Feature"},{"geometry":{"coordinates":[-2.1009748,52.9854627],"type":"Point"},"properties":{"osmId":"node/806890772"},"type":"Feature"},{"geometry":{"coordinates":[-2.1009209,52.9845086],"type":"Point"},"properties":{"osmId":"node/806890777"},"type":"Feature"},{"geometry":{"coordinates":[-2.1006305,52.9825076],"type":"Point"},"properties":{"osmId":"node/806890781"},"type":"Feature"},{"geometry":{"coordinates":[-2.1004724,52.981464],"type":"Point"},"properties":{"osmId":"node/806890785"},"type":"Feature"},{"geometry":{"coordinates":[-2.0996822,52.9910331],"type":"Point"},"properties":{"osmId":"node/806890800"},"type":"Feature"},{"geometry":{"coordinates":[-2.0998743,52.9904866],"type":"Point"},"properties":{"osmId":"node/806890802"},"type":"Feature"},{"geometry":{"coordinates":[-2.1005282,52.9882145],"type":"Point"},"properties":{"osmId":"node/806890803"},"type":"Feature"},{"geometry":{"coordinates":[-0.3274301,51.7675004],"type":"Point"},"properties":{"osmId":"node/807298838"},"type":"Feature"},{"geometry":{"coordinates":[0.382321,51.178847],"type":"Point"},"properties":{"osmId":"node/809540440"},"type":"Feature"},{"geometry":{"coordinates":[0.136408,52.2129114],"type":"Point"},"properties":{"osmId":"node/811382895"},"type":"Feature"},{"geometry":{"coordinates":[-1.917355,52.6561439],"type":"Point"},"properties":{"maxspeed":"40 mph","osmId":"node/812221933"},"type":"Feature"},{"geometry":{"coordinates":[-2.2668455,53.0818307],"type":"Point"},"properties":{"osmId":"node/812221937"},"type":"Feature"},{"geometry":{"coordinates":[-1.9378992,52.6563303],"type":"Point"},"properties":{"maxspeed":"40 mph","osmId":"node/812221944"},"type":"Feature"},{"geometry":{"coordinates":[-2.2567132,53.0779437],"type":"Point"},"properties":{"osmId":"node/812221951"},"type":"Feature"},{"geometry":{"coordinates":[-2.2806134,53.0880727],"type":"Point"},"properties":{"osmId":"node/812221973"},"type":"Feature"},{"geometry":{"coordinates":[-2.2642895,53.081811],"type":"Point"},"properties":{"osmId":"node/812221978"},"type":"Feature"},{"geometry":{"coordinates":[-2.2599684,53.0802096],"type":"Point"},"properties":{"osmId":"node/812222003"},"type":"Feature"},{"geometry":{"coordinates":[-1.9183059,52.656244],"type":"Point"},"properties":{"maxspeed":"40 mph","osmId":"node/812222024"},"type":"Feature"},{"geometry":{"coordinates":[-2.4848508,52.6811423],"type":"Point"},"properties":{"maxspeed":"40 mph","osmId":"node/814683828"},"type":"Feature"},{"geometry":{"coordinates":[-1.01837,51.4403091],"type":"Point"},"properties":{"maxspeed":"30 mph","osmId":"node/825107004"},"type":"Feature"},{"geometry":{"coordinates":[-1.0188207,51.4416298],"type":"Point"},"properties":{"maxspeed":"30 mph","osmId":"node/825107152"},"type":"Feature"},{"geometry":{"coordinates":[-0.9873432,51.4472634],"type":"Point"},"properties":{"maxspeed":"30 mph","osmId":"node/825107204"},"type":"Feature"},{"geometry":{"coordinates":[-3.5679267,51.5765012],"type":"Point"},"properties":{"osmId":"node/826646967"},"type":"Feature"},{"geometry":{"coordinates":[-0.9625948,51.4247802],"type":"Point"},"properties":{"maxspeed":"30 mph","osmId":"node/826822230"},"type":"Feature"},{"geometry":{"coordinates":[-1.0195483,51.4507662],"type":"Point"},"properties":{"maxspeed":"30 mph","osmId":"node/828131226"},"type":"Feature"},{"geometry":{"coordinates":[-1.030809,51.4531359],"type":"Point"},"properties":{"maxspeed":"30 mph","osmId":"node/828131257"},"type":"Feature"},{"geometry":{"coordinates":[-1.0456109,51.4458727],"type":"Point"},"properties":{"maxspeed":"30 mph","osmId":"node/828131426"},"type":"Feature"},{"geometry":{"coordinates":[-1.0472363,51.4491203],"type":"Point"},"properties":{"maxspeed":"30 mph","osmId":"node/828131437"},"type":"Feature"},{"geometry":{"coordinates":[-1.0458955,51.4544263],"type":"Point"},"properties":{"osmId":"node/828131539"},"type":"Feature"},{"geometry":{"coordinates":[-2.5697784,51.5299432],"type":"Point"},"properties":{"osmId":"node/829457460"},"type":"Feature"},{"geometry":{"coordinates":[-2.5693869,51.5313014],"type":"Point"},"properties":{"osmId":"node/829457494"},"type":"Feature"},{"geometry":{"coordinates":[-1.679,53.216843],"type":"Point"},"properties":{"osmId":"node/833393236"},"type":"Feature"},{"geometry":{"coordinates":[-1.7699784,52.8556894],"type":"Point"},"properties":{"osmId":"node/833393253"},"type":"Feature"},{"geometry":{"coordinates":[-1.7774976,52.8456778],"type":"Point"},"properties":{"osmId":"node/833393258"},"type":"Feature"},{"geometry":{"coordinates":[-1.7720211,52.8512333],"type":"Point"},"properties":{"osmId":"node/833393260"},"type":"Feature"},{"geometry":{"coordinates":[-1.7782251,52.8435473],"type":"Point"},"properties":{"osmId":"node/833393262"},"type":"Feature"},{"geometry":{"coordinates":[-1.7672943,52.861332],"type":"Point"},"properties":{"osmId":"node/833393279"},"type":"Feature"},{"geometry":{"coordinates":[-1.7683623,52.859527],"type":"Point"},"properties":{"osmId":"node/833393283"},"type":"Feature"},{"geometry":{"coordinates":[-1.6883481,53.2182601],"type":"Point"},"properties":{"osmId":"node/833393285"},"type":"Feature"},{"geometry":{"coordinates":[-4.4286181,55.8185972],"type":"Point"},"properties":{"osmId":"node/836426767"},"type":"Feature"},{"geometry":{"coordinates":[-2.9521623,52.7994257],"type":"Point"},"properties":{"maxspeed":"40 mph","osmId":"node/839192130"},"type":"Feature"},{"geometry":{"coordinates":[-0.9896869,51.45227],"type":"Point"},"properties":{"maxspeed":"30 mph","osmId":"node/840612468"},"type":"Feature"},{"geometry":{"coordinates":[-1.0355355,51.4615434],"type":"Point"},"properties":{"maxspeed":"30 mph","osmId":"node/840752000"},"type":"Feature"},{"geometry":{"coordinates":[-1.0321888,51.4648544],"type":"Point"},"properties":{"maxspeed":"30 mph","osmId":"node/840826282"},"type":"Feature"},{"geometry":{"coordinates":[-1.037828,51.4706396],"type":"Point"},"properties":{"maxspeed":"30 mph","osmId":"node/841471128"},"type":"Feature"},{"geometry":{"coordinates":[-1.033593,51.4701892],"type":"Point"},"properties":{"maxspeed":"30 mph","osmId":"node/841471180"},"type":"Feature"},{"geometry":{"coordinates":[-4.2923406,55.8345189],"type":"Point"},"properties":{"osmId":"node/843534629"},"type":"Feature"},{"geometry":{"coordinates":[-2.6085732,51.4601288],"type":"Point"},"properties":{"osmId":"node/843945561"},"type":"Feature"},{"geometry":{"coordinates":[0.1269114,52.2111848],"type":"Point"},"properties":{"osmId":"node/847882671"},"type":"Feature"},{"geometry":{"coordinates":[-2.0995394,52.4577862],"type":"Point"},"properties":{"osmId":"node/852596013"},"type":"Feature"},{"geometry":{"coordinates":[-0.6458156,50.8364546],"type":"Point"},"properties":{"osmId":"node/853856700"},"type":"Feature"},{"geometry":{"coordinates":[-0.8596497,51.4210397],"type":"Point"},"properties":{"osmId":"node/862107209"},"type":"Feature"},{"geometry":{"coordinates":[-0.8650757,51.4233296],"type":"Point"},"properties":{"osmId":"node/862108478"},"type":"Feature"},{"geometry":{"coordinates":[-0.4816096,51.9082874],"type":"Point"},"properties":{"maxspeed":"70 mph","osmId":"node/863422865"},"type":"Feature"},{"geometry":{"coordinates":[-2.0925076,52.583423],"type":"Point"},"properties":{"osmId":"node/879393942"},"type":"Feature"},{"geometry":{"coordinates":[-1.9309119,52.597521],"type":"Point"},"properties":{"osmId":"node/879393943"},"type":"Feature"},{"geometry":{"coordinates":[-2.2162015,52.5776068],"type":"Point"},"properties":{"osmId":"node/879393954"},"type":"Feature"},{"geometry":{"coordinates":[-1.9646562,52.59237],"type":"Point"},"properties":{"osmId":"node/879393957"},"type":"Feature"},{"geometry":{"coordinates":[-2.2672155,52.5606485],"type":"Point"},"properties":{"osmId":"node/879393961"},"type":"Feature"},{"geometry":{"coordinates":[-2.1875286,52.5845533],"type":"Point"},"properties":{"osmId":"node/879393962"},"type":"Feature"},{"geometry":{"coordinates":[-2.1816223,52.5847411],"type":"Point"},"properties":{"osmId":"node/879393963"},"type":"Feature"},{"geometry":{"coordinates":[-2.0388801,52.5794752],"type":"Point"},"properties":{"osmId":"node/879393965"},"type":"Feature"},{"geometry":{"coordinates":[-1.6830634,52.6128557],"type":"Point"},"properties":{"osmId":"node/883388844"},"type":"Feature"},{"geometry":{"coordinates":[-1.6841929,52.6153573],"type":"Point"},"properties":{"osmId":"node/883388969"},"type":"Feature"},{"geometry":{"coordinates":[-2.7132692,53.6888143],"type":"Point"},"properties":{"maxspeed":"30 mph","osmId":"node/886180922"},"type":"Feature"},{"geometry":{"coordinates":[-1.9632335,52.0870803],"type":"Point"},"properties":{"osmId":"node/899027329"},"type":"Feature"},{"geometry":{"coordinates":[-1.786673,52.393891],"type":"Point"},"properties":{"osmId":"node/904330036"},"type":"Feature"},{"geometry":{"coordinates":[-1.7850131,52.4019879],"type":"Point"},"properties":{"osmId":"node/904347147"},"type":"Feature"},{"geometry":{"coordinates":[-2.1178932,52.6910645],"type":"Point"},"properties":{"osmId":"node/918534259"},"type":"Feature"},{"geometry":{"coordinates":[-2.6128305,51.4677247],"type":"Point"},"properties":{"osmId":"node/918608677"},"type":"Feature"},{"geometry":{"coordinates":[1.1391208,51.8044421],"type":"Point"},"properties":{"osmId":"node/924115492"},"type":"Feature"},{"geometry":{"coordinates":[-1.7385067,52.5534574],"type":"Point"},"properties":{"osmId":"node/924378083"},"type":"Feature"},{"geometry":{"coordinates":[1.1049656,49.9185843],"type":"Point"},"properties":{"maxspeed":"90","osmId":"node/934770689"},"type":"Feature"},{"geometry":{"coordinates":[0.3239246,52.2277535],"type":"Point"},"properties":{"osmId":"node/938855010"},"type":"Feature"},{"geometry":{"coordinates":[1.8731395,50.3862738],"type":"Point"},"properties":{"maxspeed":"110","osmId":"node/939466830"},"type":"Feature"},{"geometry":{"coordinates":[1.8818984,50.9345425],"type":"Point"},"properties":{"maxspeed":"90","osmId":"node/939727141"},"type":"Feature"},{"geometry":{"coordinates":[1.7661339,50.5033474],"type":"Point"},"properties":{"maxspeed":"80","osmId":"node/939779732"},"type":"Feature"},{"geometry":{"coordinates":[-2.3732073,53.4334878],"type":"Point"},"properties":{"maxspeed":"40 mph","osmId":"node/945433367"},"type":"Feature"},{"geometry":{"coordinates":[-2.3821834,53.4348245],"type":"Point"},"properties":{"maxspeed":"40 mph","osmId":"node/945433378"},"type":"Feature"},{"geometry":{"coordinates":[-2.3973959,53.4319781],"type":"Point"},"properties":{"maxspeed":"30 mph","osmId":"node/945457447"},"type":"Feature"},{"geometry":{"coordinates":[-0.2926626,52.1208607],"type":"Point"},"properties":{"maxspeed":"50 mph","osmId":"node/949710624"},"type":"Feature"},{"geometry":{"coordinates":[-0.293126,52.1209031],"type":"Point"},"properties":{"maxspeed":"50 mph","osmId":"node/949755068"},"type":"Feature"},{"geometry":{"coordinates":[-2.3533079,53.4280414],"type":"Point"},"properties":{"maxspeed":"30 mph","osmId":"node/955306602"},"type":"Feature"},{"geometry":{"coordinates":[-2.5700495,51.5091387],"type":"Point"},"properties":{"osmId":"node/957235567"},"type":"Feature"},{"geometry":{"coordinates":[-2.5678692,51.5091199],"type":"Point"},"properties":{"osmId":"node/957235571"},"type":"Feature"},{"geometry":{"coordinates":[-2.3365954,53.4153121],"type":"Point"},"properties":{"maxspeed":"30 mph","osmId":"node/963941300"},"type":"Feature"},{"geometry":{"coordinates":[-3.0806865,53.3703209],"type":"Point"},"properties":{"maxspeed":"40 mph","osmId":"node/964083150"},"type":"Feature"},{"geometry":{"coordinates":[-3.0635192,53.3702949],"type":"Point"},"properties":{"maxspeed":"30 mph","osmId":"node/964084636"},"type":"Feature"},{"geometry":{"coordinates":[-3.041467,53.374147],"type":"Point"},"properties":{"osmId":"node/964086180"},"type":"Feature"},{"geometry":{"coordinates":[-3.0330447,53.3850082],"type":"Point"},"properties":{"osmId":"node/964086996"},"type":"Feature"},{"geometry":{"coordinates":[-3.0303383,53.3878548],"type":"Point"},"properties":{"maxspeed":"30 mph","osmId":"node/964087823"},"type":"Feature"},{"geometry":{"coordinates":[-3.122476,53.396972],"type":"Point"},"properties":{"osmId":"node/964089991"},"type":"Feature"},{"geometry":{"coordinates":[-3.0989619,53.404356],"type":"Point"},"properties":{"maxspeed":"30 mph","osmId":"node/964091526"},"type":"Feature"},{"geometry":{"coordinates":[-2.5632966,51.5078394],"type":"Point"},"properties":{"osmId":"node/965175203"},"type":"Feature"},{"geometry":{"coordinates":[-2.6196201,51.4968691],"type":"Point"},"properties":{"osmId":"node/967110925"},"type":"Feature"},{"geometry":{"coordinates":[-0.1071719,52.0282818],"type":"Point"},"properties":{"maxspeed":"70 mph","osmId":"node/968750471"},"type":"Feature"},{"geometry":{"coordinates":[-0.9649406,52.2730992],"type":"Point"},"properties":{"osmId":"node/972758354"},"type":"Feature"},{"geometry":{"coordinates":[-1.2897308,52.9150892],"type":"Point"},"properties":{"osmId":"node/979775190"},"type":"Feature"},{"geometry":{"coordinates":[-1.2891305,52.9172938],"type":"Point"},"properties":{"osmId":"node/979775205"},"type":"Feature"},{"geometry":{"coordinates":[-1.2928368,52.92273],"type":"Point"},"properties":{"osmId":"node/980978036"},"type":"Feature"},{"geometry":{"coordinates":[-1.2964964,52.9214566],"type":"Point"},"properties":{"osmId":"node/980978841"},"type":"Feature"},{"geometry":{"coordinates":[-1.3013497,52.9202502],"type":"Point"},"properties":{"osmId":"node/980979252"},"type":"Feature"},{"geometry":{"coordinates":[-2.2955436,53.6992839],"type":"Point"},"properties":{"osmId":"node/981222423"},"type":"Feature"},{"geometry":{"coordinates":[-1.2919085,52.9115034],"type":"Point"},"properties":{"osmId":"node/981646636"},"type":"Feature"},{"geometry":{"coordinates":[-2.521401,51.5041307],"type":"Point"},"properties":{"osmId":"node/982755106"},"type":"Feature"},{"geometry":{"coordinates":[-1.558297,55.1760929],"type":"Point"},"properties":{"osmId":"node/989116372"},"type":"Feature"},{"geometry":{"coordinates":[-0.910263,51.5440958],"type":"Point"},"properties":{"osmId":"node/989353056"},"type":"Feature"},{"geometry":{"coordinates":[-3.6560455,50.7256966],"type":"Point"},"properties":{"maxspeed":"70 mph","osmId":"node/1008222922"},"type":"Feature"},{"geometry":{"coordinates":[-1.5565828,53.7833035],"type":"Point"},"properties":{"maxspeed":"50 mph","osmId":"node/1022779240"},"type":"Feature"},{"geometry":{"coordinates":[-4.0134142,51.0685916],"type":"Point"},"properties":{"maxspeed":"60 mph","osmId":"node/1037236015"},"type":"Feature"},{"geometry":{"coordinates":[0.5298417,51.6195755],"type":"Point"},"properties":{"maxspeed":"30 mph","osmId":"node/1042967170"},"type":"Feature"},{"geometry":{"coordinates":[-1.5561936,52.3966762],"type":"Point"},"properties":{"maxspeed":"40 mph","osmId":"node/1043843810"},"type":"Feature"},{"geometry":{"coordinates":[-1.5222304,52.3811171],"type":"Point"},"properties":{"osmId":"node/1043843816"},"type":"Feature"},{"geometry":{"coordinates":[-1.5253603,52.3826462],"type":"Point"},"properties":{"maxspeed":"40 mph","osmId":"node/1043843820"},"type":"Feature"},{"geometry":{"coordinates":[-1.5688211,52.4173014],"type":"Point"},"properties":{"osmId":"node/1043843846"},"type":"Feature"},{"geometry":{"coordinates":[-1.5413849,52.3886051],"type":"Point"},"properties":{"maxspeed":"40 mph","osmId":"node/1043843851"},"type":"Feature"},{"geometry":{"coordinates":[-1.594337,52.4321348],"type":"Point"},"properties":{"osmId":"node/1043843856"},"type":"Feature"},{"geometry":{"coordinates":[-1.6578896,52.443338],"type":"Point"},"properties":{"osmId":"node/1043843860"},"type":"Feature"},{"geometry":{"coordinates":[-1.5468983,52.3903509],"type":"Point"},"properties":{"maxspeed":"40 mph","osmId":"node/1043843862"},"type":"Feature"},{"geometry":{"coordinates":[-1.4763094,52.3787446],"type":"Point"},"properties":{"osmId":"node/1043843866"},"type":"Feature"},{"geometry":{"coordinates":[-2.5563687,51.4371136],"type":"Point"},"properties":{"maxspeed":"30 mph","osmId":"node/1044963493"},"type":"Feature"},{"geometry":{"coordinates":[-2.5576678,51.437979],"type":"Point"},"properties":{"maxspeed":"30 mph","osmId":"node/1044963583"},"type":"Feature"},{"geometry":{"coordinates":[-2.5405986,51.4296966],"type":"Point"},"properties":{"maxspeed":"30 mph","osmId":"node/1044973869"},"type":"Feature"},{"geometry":{"coordinates":[-2.6117787,51.4496779],"type":"Point"},"properties":{"osmId":"node/1044980287"},"type":"Feature"},{"geometry":{"coordinates":[-2.6727709,51.4861809],"type":"Point"},"properties":{"osmId":"node/1045079694"},"type":"Feature"},{"geometry":{"coordinates":[-2.6727153,51.4861966],"type":"Point"},"properties":{"osmId":"node/1045079901"},"type":"Feature"},{"geometry":{"coordinates":[-2.5445015,51.3214639],"type":"Point"},"properties":{"maxspeed":"30 mph","osmId":"node/1045471121"},"type":"Feature"},{"geometry":{"coordinates":[-2.3443689,51.4130078],"type":"Point"},"properties":{"maxspeed":"50 mph","osmId":"node/1045506000"},"type":"Feature"},{"geometry":{"coordinates":[-2.4509034,51.3992224],"type":"Point"},"properties":{"maxspeed":"30 mph","osmId":"node/1045506007"},"type":"Feature"},{"geometry":{"coordinates":[-2.3959914,51.3666324],"type":"Point"},"properties":{"maxspeed":"30 mph","osmId":"node/1045506025"},"type":"Feature"},{"geometry":{"coordinates":[-2.3223893,51.3984857],"type":"Point"},"properties":{"maxspeed":"50 mph","osmId":"node/1045506029"},"type":"Feature"},{"geometry":{"coordinates":[-2.3456709,51.3945752],"type":"Point"},"properties":{"osmId":"node/1045506032"},"type":"Feature"},{"geometry":{"coordinates":[-2.5736615,51.5107017],"type":"Point"},"properties":{"osmId":"node/1045574000"},"type":"Feature"},{"geometry":{"coordinates":[-2.4357501,51.4532099],"type":"Point"},"properties":{"osmId":"node/1045610855"},"type":"Feature"},{"geometry":{"coordinates":[-2.444565,51.5386861],"type":"Point"},"properties":{"osmId":"node/1045610903"},"type":"Feature"},{"geometry":{"coordinates":[-2.5047219,51.4675566],"type":"Point"},"properties":{"osmId":"node/1045610910"},"type":"Feature"},{"geometry":{"coordinates":[-2.4704111,51.5250623],"type":"Point"},"properties":{"osmId":"node/1045610917"},"type":"Feature"},{"geometry":{"coordinates":[-2.4213608,51.5381271],"type":"Point"},"properties":{"osmId":"node/1045610924"},"type":"Feature"},{"geometry":{"coordinates":[-1.4961843,52.3970716],"type":"Point"},"properties":{"osmId":"node/1049758659"},"type":"Feature"},{"geometry":{"coordinates":[-2.1919217,53.1718037],"type":"Point"},"properties":{"maxspeed":"40 mph","osmId":"node/1059229857"},"type":"Feature"},{"geometry":{"coordinates":[0.5131234,51.5990072],"type":"Point"},"properties":{"osmId":"node/1059708113"},"type":"Feature"},{"geometry":{"coordinates":[0.509622,51.5979216],"type":"Point"},"properties":{"osmId":"node/1059708122"},"type":"Feature"},{"geometry":{"coordinates":[-1.2080628,52.935117],"type":"Point"},"properties":{"maxspeed":"30 mph","osmId":"node/1071340503"},"type":"Feature"},{"geometry":{"coordinates":[-1.2080418,52.9351385],"type":"Point"},"properties":{"maxspeed":"30 mph","osmId":"node/1071340517"},"type":"Feature"},{"geometry":{"coordinates":[0.4666827,51.7415874],"type":"Point"},"properties":{"maxspeed":"30 mph","osmId":"node/1074071528"},"type":"Feature"},{"geometry":{"coordinates":[-4.0828738,55.9084284],"type":"Point"},"properties":{"osmId":"node/1080942250"},"type":"Feature"},{"geometry":{"coordinates":[-1.265822,51.7685215],"type":"Point"},"properties":{"osmId":"node/1081035880"},"type":"Feature"},{"geometry":{"coordinates":[-1.9008083,53.2635206],"type":"Point"},"properties":{"maxspeed":"30 mph","osmId":"node/1081046496"},"type":"Feature"},{"geometry":{"coordinates":[-1.5203763,53.3801159],"type":"Point"},"properties":{"osmId":"node/1081046501"},"type":"Feature"},{"geometry":{"coordinates":[-1.1849406,52.973018],"type":"Point"},"properties":{"maxspeed":"30 mph","osmId":"node/1082910791"},"type":"Feature"},{"geometry":{"coordinates":[-1.1522214,52.9966068],"type":"Point"},"properties":{"maxspeed":"30 mph","osmId":"node/1083469093","role":"average"},"type":"Feature"},{"geometry":{"coordinates":[-1.5908215,54.988393],"type":"Point"},"properties":{"osmId":"node/1092850962"},"type":"Feature"},{"geometry":{"coordinates":[-1.5909079,54.9884582],"type":"Point"},"properties":{"osmId":"node/1092851003"},"type":"Feature"},{"geometry":{"coordinates":[-4.0827542,55.9082164],"type":"Point"},"properties":{"osmId":"node/1093762054"},"type":"Feature"},{"geometry":{"coordinates":[-0.3789291,52.0647653],"type":"Point"},"properties":{"osmId":"node/1096625954"},"type":"Feature"},{"geometry":{"coordinates":[-1.729478,52.4504811],"type":"Point"},"properties":{"osmId":"node/1132368954"},"type":"Feature"},{"geometry":{"coordinates":[-3.2710541,51.5506652],"type":"Point"},"properties":{"osmId":"node/1133603309"},"type":"Feature"},{"geometry":{"coordinates":[-3.3621163,51.5221813],"type":"Point"},"properties":{"osmId":"node/1133608521"},"type":"Feature"},{"geometry":{"coordinates":[-1.9037932,52.4873563],"type":"Point"},"properties":{"osmId":"node/1145194568"},"type":"Feature"},{"geometry":{"coordinates":[-0.4824557,51.4793344],"type":"Point"},"properties":{"maxspeed":"30 mph","osmId":"node/1176801014"},"type":"Feature"},{"geometry":{"coordinates":[-1.1515459,52.9970126],"type":"Point"},"properties":{"maxspeed":"30 mph","osmId":"node/1186045925","role":"average"},"type":"Feature"},{"geometry":{"coordinates":[-2.04035,53.507818],"type":"Point"},"properties":{"osmId":"node/1196622276"},"type":"Feature"},{"geometry":{"coordinates":[-2.069036,53.485326],"type":"Point"},"properties":{"osmId":"node/1196625911"},"type":"Feature"},{"geometry":{"coordinates":[-2.0949498,53.485711],"type":"Point"},"properties":{"osmId":"node/1196626698"},"type":"Feature"},{"geometry":{"coordinates":[-2.027626,53.504333],"type":"Point"},"properties":{"osmId":"node/1196627381"},"type":"Feature"},{"geometry":{"coordinates":[-2.111239,53.477571],"type":"Point"},"properties":{"osmId":"node/1199182783"},"type":"Feature"},{"geometry":{"coordinates":[-3.3452267,51.5206419],"type":"Point"},"properties":{"osmId":"node/1199885498"},"type":"Feature"},{"geometry":{"coordinates":[0.6628704,51.5980181],"type":"Point"},"properties":{"osmId":"node/1201692479"},"type":"Feature"},{"geometry":{"coordinates":[-0.3221566,51.418084],"type":"Point"},"properties":{"maxspeed":"20 mph","osmId":"node/1212005423"},"type":"Feature"},{"geometry":{"coordinates":[-1.8878506,52.4086866],"type":"Point"},"properties":{"maxspeed":"30 mph","osmId":"node/1221131456"},"type":"Feature"},{"geometry":{"coordinates":[-1.9401806,52.462482],"type":"Point"},"properties":{"osmId":"node/1221276698"},"type":"Feature"},{"geometry":{"coordinates":[-0.8982245,51.4570639],"type":"Point"},"properties":{"osmId":"node/1246618322"},"type":"Feature"},{"geometry":{"coordinates":[-1.7985482,52.6154724],"type":"Point"},"properties":{"osmId":"node/1252866380","role":"average"},"type":"Feature"},{"geometry":{"coordinates":[-1.7885426,52.5938739],"type":"Point"},"properties":{"osmId":"node/1252866496","role":"average"},"type":"Feature"},{"geometry":{"coordinates":[-1.8026463,52.6353507],"type":"Point"},"properties":{"osmId":"node/1252866751","role":"average"},"type":"Feature"},{"geometry":{"coordinates":[-4.7261115,50.351428],"type":"Point"},"properties":{"maxspeed":"30 mph","osmId":"node/1255982124"},"type":"Feature"},{"geometry":{"coordinates":[-4.7225359,50.352827],"type":"Point"},"properties":{"maxspeed":"30 mph","osmId":"node/1255982126"},"type":"Feature"},{"geometry":{"coordinates":[-5.0531071,50.4181295],"type":"Point"},"properties":{"osmId":"node/1255982127"},"type":"Feature"},{"geometry":{"coordinates":[-4.7194357,50.3561085],"type":"Point"},"properties":{"maxspeed":"30 mph","osmId":"node/1255982128"},"type":"Feature"},{"geometry":{"coordinates":[-2.3289089,53.422466],"type":"Point"},"properties":{"osmId":"node/1256186860"},"type":"Feature"},{"geometry":{"coordinates":[-1.5995431,52.7744572],"type":"Point"},"properties":{"maxspeed":"30 mph","osmId":"node/1258360391"},"type":"Feature"},{"geometry":{"coordinates":[-1.9817031,51.7313841],"type":"Point"},"properties":{"maxspeed":"40 mph","osmId":"node/1270279780"},"type":"Feature"},{"geometry":{"coordinates":[-1.2849374,52.8389347],"type":"Point"},"properties":{"maxspeed":"40 mph","osmId":"node/1270714885"},"type":"Feature"},{"geometry":{"coordinates":[1.1909734,52.6886216],"type":"Point"},"properties":{"osmId":"node/1273190512"},"type":"Feature"},{"geometry":{"coordinates":[1.2891997,52.6561963],"type":"Point"},"properties":{"maxspeed":"40 mph","osmId":"node/1273190516"},"type":"Feature"},{"geometry":{"coordinates":[1.2372658,52.6404467],"type":"Point"},"properties":{"osmId":"node/1273194277"},"type":"Feature"},{"geometry":{"coordinates":[1.2491137,52.6378712],"type":"Point"},"properties":{"osmId":"node/1273194278"},"type":"Feature"},{"geometry":{"coordinates":[0.4299479,52.7565299],"type":"Point"},"properties":{"maxspeed":"30 mph","osmId":"node/1273195522"},"type":"Feature"},{"geometry":{"coordinates":[1.2705992,52.6182003],"type":"Point"},"properties":{"osmId":"node/1274081926"},"type":"Feature"},{"geometry":{"coordinates":[1.4716609,52.5326645],"type":"Point"},"properties":{"osmId":"node/1274088250"},"type":"Feature"},{"geometry":{"coordinates":[1.434596,52.5557435],"type":"Point"},"properties":{"osmId":"node/1274090343"},"type":"Feature"},{"geometry":{"coordinates":[0.9876985,52.8839921],"type":"Point"},"properties":{"osmId":"node/1274096172"},"type":"Feature"},{"geometry":{"coordinates":[1.7281382,52.6300746],"type":"Point"},"properties":{"osmId":"node/1274107866"},"type":"Feature"},{"geometry":{"coordinates":[1.3377944,52.5796451],"type":"Point"},"properties":{"osmId":"node/1274110085"},"type":"Feature"},{"geometry":{"coordinates":[1.7231451,52.600801],"type":"Point"},"properties":{"osmId":"node/1274112917"},"type":"Feature"},{"geometry":{"coordinates":[-0.3303048,51.494999],"type":"Point"},"properties":{"osmId":"node/1275821199"},"type":"Feature"},{"geometry":{"coordinates":[-0.3247191,51.4926871],"type":"Point"},"properties":{"osmId":"node/1275821200"},"type":"Feature"},{"geometry":{"coordinates":[-1.4660572,50.9975243],"type":"Point"},"properties":{"osmId":"node/1276067864"},"type":"Feature"},{"geometry":{"coordinates":[-1.115209,51.6202561],"type":"Point"},"properties":{"maxspeed":"40 mph","osmId":"node/1276142336"},"type":"Feature"},{"geometry":{"coordinates":[-1.2013176,51.6883812],"type":"Point"},"properties":{"osmId":"node/1276142828"},"type":"Feature"},{"geometry":{"coordinates":[-2.2971146,53.4559724],"type":"Point"},"properties":{"osmId":"node/1279869960"},"type":"Feature"},{"geometry":{"coordinates":[1.1482636,51.8030497],"type":"Point"},"properties":{"osmId":"node/1282555026"},"type":"Feature"},{"geometry":{"coordinates":[0.9417119,52.66517],"type":"Point"},"properties":{"maxspeed":"30 mph","osmId":"node/1282798413"},"type":"Feature"},{"geometry":{"coordinates":[-0.1302619,51.4876593],"type":"Point"},"properties":{"osmId":"node/1284220434"},"type":"Feature"},{"geometry":{"coordinates":[-1.559185,53.1314317],"type":"Point"},"properties":{"osmId":"node/1295125761"},"type":"Feature"},{"geometry":{"coordinates":[-1.4824727,53.0618404],"type":"Point"},"properties":{"osmId":"node/1295125766"},"type":"Feature"},{"geometry":{"coordinates":[-0.6331095,51.4847526],"type":"Point"},"properties":{"osmId":"node/1301901386"},"type":"Feature"},{"geometry":{"coordinates":[-1.9156809,52.4406672],"type":"Point"},"properties":{"osmId":"node/1303546200"},"type":"Feature"},{"geometry":{"coordinates":[-1.9182771,52.450248],"type":"Point"},"properties":{"osmId":"node/1305614639"},"type":"Feature"},{"geometry":{"coordinates":[-2.6413864,55.559096],"type":"Point"},"properties":{"osmId":"node/1307585777"},"type":"Feature"},{"geometry":{"coordinates":[-2.6211198,55.546783],"type":"Point"},"properties":{"osmId":"node/1307585876"},"type":"Feature"},{"geometry":{"coordinates":[0.6956948,51.599648],"type":"Point"},"properties":{"osmId":"node/1309157467"},"type":"Feature"},{"geometry":{"coordinates":[-1.0713338,50.827981],"type":"Point"},"properties":{"osmId":"node/1309428599"},"type":"Feature"},{"geometry":{"coordinates":[1.601246,50.075131],"type":"Point"},"properties":{"maxspeed":"80","osmId":"node/1322250744"},"type":"Feature"},{"geometry":{"coordinates":[1.5371556,50.0004014],"type":"Point"},"properties":{"maxspeed":"80","osmId":"node/1322285139"},"type":"Feature"},{"geometry":{"coordinates":[1.9978989,49.9587489],"type":"Point"},"properties":{"maxspeed":"80","osmId":"node/1322318017"},"type":"Feature"},{"geometry":{"coordinates":[1.8198018,50.1520442],"type":"Point"},"properties":{"maxspeed":"70","osmId":"node/1322321909"},"type":"Feature"},{"geometry":{"coordinates":[-0.0174707,52.6165791],"type":"Point"},"properties":{"osmId":"node/1322639075"},"type":"Feature"},{"geometry":{"coordinates":[0.0546348,52.607775],"type":"Point"},"properties":{"osmId":"node/1322639077"},"type":"Feature"},{"geometry":{"coordinates":[0.6055515,52.4386112],"type":"Point"},"properties":{"maxspeed":"30 mph","osmId":"node/1323565162"},"type":"Feature"},{"geometry":{"coordinates":[-2.4913812,55.3691514],"type":"Point"},"properties":{"osmId":"node/1325512264"},"type":"Feature"},{"geometry":{"coordinates":[-2.5310617,55.4280767],"type":"Point"},"properties":{"osmId":"node/1326211104"},"type":"Feature"},{"geometry":{"coordinates":[-1.9452923,53.3771269],"type":"Point"},"properties":{"maxspeed":"40 mph","osmId":"node/1335891405"},"type":"Feature"},{"geometry":{"coordinates":[-1.0957196,50.7992686],"type":"Point"},"properties":{"osmId":"node/1339490435"},"type":"Feature"},{"geometry":{"coordinates":[-0.3175012,51.5328589],"type":"Point"},"properties":{"osmId":"node/1345629640"},"type":"Feature"},{"geometry":{"coordinates":[-1.4130357,53.1491938],"type":"Point"},"properties":{"osmId":"node/1363793412"},"type":"Feature"},{"geometry":{"coordinates":[0.4279701,51.6155112],"type":"Point"},"properties":{"osmId":"node/1369726912"},"type":"Feature"},{"geometry":{"coordinates":[-0.5540097,52.0111151],"type":"Point"},"properties":{"osmId":"node/1378733407"},"type":"Feature"},{"geometry":{"coordinates":[-2.1093092,54.9839779],"type":"Point"},"properties":{"osmId":"node/1380472315"},"type":"Feature"},{"geometry":{"coordinates":[-2.9846611,51.6048549],"type":"Point"},"properties":{"maxspeed":"50 mph","osmId":"node/1386126171"},"type":"Feature"},{"geometry":{"coordinates":[-0.8799901,51.4158607],"type":"Point"},"properties":{"osmId":"node/1391209571"},"type":"Feature"},{"geometry":{"coordinates":[-0.1327382,52.0128583],"type":"Point"},"properties":{"maxspeed":"70 mph","osmId":"node/1391611166"},"type":"Feature"},{"geometry":{"coordinates":[-0.8469322,51.3779206],"type":"Point"},"properties":{"osmId":"node/1395397723"},"type":"Feature"},{"geometry":{"coordinates":[-0.8473445,51.3780441],"type":"Point"},"properties":{"osmId":"node/1395397724"},"type":"Feature"},{"geometry":{"coordinates":[-0.8357073,51.3790383],"type":"Point"},"properties":{"osmId":"node/1395397725"},"type":"Feature"},{"geometry":{"coordinates":[-0.8366236,51.3790116],"type":"Point"},"properties":{"osmId":"node/1395397727"},"type":"Feature"},{"geometry":{"coordinates":[-0.9637597,51.4533431],"type":"Point"},"properties":{"osmId":"node/1398520102"},"type":"Feature"},{"geometry":{"coordinates":[-1.7001215,52.6463054],"type":"Point"},"properties":{"osmId":"node/1399077259"},"type":"Feature"},{"geometry":{"coordinates":[-1.7046295,52.6515639],"type":"Point"},"properties":{"maxspeed":"30 mph","osmId":"node/1399077263"},"type":"Feature"},{"geometry":{"coordinates":[-1.6966149,52.6441807],"type":"Point"},"properties":{"maxspeed":"30 mph","osmId":"node/1399077265"},"type":"Feature"},{"geometry":{"coordinates":[-1.703955,52.6490825],"type":"Point"},"properties":{"osmId":"node/1399077267"},"type":"Feature"},{"geometry":{"coordinates":[-1.3899834,52.9243722],"type":"Point"},"properties":{"osmId":"node/1400429116"},"type":"Feature"},{"geometry":{"coordinates":[-2.0599067,52.7702876],"type":"Point"},"properties":{"osmId":"node/1404776465"},"type":"Feature"},{"geometry":{"coordinates":[-1.9109431,53.0597455],"type":"Point"},"properties":{"osmId":"node/1407628026"},"type":"Feature"},{"geometry":{"coordinates":[-1.8246916,53.0354289],"type":"Point"},"properties":{"osmId":"node/1407628029"},"type":"Feature"},{"geometry":{"coordinates":[-1.8797246,53.0502276],"type":"Point"},"properties":{"osmId":"node/1407628037"},"type":"Feature"},{"geometry":{"coordinates":[-1.9103971,53.0592734],"type":"Point"},"properties":{"osmId":"node/1407628042"},"type":"Feature"},{"geometry":{"coordinates":[-1.8717913,53.0490397],"type":"Point"},"properties":{"osmId":"node/1407628046"},"type":"Feature"},{"geometry":{"coordinates":[-1.8701147,53.049049],"type":"Point"},"properties":{"osmId":"node/1407628048"},"type":"Feature"},{"geometry":{"coordinates":[-1.9381953,53.0714995],"type":"Point"},"properties":{"maxspeed":"50 mph","osmId":"node/1407628049"},"type":"Feature"},{"geometry":{"coordinates":[-1.8005808,53.0299573],"type":"Point"},"properties":{"osmId":"node/1407628050"},"type":"Feature"},{"geometry":{"coordinates":[-1.8791026,53.0498089],"type":"Point"},"properties":{"osmId":"node/1407628061"},"type":"Feature"},{"geometry":{"coordinates":[-1.8847556,53.0515068],"type":"Point"},"properties":{"osmId":"node/1407628064"},"type":"Feature"},{"geometry":{"coordinates":[-1.7966153,53.0279764],"type":"Point"},"properties":{"osmId":"node/1407628068"},"type":"Feature"},{"geometry":{"coordinates":[-1.8306635,53.0360407],"type":"Point"},"properties":{"osmId":"node/1407628069"},"type":"Feature"},{"geometry":{"coordinates":[-1.4225364,52.36346],"type":"Point"},"properties":{"maxspeed":"80","osmId":"node/1414957293"},"type":"Feature"},{"geometry":{"coordinates":[-0.4640331,51.557296],"type":"Point"},"properties":{"osmId":"node/1419576580"},"type":"Feature"},{"geometry":{"coordinates":[-1.0047178,51.7481227],"type":"Point"},"properties":{"osmId":"node/1420916608"},"type":"Feature"},{"geometry":{"coordinates":[-0.6043442,51.7171486],"type":"Point"},"properties":{"maxspeed":"30 mph","osmId":"node/1421319928"},"type":"Feature"},{"geometry":{"coordinates":[-1.5379094,53.8439749],"type":"Point"},"properties":{"osmId":"node/1423244085"},"type":"Feature"},{"geometry":{"coordinates":[-1.5379499,53.844106],"type":"Point"},"properties":{"osmId":"node/1423244086"},"type":"Feature"},{"geometry":{"coordinates":[-1.1959318,51.7269514],"type":"Point"},"properties":{"maxspeed":"30 mph","osmId":"node/1424447354"},"type":"Feature"},{"geometry":{"coordinates":[1.8735448,50.7384439],"type":"Point"},"properties":{"maxspeed":"90","osmId":"node/1424553933"},"type":"Feature"},{"geometry":{"coordinates":[1.7085124,50.73498],"type":"Point"},"properties":{"maxspeed":"110","osmId":"node/1424625678"},"type":"Feature"},{"geometry":{"coordinates":[1.618134,50.5508834],"type":"Point"},"properties":{"maxspeed":"80","osmId":"node/1425300075"},"type":"Feature"},{"geometry":{"coordinates":[0.0545239,52.242234],"type":"Point"},"properties":{"osmId":"node/1425342445"},"type":"Feature"},{"geometry":{"coordinates":[0.0289279,52.2549153],"type":"Point"},"properties":{"osmId":"node/1425342448"},"type":"Feature"},{"geometry":{"coordinates":[-0.0247041,51.6053997],"type":"Point"},"properties":{"maxspeed":"50 mph","osmId":"node/1430128087"},"type":"Feature"},{"geometry":{"coordinates":[-1.7260185,55.301508],"type":"Point"},"properties":{"maxspeed":"70 mph","osmId":"node/1430220625"},"type":"Feature"},{"geometry":{"coordinates":[1.6873102,49.9891002],"type":"Point"},"properties":{"maxspeed":"130","osmId":"node/1430569694"},"type":"Feature"},{"geometry":{"coordinates":[-1.3851174,50.9156326],"type":"Point"},"properties":{"maxspeed":"30 mph","osmId":"node/1438399392"},"type":"Feature"},{"geometry":{"coordinates":[-1.3614169,50.9156984],"type":"Point"},"properties":{"osmId":"node/1438399394"},"type":"Feature"},{"geometry":{"coordinates":[-2.5467922,51.1463228],"type":"Point"},"properties":{"osmId":"node/1443127587"},"type":"Feature"},{"geometry":{"coordinates":[0.5712057,51.2965689],"type":"Point"},"properties":{"maxspeed":"50 mph","osmId":"node/1447297542"},"type":"Feature"},{"geometry":{"coordinates":[0.3242705,52.2281649],"type":"Point"},"properties":{"osmId":"node/1447300914"},"type":"Feature"},{"geometry":{"coordinates":[-1.2289063,53.2880402],"type":"Point"},"properties":{"osmId":"node/1460497180"},"type":"Feature"},{"geometry":{"coordinates":[-1.2337321,53.2885345],"type":"Point"},"properties":{"osmId":"node/1460497181"},"type":"Feature"},{"geometry":{"coordinates":[-1.2094952,53.2267847],"type":"Point"},"properties":{"osmId":"node/1460499464"},"type":"Feature"},{"geometry":{"coordinates":[-1.2091546,53.2270026],"type":"Point"},"properties":{"osmId":"node/1460499465"},"type":"Feature"},{"geometry":{"coordinates":[-0.0592046,51.5918492],"type":"Point"},"properties":{"osmId":"node/1460556017"},"type":"Feature"},{"geometry":{"coordinates":[-2.6540312,53.3195501],"type":"Point"},"properties":{"maxspeed":"30 mph","osmId":"node/1460809644"},"type":"Feature"},{"geometry":{"coordinates":[-0.8520484,51.4067231],"type":"Point"},"properties":{"osmId":"node/1462368903"},"type":"Feature"},{"geometry":{"coordinates":[-0.8461379,51.4086843],"type":"Point"},"properties":{"osmId":"node/1462368905"},"type":"Feature"},{"geometry":{"coordinates":[0.6482836,51.5639892],"type":"Point"},"properties":{"osmId":"node/1467233820"},"type":"Feature"},{"geometry":{"coordinates":[0.6450294,51.5651782],"type":"Point"},"properties":{"osmId":"node/1467233821"},"type":"Feature"},{"geometry":{"coordinates":[-1.9235136,52.7470084],"type":"Point"},"properties":{"maxspeed":"40 mph","osmId":"node/1469526023"},"type":"Feature"},{"geometry":{"coordinates":[-1.9244119,52.7482159],"type":"Point"},"properties":{"maxspeed":"40 mph","osmId":"node/1469526031"},"type":"Feature"},{"geometry":{"coordinates":[-1.9314066,52.7530327],"type":"Point"},"properties":{"maxspeed":"40 mph","osmId":"node/1469526047"},"type":"Feature"},{"geometry":{"coordinates":[-0.4875054,51.3597002],"type":"Point"},"properties":{"osmId":"node/1474554219"},"type":"Feature"},{"geometry":{"coordinates":[-2.576906,53.3520983],"type":"Point"},"properties":{"maxspeed":"40 mph","osmId":"node/1478866110"},"type":"Feature"},{"geometry":{"coordinates":[-2.7481561,53.3248016],"type":"Point"},"properties":{"maxspeed":"60 mph","osmId":"node/1478877974"},"type":"Feature"},{"geometry":{"coordinates":[-2.5866509,53.3790194],"type":"Point"},"properties":{"maxspeed":"30 mph","osmId":"node/1478877989"},"type":"Feature"},{"geometry":{"coordinates":[-2.6675438,53.3323396],"type":"Point"},"properties":{"maxspeed":"30 mph","osmId":"node/1478879471"},"type":"Feature"},{"geometry":{"coordinates":[-0.4609081,51.6442725],"type":"Point"},"properties":{"maxspeed":"30 mph","osmId":"node/1479504571"},"type":"Feature"},{"geometry":{"coordinates":[-0.4602001,51.6439888],"type":"Point"},"properties":{"maxspeed":"30 mph","osmId":"node/1479504583"},"type":"Feature"},{"geometry":{"coordinates":[-0.6269255,51.3939411],"type":"Point"},"properties":{"maxspeed":"30 mph","osmId":"node/1484102701"},"type":"Feature"},{"geometry":{"coordinates":[-0.2191367,51.4562783],"type":"Point"},"properties":{"osmId":"node/1484886508"},"type":"Feature"},{"geometry":{"coordinates":[-1.9664361,52.2992268],"type":"Point"},"properties":{"maxspeed":"30 mph","osmId":"node/1485083123"},"type":"Feature"},{"geometry":{"coordinates":[-2.2123895,53.5268028],"type":"Point"},"properties":{"osmId":"node/1490574175"},"type":"Feature"},{"geometry":{"coordinates":[-2.7749187,50.8422241],"type":"Point"},"properties":{"maxspeed":"30 mph","osmId":"node/1492198828"},"type":"Feature"},{"geometry":{"coordinates":[1.1462411,51.7837545],"type":"Point"},"properties":{"osmId":"node/1496337600"},"type":"Feature"},{"geometry":{"coordinates":[-0.631226,51.4845472],"type":"Point"},"properties":{"osmId":"node/1496549309"},"type":"Feature"},{"geometry":{"coordinates":[-1.0595842,52.0691693],"type":"Point"},"properties":{"osmId":"node/1503087366"},"type":"Feature"},{"geometry":{"coordinates":[-0.9003781,52.1736671],"type":"Point"},"properties":{"maxspeed":"50 mph","osmId":"node/1503087367"},"type":"Feature"},{"geometry":{"coordinates":[-1.8982792,50.768349],"type":"Point"},"properties":{"maxspeed":"30 mph","osmId":"node/1516277746"},"type":"Feature"},{"geometry":{"coordinates":[-1.545069,53.3355759],"type":"Point"},"properties":{"osmId":"node/1516856510"},"type":"Feature"},{"geometry":{"coordinates":[-2.3058792,51.8580571],"type":"Point"},"properties":{"osmId":"node/1518127529"},"type":"Feature"},{"geometry":{"coordinates":[-1.161478,52.9313294],"type":"Point"},"properties":{"osmId":"node/1532897520"},"type":"Feature"},{"geometry":{"coordinates":[-1.9443326,52.6831333],"type":"Point"},"properties":{"osmId":"node/1541040966"},"type":"Feature"},{"geometry":{"coordinates":[-1.9463463,52.6834153],"type":"Point"},"properties":{"osmId":"node/1541040973"},"type":"Feature"},{"geometry":{"coordinates":[-2.951529,50.8856242],"type":"Point"},"properties":{"maxspeed":"40 mph","osmId":"node/1542179432"},"type":"Feature"},{"geometry":{"coordinates":[-2.9361725,51.1561355],"type":"Point"},"properties":{"maxspeed":"30 mph","osmId":"node/1543247811"},"type":"Feature"},{"geometry":{"coordinates":[-2.5281588,51.1644275],"type":"Point"},"properties":{"osmId":"node/1543247817"},"type":"Feature"},{"geometry":{"coordinates":[-2.5415156,51.2390502],"type":"Point"},"properties":{"maxspeed":"30 mph","osmId":"node/1543247820"},"type":"Feature"},{"geometry":{"coordinates":[-2.5511108,51.3749746],"type":"Point"},"properties":{"osmId":"node/1543247822"},"type":"Feature"},{"geometry":{"coordinates":[0.0476774,51.7853459],"type":"Point"},"properties":{"maxspeed":"50","osmId":"node/1550349756"},"type":"Feature"},{"geometry":{"coordinates":[0.0471193,51.7855121],"type":"Point"},"properties":{"maxspeed":"50","osmId":"node/1550349916"},"type":"Feature"},{"geometry":{"coordinates":[0.1271062,51.7591404],"type":"Point"},"properties":{"osmId":"node/1550430810"},"type":"Feature"},{"geometry":{"coordinates":[-0.2505162,51.6506348],"type":"Point"},"properties":{"maxspeed":"50 mph","osmId":"node/1552732595"},"type":"Feature"},{"geometry":{"coordinates":[0.1577557,52.2127067],"type":"Point"},"properties":{"osmId":"node/1564281358"},"type":"Feature"},{"geometry":{"coordinates":[0.1497372,52.2127965],"type":"Point"},"properties":{"osmId":"node/1564281361"},"type":"Feature"},{"geometry":{"coordinates":[0.1473037,52.228774],"type":"Point"},"properties":{"osmId":"node/1564281368"},"type":"Feature"},{"geometry":{"coordinates":[-0.8967139,51.4360174],"type":"Point"},"properties":{"osmId":"node/1565653717"},"type":"Feature"},{"geometry":{"coordinates":[-0.8974152,51.4364211],"type":"Point"},"properties":{"osmId":"node/1565653773"},"type":"Feature"},{"geometry":{"coordinates":[-1.4757944,52.5563285],"type":"Point"},"properties":{"osmId":"node/1581584131"},"type":"Feature"},{"geometry":{"coordinates":[-4.2395559,55.8475708],"type":"Point"},"properties":{"maxspeed":"30 mph","osmId":"node/1583118266"},"type":"Feature"},{"geometry":{"coordinates":[-1.061947,51.7408408],"type":"Point"},"properties":{"osmId":"node/1583345473"},"type":"Feature"},{"geometry":{"coordinates":[-1.5929307,55.2952098],"type":"Point"},"properties":{"maxspeed":"60 mph","osmId":"node/1586035089"},"type":"Feature"},{"geometry":{"coordinates":[-0.5407789,51.3996013],"type":"Point"},"properties":{"maxspeed":"50 mph","osmId":"node/1589681408"},"type":"Feature"},{"geometry":{"coordinates":[-1.2792326,52.8900053],"type":"Point"},"properties":{"osmId":"node/1590046916"},"type":"Feature"},{"geometry":{"coordinates":[-0.393601,51.7372849],"type":"Point"},"properties":{"maxspeed":"70 mph","osmId":"node/1590078003"},"type":"Feature"},{"geometry":{"coordinates":[-0.416154,51.7560168],"type":"Point"},"properties":{"maxspeed":"70 mph","osmId":"node/1590078006"},"type":"Feature"},{"geometry":{"coordinates":[-0.4111726,51.7832059],"type":"Point"},"properties":{"maxspeed":"70 mph","osmId":"node/1590078047"},"type":"Feature"},{"geometry":{"coordinates":[-0.4142644,51.7536509],"type":"Point"},"properties":{"maxspeed":"70 mph","osmId":"node/1590078053"},"type":"Feature"},{"geometry":{"coordinates":[-0.411349,51.7915214],"type":"Point"},"properties":{"maxspeed":"70 mph","osmId":"node/1590078060"},"type":"Feature"},{"geometry":{"coordinates":[-0.4154984,51.7554504],"type":"Point"},"properties":{"maxspeed":"70 mph","osmId":"node/1590078077"},"type":"Feature"},{"geometry":{"coordinates":[-0.0839695,51.5092328],"type":"Point"},"properties":{"osmId":"node/1590088452"},"type":"Feature"},{"geometry":{"coordinates":[-0.0827543,51.5091521],"type":"Point"},"properties":{"osmId":"node/1590114998"},"type":"Feature"},{"geometry":{"coordinates":[-0.7864573,51.3039754],"type":"Point"},"properties":{"maxspeed":"70 mph","osmId":"node/1595057680"},"type":"Feature"},{"geometry":{"coordinates":[-0.7676603,51.3121403],"type":"Point"},"properties":{"osmId":"node/1595057785"},"type":"Feature"},{"geometry":{"coordinates":[-0.747531,51.3197892],"type":"Point"},"properties":{"maxspeed":"70 mph","osmId":"node/1595124992"},"type":"Feature"},{"geometry":{"coordinates":[-0.7476664,51.3198843],"type":"Point"},"properties":{"maxspeed":"70 mph","osmId":"node/1595124993"},"type":"Feature"},{"geometry":{"coordinates":[-0.7409544,51.3229239],"type":"Point"},"properties":{"maxspeed":"70 mph","osmId":"node/1595125064"},"type":"Feature"},{"geometry":{"coordinates":[-0.7166252,51.337094],"type":"Point"},"properties":{"maxspeed":"70 mph","osmId":"node/1595125274"},"type":"Feature"},{"geometry":{"coordinates":[-0.7167729,51.3372153],"type":"Point"},"properties":{"maxspeed":"70 mph","osmId":"node/1595125277"},"type":"Feature"},{"geometry":{"coordinates":[-0.6966258,51.3495594],"type":"Point"},"properties":{"maxspeed":"70 mph","osmId":"node/1595125607"},"type":"Feature"},{"geometry":{"coordinates":[-0.6320595,51.3676972],"type":"Point"},"properties":{"maxspeed":"70 mph","osmId":"node/1595221374"},"type":"Feature"},{"geometry":{"coordinates":[-0.5883281,51.3829146],"type":"Point"},"properties":{"maxspeed":"70 mph","osmId":"node/1595221469"},"type":"Feature"},{"geometry":{"coordinates":[-0.631961,51.3675486],"type":"Point"},"properties":{"maxspeed":"70 mph","osmId":"node/1595262052"},"type":"Feature"},{"geometry":{"coordinates":[-0.5666388,51.3903849],"type":"Point"},"properties":{"maxspeed":"70 mph","osmId":"node/1595262198"},"type":"Feature"},{"geometry":{"coordinates":[-0.5598143,51.3932566],"type":"Point"},"properties":{"maxspeed":"50 mph","osmId":"node/1595262205"},"type":"Feature"},{"geometry":{"coordinates":[-0.5515848,51.3975996],"type":"Point"},"properties":{"maxspeed":"70 mph","osmId":"node/1595262231"},"type":"Feature"},{"geometry":{"coordinates":[-1.5487395,53.7848416],"type":"Point"},"properties":{"maxspeed":"50 mph","osmId":"node/1596707320"},"type":"Feature"},{"geometry":{"coordinates":[-0.4163201,51.757351],"type":"Point"},"properties":{"maxspeed":"70 mph","osmId":"node/1597812785"},"type":"Feature"},{"geometry":{"coordinates":[0.6667085,52.3832453],"type":"Point"},"properties":{"osmId":"node/1601563491"},"type":"Feature"},{"geometry":{"coordinates":[0.6679906,52.3836022],"type":"Point"},"properties":{"osmId":"node/1601563504"},"type":"Feature"},{"geometry":{"coordinates":[-1.2922158,52.8810497],"type":"Point"},"properties":{"osmId":"node/1601847275"},"type":"Feature"},{"geometry":{"coordinates":[-1.2913751,52.8815482],"type":"Point"},"properties":{"osmId":"node/1601847280"},"type":"Feature"},{"geometry":{"coordinates":[-2.2178612,52.1898014],"type":"Point"},"properties":{"maxspeed":"30 mph","osmId":"node/1604205209"},"type":"Feature"},{"geometry":{"coordinates":[-2.2176236,52.190718],"type":"Point"},"properties":{"maxspeed":"30 mph","osmId":"node/1604205226"},"type":"Feature"},{"geometry":{"coordinates":[-2.0280512,52.6737268],"type":"Point"},"properties":{"osmId":"node/1606856906"},"type":"Feature"},{"geometry":{"coordinates":[-2.0638306,52.6822837],"type":"Point"},"properties":{"osmId":"node/1606856907"},"type":"Feature"},{"geometry":{"coordinates":[-2.0707539,52.6837842],"type":"Point"},"properties":{"osmId":"node/1606856908"},"type":"Feature"},{"geometry":{"coordinates":[-2.0845348,52.6865955],"type":"Point"},"properties":{"osmId":"node/1606856914"},"type":"Feature"},{"geometry":{"coordinates":[-2.1248098,52.6921355],"type":"Point"},"properties":{"osmId":"node/1606856921"},"type":"Feature"},{"geometry":{"coordinates":[-1.6616742,52.0558964],"type":"Point"},"properties":{"osmId":"node/1611594311"},"type":"Feature"},{"geometry":{"coordinates":[-1.1282678,51.7463876],"type":"Point"},"properties":{"osmId":"node/1613638650"},"type":"Feature"},{"geometry":{"coordinates":[-0.3598581,51.5387933],"type":"Point"},"properties":{"maxspeed":"40 mph","osmId":"node/1616023445"},"type":"Feature"},{"geometry":{"coordinates":[-0.4657861,51.7484109],"type":"Point"},"properties":{"maxspeed":"40 mph","osmId":"node/1617333857"},"type":"Feature"},{"geometry":{"coordinates":[-0.4603446,51.7498653],"type":"Point"},"properties":{"maxspeed":"40 mph","osmId":"node/1617333900"},"type":"Feature"},{"geometry":{"coordinates":[-0.4407847,51.7518019],"type":"Point"},"properties":{"maxspeed":"40 mph","osmId":"node/1617337212"},"type":"Feature"},{"geometry":{"coordinates":[-0.2458084,51.4100958],"type":"Point"},"properties":{"maxspeed":"50 mph","osmId":"node/1623537499"},"type":"Feature"},{"geometry":{"coordinates":[-1.3410278,51.3809645],"type":"Point"},"properties":{"osmId":"node/1624741505"},"type":"Feature"},{"geometry":{"coordinates":[-1.342951,51.378296],"type":"Point"},"properties":{"osmId":"node/1624741506"},"type":"Feature"},{"geometry":{"coordinates":[-1.3336544,51.3886713],"type":"Point"},"properties":{"osmId":"node/1624741507"},"type":"Feature"},{"geometry":{"coordinates":[-1.5061386,53.666617],"type":"Point"},"properties":{"osmId":"node/1628858858"},"type":"Feature"},{"geometry":{"coordinates":[-0.3496268,51.4811429],"type":"Point"},"properties":{"osmId":"node/1633758302"},"type":"Feature"},{"geometry":{"coordinates":[-0.4774009,50.8401747],"type":"Point"},"properties":{"osmId":"node/1634301988"},"type":"Feature"},{"geometry":{"coordinates":[-0.1974238,51.6675068],"type":"Point"},"properties":{"osmId":"node/1634705460"},"type":"Feature"},{"geometry":{"coordinates":[-3.5462988,50.6266019],"type":"Point"},"properties":{"osmId":"node/1635098897"},"type":"Feature"},{"geometry":{"coordinates":[-1.5624876,53.6862459],"type":"Point"},"properties":{"osmId":"node/1636590552"},"type":"Feature"},{"geometry":{"coordinates":[-1.5703129,53.6866377],"type":"Point"},"properties":{"osmId":"node/1636590556"},"type":"Feature"},{"geometry":{"coordinates":[-1.5746557,53.6887567],"type":"Point"},"properties":{"osmId":"node/1636590561"},"type":"Feature"},{"geometry":{"coordinates":[-3.4653279,50.6385381],"type":"Point"},"properties":{"osmId":"node/1638894245"},"type":"Feature"},{"geometry":{"coordinates":[-1.786716,53.6110104],"type":"Point"},"properties":{"maxspeed":"30 mph","osmId":"node/1639247683"},"type":"Feature"},{"geometry":{"coordinates":[-1.7977164,53.6293261],"type":"Point"},"properties":{"maxspeed":"30 mph","osmId":"node/1639247701"},"type":"Feature"},{"geometry":{"coordinates":[-2.1734266,53.4222944],"type":"Point"},"properties":{"osmId":"node/1640813491"},"type":"Feature"},{"geometry":{"coordinates":[-3.0228279,50.9133912],"type":"Point"},"properties":{"maxspeed":"50 mph","osmId":"node/1643021760"},"type":"Feature"},{"geometry":{"coordinates":[-1.5778027,53.6906656],"type":"Point"},"properties":{"osmId":"node/1644167384"},"type":"Feature"},{"geometry":{"coordinates":[-1.8727299,53.7268053],"type":"Point"},"properties":{"osmId":"node/1645808989"},"type":"Feature"},{"geometry":{"coordinates":[-0.3857373,51.4395084],"type":"Point"},"properties":{"osmId":"node/1648670346"},"type":"Feature"},{"geometry":{"coordinates":[-0.3858061,51.4394483],"type":"Point"},"properties":{"osmId":"node/1648670352"},"type":"Feature"},{"geometry":{"coordinates":[-1.221987,53.0235674],"type":"Point"},"properties":{"osmId":"node/1650656098"},"type":"Feature"},{"geometry":{"coordinates":[-2.0175663,52.5295042],"type":"Point"},"properties":{"maxspeed":"40","osmId":"node/1652532530"},"type":"Feature"},{"geometry":{"coordinates":[-1.4011798,52.9118944],"type":"Point"},"properties":{"osmId":"node/1657942980"},"type":"Feature"},{"geometry":{"coordinates":[-1.4108411,52.9152162],"type":"Point"},"properties":{"osmId":"node/1657943037"},"type":"Feature"},{"geometry":{"coordinates":[-1.8892579,52.4453933],"type":"Point"},"properties":{"maxspeed":"30 mph","osmId":"node/1662148952"},"type":"Feature"},{"geometry":{"coordinates":[-2.2305357,52.1907526],"type":"Point"},"properties":{"osmId":"node/1662933379"},"type":"Feature"},{"geometry":{"coordinates":[-1.3617616,50.9156125],"type":"Point"},"properties":{"osmId":"node/1664362578"},"type":"Feature"},{"geometry":{"coordinates":[-0.904237,52.2656289],"type":"Point"},"properties":{"maxspeed":"30 mph","osmId":"node/1665211958"},"type":"Feature"},{"geometry":{"coordinates":[-2.5697396,51.5091223],"type":"Point"},"properties":{"osmId":"node/1666673124"},"type":"Feature"},{"geometry":{"coordinates":[-3.0312769,53.3550161],"type":"Point"},"properties":{"maxspeed":"30 mph","osmId":"node/1667120773"},"type":"Feature"},{"geometry":{"coordinates":[-2.8547517,54.380688],"type":"Point"},"properties":{"osmId":"node/1667403532"},"type":"Feature"},{"geometry":{"coordinates":[-2.8559648,54.3808286],"type":"Point"},"properties":{"osmId":"node/1667403547"},"type":"Feature"},{"geometry":{"coordinates":[-2.8556064,54.3808394],"type":"Point"},"properties":{"osmId":"node/1667403550"},"type":"Feature"},{"geometry":{"coordinates":[-2.9826941,53.3417767],"type":"Point"},"properties":{"osmId":"node/1667529403"},"type":"Feature"},{"geometry":{"coordinates":[-0.2416949,51.4015497],"type":"Point"},"properties":{"maxspeed":"50 mph","osmId":"node/1667650240"},"type":"Feature"},{"geometry":{"coordinates":[-4.341629,55.8508229],"type":"Point"},"properties":{"osmId":"node/1668928224"},"type":"Feature"},{"geometry":{"coordinates":[-2.1964004,53.0226121],"type":"Point"},"properties":{"maxspeed":"40 mph","osmId":"node/1670171665"},"type":"Feature"},{"geometry":{"coordinates":[-2.1960095,53.0229257],"type":"Point"},"properties":{"maxspeed":"40 mph","osmId":"node/1670171666"},"type":"Feature"},{"geometry":{"coordinates":[-2.1712974,53.0246428],"type":"Point"},"properties":{"osmId":"node/1670171667"},"type":"Feature"},{"geometry":{"coordinates":[-2.1726346,53.0279239],"type":"Point"},"properties":{"osmId":"node/1670171668"},"type":"Feature"},{"geometry":{"coordinates":[-2.1735884,53.0287911],"type":"Point"},"properties":{"osmId":"node/1670171669"},"type":"Feature"},{"geometry":{"coordinates":[-0.0878621,51.4940523],"type":"Point"},"properties":{"osmId":"node/1675124019"},"type":"Feature"},{"geometry":{"coordinates":[-0.4068644,51.5480053],"type":"Point"},"properties":{"maxspeed":"50 mph","osmId":"node/1678581664"},"type":"Feature"},{"geometry":{"coordinates":[-2.0994865,50.7072673],"type":"Point"},"properties":{"osmId":"node/1691211149"},"type":"Feature"},{"geometry":{"coordinates":[-1.9304431,53.6004417],"type":"Point"},"properties":{"maxspeed":"30 mph","osmId":"node/1700247890"},"type":"Feature"},{"geometry":{"coordinates":[-0.2634435,51.5489468],"type":"Point"},"properties":{"maxspeed":"40 mph","osmId":"node/1700917630"},"type":"Feature"},{"geometry":{"coordinates":[-1.5436459,53.748304],"type":"Point"},"properties":{"osmId":"node/1701743904"},"type":"Feature"},{"geometry":{"coordinates":[-1.5436459,53.7484004],"type":"Point"},"properties":{"osmId":"node/1701743905"},"type":"Feature"},{"geometry":{"coordinates":[-1.2215114,52.9319338],"type":"Point"},"properties":{"osmId":"node/1708840901"},"type":"Feature"},{"geometry":{"coordinates":[-1.2236034,52.9340564],"type":"Point"},"properties":{"osmId":"node/1708840912"},"type":"Feature"},{"geometry":{"coordinates":[-2.1398766,53.4749834],"type":"Point"},"properties":{"osmId":"node/1726348415"},"type":"Feature"},{"geometry":{"coordinates":[-2.1183113,53.4812663],"type":"Point"},"properties":{"osmId":"node/1726348416"},"type":"Feature"},{"geometry":{"coordinates":[-2.0817589,53.4873246],"type":"Point"},"properties":{"osmId":"node/1726348417"},"type":"Feature"},{"geometry":{"coordinates":[-2.2212583,52.5725383],"type":"Point"},"properties":{"osmId":"node/1729632002"},"type":"Feature"},{"geometry":{"coordinates":[-0.9686667,51.4724175],"type":"Point"},"properties":{"maxspeed":"30 mph","osmId":"node/1734024908"},"type":"Feature"},{"geometry":{"coordinates":[-2.3212955,55.8886758],"type":"Point"},"properties":{"osmId":"node/1746506026"},"type":"Feature"},{"geometry":{"coordinates":[-1.9771384,53.3082013],"type":"Point"},"properties":{"maxspeed":"40 mph","osmId":"node/1746730948","role":"average"},"type":"Feature"},{"geometry":{"coordinates":[-2.9113034,55.9474661],"type":"Point"},"properties":{"osmId":"node/1747551548"},"type":"Feature"},{"geometry":{"coordinates":[-0.4313499,51.4280252],"type":"Point"},"properties":{"osmId":"node/1747699354"},"type":"Feature"},{"geometry":{"coordinates":[1.7392152,50.1569901],"type":"Point"},"properties":{"maxspeed":"80","osmId":"node/1757399754"},"type":"Feature"},{"geometry":{"coordinates":[1.7959121,50.1220412],"type":"Point"},"properties":{"maxspeed":"110","osmId":"node/1757438681"},"type":"Feature"},{"geometry":{"coordinates":[-1.2284624,51.7440231],"type":"Point"},"properties":{"osmId":"node/1760402725"},"type":"Feature"},{"geometry":{"coordinates":[-1.2613613,51.7664472],"type":"Point"},"properties":{"osmId":"node/1760430554"},"type":"Feature"},{"geometry":{"coordinates":[-1.268166,51.7837012],"type":"Point"},"properties":{"osmId":"node/1760463849"},"type":"Feature"},{"geometry":{"coordinates":[-1.2714691,51.7906588],"type":"Point"},"properties":{"osmId":"node/1760463851"},"type":"Feature"},{"geometry":{"coordinates":[-1.0986478,51.8774304],"type":"Point"},"properties":{"osmId":"node/1760556385"},"type":"Feature"},{"geometry":{"coordinates":[-1.1137088,51.8787505],"type":"Point"},"properties":{"maxspeed":"50 mph","osmId":"node/1760556390"},"type":"Feature"},{"geometry":{"coordinates":[-0.9995434,51.8657996],"type":"Point"},"properties":{"osmId":"node/1760564304"},"type":"Feature"},{"geometry":{"coordinates":[-0.8992573,51.7921054],"type":"Point"},"properties":{"osmId":"node/1760573138"},"type":"Feature"},{"geometry":{"coordinates":[-1.7627978,52.6265691],"type":"Point"},"properties":{"osmId":"node/1767808802"},"type":"Feature"},{"geometry":{"coordinates":[-1.7713956,52.6286527],"type":"Point"},"properties":{"osmId":"node/1767808841"},"type":"Feature"},{"geometry":{"coordinates":[-1.7882024,52.6343856],"type":"Point"},"properties":{"osmId":"node/1767808845"},"type":"Feature"},{"geometry":{"coordinates":[-1.7944452,52.6364666],"type":"Point"},"properties":{"osmId":"node/1767808848"},"type":"Feature"},{"geometry":{"coordinates":[-0.2855099,51.4925682],"type":"Point"},"properties":{"maxspeed":"40 mph","osmId":"node/1769061868"},"type":"Feature"},{"geometry":{"coordinates":[-4.2329169,55.8921574],"type":"Point"},"properties":{"osmId":"node/1776154132"},"type":"Feature"},{"geometry":{"coordinates":[-1.4513754,53.3848293],"type":"Point"},"properties":{"maxspeed":"40 mph","osmId":"node/1791422847"},"type":"Feature"},{"geometry":{"coordinates":[-0.135143,51.5313002],"type":"Point"},"properties":{"osmId":"node/1794145898"},"type":"Feature"},{"geometry":{"coordinates":[-1.9598398,52.4224825],"type":"Point"},"properties":{"osmId":"node/1805449306"},"type":"Feature"},{"geometry":{"coordinates":[-1.9552786,52.4253542],"type":"Point"},"properties":{"osmId":"node/1805449307"},"type":"Feature"},{"geometry":{"coordinates":[-1.9486473,52.4320731],"type":"Point"},"properties":{"osmId":"node/1805449308"},"type":"Feature"},{"geometry":{"coordinates":[-1.9024333,52.6764662],"type":"Point"},"properties":{"osmId":"node/1811720849"},"type":"Feature"},{"geometry":{"coordinates":[-1.9125294,52.6787331],"type":"Point"},"properties":{"osmId":"node/1811720850"},"type":"Feature"},{"geometry":{"coordinates":[-1.9172335,52.6793863],"type":"Point"},"properties":{"osmId":"node/1811720855"},"type":"Feature"},{"geometry":{"coordinates":[-1.9249677,52.6804799],"type":"Point"},"properties":{"osmId":"node/1811720857"},"type":"Feature"},{"geometry":{"coordinates":[-1.9258245,52.680597],"type":"Point"},"properties":{"osmId":"node/1811720860"},"type":"Feature"},{"geometry":{"coordinates":[-1.927889,52.6808754],"type":"Point"},"properties":{"osmId":"node/1811720862"},"type":"Feature"},{"geometry":{"coordinates":[-0.8990962,51.499066],"type":"Point"},"properties":{"osmId":"node/1817730283"},"type":"Feature"},{"geometry":{"coordinates":[-1.1829348,50.8453877],"type":"Point"},"properties":{"maxspeed":"30 mph","osmId":"node/1830075760"},"type":"Feature"},{"geometry":{"coordinates":[-3.7345612,56.2767836],"type":"Point"},"properties":{"maxspeed":"70 mph","osmId":"node/1832079495"},"type":"Feature"},{"geometry":{"coordinates":[-3.6510288,56.3193213],"type":"Point"},"properties":{"maxspeed":"70 mph","osmId":"node/1832083811"},"type":"Feature"},{"geometry":{"coordinates":[-3.7806817,56.2578857],"type":"Point"},"properties":{"maxspeed":"70 mph","osmId":"node/1832097852"},"type":"Feature"},{"geometry":{"coordinates":[1.2264947,52.6751367],"type":"Point"},"properties":{"maxspeed":"30 mph","osmId":"node/1832914731"},"type":"Feature"},{"geometry":{"coordinates":[-4.3391949,55.8892863],"type":"Point"},"properties":{"maxspeed":"30 mph","osmId":"node/1833429750"},"type":"Feature"},{"geometry":{"coordinates":[-1.7698267,52.5761384],"type":"Point"},"properties":{"osmId":"node/1837500542"},"type":"Feature"},{"geometry":{"coordinates":[-4.3427316,55.8666185],"type":"Point"},"properties":{"maxspeed":"30 mph","osmId":"node/1839606870"},"type":"Feature"},{"geometry":{"coordinates":[-4.4021756,55.8672531],"type":"Point"},"properties":{"maxspeed":"30 mph","osmId":"node/1839611614"},"type":"Feature"},{"geometry":{"coordinates":[-0.0955936,51.5110003],"type":"Point"},"properties":{"osmId":"node/1852996948"},"type":"Feature"},{"geometry":{"coordinates":[-1.9740809,52.6691181],"type":"Point"},"properties":{"osmId":"node/1853184028"},"type":"Feature"},{"geometry":{"coordinates":[-1.9731264,52.6718081],"type":"Point"},"properties":{"osmId":"node/1853184031"},"type":"Feature"},{"geometry":{"coordinates":[-1.9728492,52.6773897],"type":"Point"},"properties":{"osmId":"node/1853184038"},"type":"Feature"},{"geometry":{"coordinates":[-0.9686988,53.1780498],"type":"Point"},"properties":{"osmId":"node/1880985802"},"type":"Feature"},{"geometry":{"coordinates":[-1.092621,52.4466989],"type":"Point"},"properties":{"osmId":"node/1882921686"},"type":"Feature"},{"geometry":{"coordinates":[0.1127127,52.1741546],"type":"Point"},"properties":{"maxspeed":"30 mph","osmId":"node/1885342965"},"type":"Feature"},{"geometry":{"coordinates":[0.1440827,52.1881071],"type":"Point"},"properties":{"osmId":"node/1885342967"},"type":"Feature"},{"geometry":{"coordinates":[-1.5074429,53.6645794],"type":"Point"},"properties":{"osmId":"node/1885717915"},"type":"Feature"},{"geometry":{"coordinates":[-0.8025946,52.1180165],"type":"Point"},"properties":{"maxspeed":"70 mph","osmId":"node/1892197276"},"type":"Feature"},{"geometry":{"coordinates":[-0.8031669,52.1181706],"type":"Point"},"properties":{"maxspeed":"70 mph","osmId":"node/1892197302"},"type":"Feature"},{"geometry":{"coordinates":[-0.7208468,52.0682416],"type":"Point"},"properties":{"maxspeed":"70 mph","osmId":"node/1892197506"},"type":"Feature"},{"geometry":{"coordinates":[-4.1917235,55.8436021],"type":"Point"},"properties":{"osmId":"node/1901131395"},"type":"Feature"},{"geometry":{"coordinates":[0.0556649,51.4929723],"type":"Point"},"properties":{"osmId":"node/1938390461"},"type":"Feature"},{"geometry":{"coordinates":[-1.4961175,52.8919641],"type":"Point"},"properties":{"osmId":"node/1943005664"},"type":"Feature"},{"geometry":{"coordinates":[-0.0859213,51.6106153],"type":"Point"},"properties":{"maxspeed":"40 mph","osmId":"node/1945267353"},"type":"Feature"},{"geometry":{"coordinates":[-0.4146849,51.7432838],"type":"Point"},"properties":{"osmId":"node/1948280725"},"type":"Feature"},{"geometry":{"coordinates":[0.0452568,51.6405571],"type":"Point"},"properties":{"osmId":"node/1950585922"},"type":"Feature"},{"geometry":{"coordinates":[-1.4886926,53.904291],"type":"Point"},"properties":{"osmId":"node/1976402508"},"type":"Feature"},{"geometry":{"coordinates":[-0.5717197,51.482143],"type":"Point"},"properties":{"osmId":"node/1976894017"},"type":"Feature"},{"geometry":{"coordinates":[-0.5724408,51.4823056],"type":"Point"},"properties":{"maxspeed":"30 mph","osmId":"node/1976894042"},"type":"Feature"},{"geometry":{"coordinates":[-4.2282443,55.8586542],"type":"Point"},"properties":{"osmId":"node/1976898712"},"type":"Feature"},{"geometry":{"coordinates":[-0.630806,51.5230359],"type":"Point"},"properties":{"osmId":"node/1977061427"},"type":"Feature"},{"geometry":{"coordinates":[0.2081178,51.6441266],"type":"Point"},"properties":{"maxspeed":"70 mph","osmId":"node/1990038773"},"type":"Feature"},{"geometry":{"coordinates":[-2.4801856,52.6766546],"type":"Point"},"properties":{"osmId":"node/1997731655"},"type":"Feature"},{"geometry":{"coordinates":[-1.7877714,52.5258973],"type":"Point"},"properties":{"maxspeed":"40 mph","osmId":"node/2003242804"},"type":"Feature"},{"geometry":{"coordinates":[-1.4551342,52.3731183],"type":"Point"},"properties":{"osmId":"node/2024658445"},"type":"Feature"},{"geometry":{"coordinates":[-4.1360055,55.8575635],"type":"Point"},"properties":{"osmId":"node/2027081195"},"type":"Feature"},{"geometry":{"coordinates":[-2.583668,51.4597235],"type":"Point"},"properties":{"osmId":"node/2045253677"},"type":"Feature"},{"geometry":{"coordinates":[-1.9169196,53.7509042],"type":"Point"},"properties":{"maxspeed":"20 mph","osmId":"node/2066409188"},"type":"Feature"},{"geometry":{"coordinates":[-0.9659586,51.4777018],"type":"Point"},"properties":{"maxspeed":"30 mph","osmId":"node/2097047904"},"type":"Feature"},{"geometry":{"coordinates":[-0.9641965,51.4818905],"type":"Point"},"properties":{"osmId":"node/2097047905"},"type":"Feature"},{"geometry":{"coordinates":[-0.9614194,51.4877172],"type":"Point"},"properties":{"osmId":"node/2097047906"},"type":"Feature"},{"geometry":{"coordinates":[-0.96183,51.4883784],"type":"Point"},"properties":{"osmId":"node/2097047907"},"type":"Feature"},{"geometry":{"coordinates":[-0.9774251,51.5186492],"type":"Point"},"properties":{"maxspeed":"30 mph","osmId":"node/2097048190"},"type":"Feature"},{"geometry":{"coordinates":[-0.1371791,51.5695222],"type":"Point"},"properties":{"maxspeed":"30 mph","osmId":"node/2097687309"},"type":"Feature"},{"geometry":{"coordinates":[-0.1373168,51.5694723],"type":"Point"},"properties":{"maxspeed":"30 mph","osmId":"node/2097687311"},"type":"Feature"},{"geometry":{"coordinates":[-1.0215474,51.4596661],"type":"Point"},"properties":{"maxspeed":"30 mph","osmId":"node/2098179139"},"type":"Feature"},{"geometry":{"coordinates":[-1.022477,51.4596801],"type":"Point"},"properties":{"maxspeed":"30 mph","osmId":"node/2098179143"},"type":"Feature"},{"geometry":{"coordinates":[-2.9739549,53.3312061],"type":"Point"},"properties":{"osmId":"node/2111416850"},"type":"Feature"},{"geometry":{"coordinates":[-2.9792039,53.3366576],"type":"Point"},"properties":{"osmId":"node/2116860622"},"type":"Feature"},{"geometry":{"coordinates":[-2.9461445,53.3973243],"type":"Point"},"properties":{"osmId":"node/2119031219"},"type":"Feature"},{"geometry":{"coordinates":[-0.0085678,51.5152537],"type":"Point"},"properties":{"osmId":"node/2140822154"},"type":"Feature"},{"geometry":{"coordinates":[-2.4022099,55.959284],"type":"Point"},"properties":{"osmId":"node/2149588423"},"type":"Feature"},{"geometry":{"coordinates":[-4.0744368,55.8573676],"type":"Point"},"properties":{"maxspeed":"30 mph","osmId":"node/2160009057"},"type":"Feature"},{"geometry":{"coordinates":[-2.4191522,55.7032264],"type":"Point"},"properties":{"osmId":"node/2166367340"},"type":"Feature"},{"geometry":{"coordinates":[-3.0403314,51.0109991],"type":"Point"},"properties":{"maxspeed":"30 mph","osmId":"node/2172156547"},"type":"Feature"},{"geometry":{"coordinates":[-1.7674599,55.2453312],"type":"Point"},"properties":{"maxspeed":"30 mph","osmId":"node/2173833316"},"type":"Feature"},{"geometry":{"coordinates":[-2.268959,55.6472288],"type":"Point"},"properties":{"maxspeed":"30 mph","osmId":"node/2179194472"},"type":"Feature"},{"geometry":{"coordinates":[-2.7113111,55.6919984],"type":"Point"},"properties":{"maxspeed":"60 mph","osmId":"node/2179825482"},"type":"Feature"},{"geometry":{"coordinates":[-2.0332718,52.6948297],"type":"Point"},"properties":{"osmId":"node/2184404981"},"type":"Feature"},{"geometry":{"coordinates":[-2.0366844,52.7018892],"type":"Point"},"properties":{"osmId":"node/2184404982"},"type":"Feature"},{"geometry":{"coordinates":[-2.0375887,52.70362],"type":"Point"},"properties":{"osmId":"node/2184404983"},"type":"Feature"},{"geometry":{"coordinates":[-2.0409204,52.7175995],"type":"Point"},"properties":{"osmId":"node/2184404984"},"type":"Feature"},{"geometry":{"coordinates":[-2.0390135,52.7216114],"type":"Point"},"properties":{"osmId":"node/2184404985"},"type":"Feature"},{"geometry":{"coordinates":[-0.3058894,52.0087778],"type":"Point"},"properties":{"osmId":"node/2187007924"},"type":"Feature"},{"geometry":{"coordinates":[-0.3057397,53.2873204],"type":"Point"},"properties":{"osmId":"node/2188569141"},"type":"Feature"},{"geometry":{"coordinates":[-0.0258048,51.4961892],"type":"Point"},"properties":{"maxspeed":"20 mph","osmId":"node/2198821405"},"type":"Feature"},{"geometry":{"coordinates":[-1.4891654,53.3506227],"type":"Point"},"properties":{"osmId":"node/2201840189"},"type":"Feature"},{"geometry":{"coordinates":[-0.0946207,51.5690219],"type":"Point"},"properties":{"osmId":"node/2204101340"},"type":"Feature"},{"geometry":{"coordinates":[-0.0917158,51.561355],"type":"Point"},"properties":{"osmId":"node/2204117303"},"type":"Feature"},{"geometry":{"coordinates":[-2.5077304,55.4124522],"type":"Point"},"properties":{"osmId":"node/2220407175"},"type":"Feature"},{"geometry":{"coordinates":[-0.0882136,51.4941182],"type":"Point"},"properties":{"osmId":"node/2247287185"},"type":"Feature"},{"geometry":{"coordinates":[-0.2940339,51.4913863],"type":"Point"},"properties":{"maxspeed":"40 mph","osmId":"node/2255492573"},"type":"Feature"},{"geometry":{"coordinates":[-0.7175084,52.382872],"type":"Point"},"properties":{"maxspeed":"30 mph","osmId":"node/2255907743"},"type":"Feature"},{"geometry":{"coordinates":[-3.5789052,50.4999889],"type":"Point"},"properties":{"osmId":"node/2261306868"},"type":"Feature"},{"geometry":{"coordinates":[0.1382217,52.1856552],"type":"Point"},"properties":{"maxspeed":"30 mph","osmId":"node/2269881935"},"type":"Feature"},{"geometry":{"coordinates":[-3.0135199,53.2013106],"type":"Point"},"properties":{"maxspeed":"20 mph","osmId":"node/2275252590"},"type":"Feature"},{"geometry":{"coordinates":[0.9082389,51.8766764],"type":"Point"},"properties":{"osmId":"node/2280095378"},"type":"Feature"},{"geometry":{"coordinates":[-1.809937,52.5253337],"type":"Point"},"properties":{"maxspeed":"40 mph","osmId":"node/2283353852"},"type":"Feature"},{"geometry":{"coordinates":[-1.8141491,52.5279193],"type":"Point"},"properties":{"maxspeed":"40 mph","osmId":"node/2283353853"},"type":"Feature"},{"geometry":{"coordinates":[-0.5141871,51.8869344],"type":"Point"},"properties":{"maxspeed":"30 mph","osmId":"node/2283401709"},"type":"Feature"},{"geometry":{"coordinates":[-0.5033454,51.8879976],"type":"Point"},"properties":{"osmId":"node/2283401710"},"type":"Feature"},{"geometry":{"coordinates":[-1.1973217,52.9706694],"type":"Point"},"properties":{"maxspeed":"30 mph","osmId":"node/2285899786","role":"average"},"type":"Feature"},{"geometry":{"coordinates":[0.493659,51.7419425],"type":"Point"},"properties":{"maxspeed":"30 mph","osmId":"node/2286486001"},"type":"Feature"},{"geometry":{"coordinates":[-1.1871951,53.0166371],"type":"Point"},"properties":{"maxspeed":"30 mph","osmId":"node/2295570096"},"type":"Feature"},{"geometry":{"coordinates":[-0.361279,51.5392312],"type":"Point"},"properties":{"maxspeed":"40 mph","osmId":"node/2296094127"},"type":"Feature"},{"geometry":{"coordinates":[-0.3964491,51.7405576],"type":"Point"},"properties":{"maxspeed":"70 mph","osmId":"node/2296989550"},"type":"Feature"},{"geometry":{"coordinates":[-0.3928616,51.7353356],"type":"Point"},"properties":{"maxspeed":"70 mph","osmId":"node/2296989580"},"type":"Feature"},{"geometry":{"coordinates":[-0.397946,51.7418097],"type":"Point"},"properties":{"maxspeed":"70 mph","osmId":"node/2296989600"},"type":"Feature"},{"geometry":{"coordinates":[-0.391951,51.7338448],"type":"Point"},"properties":{"maxspeed":"70 mph","osmId":"node/2296989682"},"type":"Feature"},{"geometry":{"coordinates":[-0.3958937,51.7396608],"type":"Point"},"properties":{"maxspeed":"70 mph","osmId":"node/2296989720"},"type":"Feature"},{"geometry":{"coordinates":[-1.1484867,52.9603761],"type":"Point"},"properties":{"maxspeed":"30 mph","osmId":"node/2301292187"},"type":"Feature"},{"geometry":{"coordinates":[-0.7251726,51.5349215],"type":"Point"},"properties":{"osmId":"node/2301772505"},"type":"Feature"},{"geometry":{"coordinates":[-0.7257148,51.535858],"type":"Point"},"properties":{"osmId":"node/2301772506"},"type":"Feature"},{"geometry":{"coordinates":[-1.4960655,52.8919483],"type":"Point"},"properties":{"osmId":"node/2308075759"},"type":"Feature"},{"geometry":{"coordinates":[-0.6116194,51.5984472],"type":"Point"},"properties":{"maxspeed":"50 mph","osmId":"node/2310447990"},"type":"Feature"},{"geometry":{"coordinates":[-2.8062437,54.0590938],"type":"Point"},"properties":{"maxspeed":"30 mph","osmId":"node/2312854614"},"type":"Feature"},{"geometry":{"coordinates":[-0.499052,51.9794287],"type":"Point"},"properties":{"maxspeed":"30 mph","osmId":"node/2319467617"},"type":"Feature"},{"geometry":{"coordinates":[0.2068425,51.4380261],"type":"Point"},"properties":{"osmId":"node/2325987682"},"type":"Feature"},{"geometry":{"coordinates":[-3.4561788,51.7199125],"type":"Point"},"properties":{"osmId":"node/2326858658"},"type":"Feature"},{"geometry":{"coordinates":[-0.1212916,51.5542985],"type":"Point"},"properties":{"osmId":"node/2330072152"},"type":"Feature"},{"geometry":{"coordinates":[-0.127967,51.5498254],"type":"Point"},"properties":{"osmId":"node/2330086557"},"type":"Feature"},{"geometry":{"coordinates":[-0.1351929,51.5444972],"type":"Point"},"properties":{"osmId":"node/2330096809"},"type":"Feature"},{"geometry":{"coordinates":[0.5653193,51.2958344],"type":"Point"},"properties":{"maxspeed":"50 mph","osmId":"node/2330877933"},"type":"Feature"},{"geometry":{"coordinates":[0.2312104,51.4222498],"type":"Point"},"properties":{"osmId":"node/2332748437"},"type":"Feature"},{"geometry":{"coordinates":[0.8999929,52.8426385],"type":"Point"},"properties":{"osmId":"node/2339855620"},"type":"Feature"},{"geometry":{"coordinates":[-1.1391449,52.9406424],"type":"Point"},"properties":{"maxspeed":"30 mph","osmId":"node/2340170413","role":"average"},"type":"Feature"},{"geometry":{"coordinates":[-1.1392132,52.9406204],"type":"Point"},"properties":{"maxspeed":"30 mph","osmId":"node/2340170414","role":"average"},"type":"Feature"},{"geometry":{"coordinates":[-1.140062,52.943221],"type":"Point"},"properties":{"osmId":"node/2340170415","role":"average"},"type":"Feature"},{"geometry":{"coordinates":[-1.1396687,52.9433044],"type":"Point"},"properties":{"maxspeed":"30 mph","osmId":"node/2340170416","role":"average"},"type":"Feature"},{"geometry":{"coordinates":[-1.1907197,52.9482755],"type":"Point"},"properties":{"maxspeed":"40 mph","osmId":"node/2340170417","role":"average"},"type":"Feature"},{"geometry":{"coordinates":[-1.1906644,52.948281],"type":"Point"},"properties":{"maxspeed":"40 mph","osmId":"node/2340170418","role":"average"},"type":"Feature"},{"geometry":{"coordinates":[-1.1916765,52.9530517],"type":"Point"},"properties":{"maxspeed":"40 mph","osmId":"node/2340170420","role":"average"},"type":"Feature"},{"geometry":{"coordinates":[-1.1912231,52.9566401],"type":"Point"},"properties":{"maxspeed":"40 mph","osmId":"node/2340170421","role":"average"},"type":"Feature"},{"geometry":{"coordinates":[-1.1909739,52.9566391],"type":"Point"},"properties":{"maxspeed":"40 mph","osmId":"node/2340170422","role":"average"},"type":"Feature"},{"geometry":{"coordinates":[-1.1910943,52.9586249],"type":"Point"},"properties":{"maxspeed":"40 mph","osmId":"node/2340170423","role":"average"},"type":"Feature"},{"geometry":{"coordinates":[-1.191005,52.9586254],"type":"Point"},"properties":{"maxspeed":"40 mph","osmId":"node/2340170424","role":"average"},"type":"Feature"},{"geometry":{"coordinates":[-1.1909622,52.962517],"type":"Point"},"properties":{"maxspeed":"40 mph","osmId":"node/2340170426","role":"average"},"type":"Feature"},{"geometry":{"coordinates":[-1.1908729,52.9625186],"type":"Point"},"properties":{"maxspeed":"40 mph","osmId":"node/2340170432","role":"average"},"type":"Feature"},{"geometry":{"coordinates":[-1.1908458,52.9662905],"type":"Point"},"properties":{"maxspeed":"40 mph","osmId":"node/2340170438","role":"average"},"type":"Feature"},{"geometry":{"coordinates":[-1.1907582,52.966291],"type":"Point"},"properties":{"maxspeed":"40 mph","osmId":"node/2340170444","role":"average"},"type":"Feature"},{"geometry":{"coordinates":[-1.1897961,52.968663],"type":"Point"},"properties":{"maxspeed":"40 mph","osmId":"node/2340170450","role":"average"},"type":"Feature"},{"geometry":{"coordinates":[-1.1898565,52.9686839],"type":"Point"},"properties":{"maxspeed":"40 mph","osmId":"node/2340170456","role":"average"},"type":"Feature"},{"geometry":{"coordinates":[-1.1535369,52.9701157],"type":"Point"},"properties":{"osmId":"node/2340170462","role":"average"},"type":"Feature"},{"geometry":{"coordinates":[-1.1876411,52.9707176],"type":"Point"},"properties":{"maxspeed":"40 mph","osmId":"node/2340170473","role":"average"},"type":"Feature"},{"geometry":{"coordinates":[-1.1877032,52.9707418],"type":"Point"},"properties":{"maxspeed":"40 mph","osmId":"node/2340170479","role":"average"},"type":"Feature"},{"geometry":{"coordinates":[-1.1530701,52.9714766],"type":"Point"},"properties":{"osmId":"node/2340170485","role":"average"},"type":"Feature"},{"geometry":{"coordinates":[-1.1527456,52.9715549],"type":"Point"},"properties":{"osmId":"node/2340170491","role":"average"},"type":"Feature"},{"geometry":{"coordinates":[-1.1869206,52.974089],"type":"Point"},"properties":{"maxspeed":"30 mph","osmId":"node/2340170496","role":"average"},"type":"Feature"},{"geometry":{"coordinates":[-1.1866946,52.9741328],"type":"Point"},"properties":{"maxspeed":"30 mph","osmId":"node/2340170502","role":"average"},"type":"Feature"},{"geometry":{"coordinates":[-1.1830416,52.9747774],"type":"Point"},"properties":{"maxspeed":"40 mph","osmId":"node/2340170507","role":"average"},"type":"Feature"},{"geometry":{"coordinates":[-1.1830876,52.9748004],"type":"Point"},"properties":{"maxspeed":"40 mph","osmId":"node/2340170512","role":"average"},"type":"Feature"},{"geometry":{"coordinates":[-1.1894035,52.9767845],"type":"Point"},"properties":{"maxspeed":"30 mph","osmId":"node/2340170518","role":"average"},"type":"Feature"},{"geometry":{"coordinates":[-1.1897688,52.9768398],"type":"Point"},"properties":{"maxspeed":"30 mph","osmId":"node/2340170523","role":"average"},"type":"Feature"},{"geometry":{"coordinates":[-1.1792784,52.9778371],"type":"Point"},"properties":{"maxspeed":"40 mph","osmId":"node/2340170528","role":"average"},"type":"Feature"},{"geometry":{"coordinates":[-1.1793493,52.9778656],"type":"Point"},"properties":{"maxspeed":"40 mph","osmId":"node/2340170533","role":"average"},"type":"Feature"},{"geometry":{"coordinates":[-1.192614,52.9788299],"type":"Point"},"properties":{"maxspeed":"30 mph","osmId":"node/2340170538","role":"average"},"type":"Feature"},{"geometry":{"coordinates":[-1.1923416,52.9788723],"type":"Point"},"properties":{"maxspeed":"30 mph","osmId":"node/2340170544","role":"average"},"type":"Feature"},{"geometry":{"coordinates":[-1.1473802,52.9795159],"type":"Point"},"properties":{"osmId":"node/2340170549","role":"average"},"type":"Feature"},{"geometry":{"coordinates":[-1.1475531,52.9796294],"type":"Point"},"properties":{"osmId":"node/2340170555","role":"average"},"type":"Feature"},{"geometry":{"coordinates":[-1.1939678,52.9803482],"type":"Point"},"properties":{"maxspeed":"30 mph","osmId":"node/2340170560","role":"average"},"type":"Feature"},{"geometry":{"coordinates":[-1.1947974,52.9808491],"type":"Point"},"properties":{"maxspeed":"30 mph","osmId":"node/2340170566","role":"average"},"type":"Feature"},{"geometry":{"coordinates":[-1.1731869,52.9822112],"type":"Point"},"properties":{"maxspeed":"40 mph","osmId":"node/2340170571","role":"average"},"type":"Feature"},{"geometry":{"coordinates":[-1.1962029,52.9830136],"type":"Point"},"properties":{"maxspeed":"30 mph","osmId":"node/2340170577","role":"average"},"type":"Feature"},{"geometry":{"coordinates":[-1.1959464,52.9830776],"type":"Point"},"properties":{"maxspeed":"30 mph","osmId":"node/2340170582","role":"average"},"type":"Feature"},{"geometry":{"coordinates":[-1.2002968,52.98489],"type":"Point"},"properties":{"maxspeed":"30 mph","osmId":"node/2340170587","role":"average"},"type":"Feature"},{"geometry":{"coordinates":[-1.2001667,52.9849959],"type":"Point"},"properties":{"maxspeed":"30 mph","osmId":"node/2340170593","role":"average"},"type":"Feature"},{"geometry":{"coordinates":[-1.1620219,52.9864462],"type":"Point"},"properties":{"maxspeed":"40 mph","osmId":"node/2340170604","role":"average"},"type":"Feature"},{"geometry":{"coordinates":[-1.1799931,52.9867544],"type":"Point"},"properties":{"maxspeed":"30 mph","osmId":"node/2340170611","role":"average"},"type":"Feature"},{"geometry":{"coordinates":[-1.1801786,52.9867762],"type":"Point"},"properties":{"maxspeed":"30 mph","osmId":"node/2340170615","role":"average"},"type":"Feature"},{"geometry":{"coordinates":[-1.1499906,52.989496],"type":"Point"},"properties":{"osmId":"node/2340170630","role":"average"},"type":"Feature"},{"geometry":{"coordinates":[-1.1497701,52.98953],"type":"Point"},"properties":{"osmId":"node/2340170631","role":"average"},"type":"Feature"},{"geometry":{"coordinates":[-1.1502163,52.9898942],"type":"Point"},"properties":{"osmId":"node/2340170632","role":"average"},"type":"Feature"},{"geometry":{"coordinates":[-1.1709603,52.9904825],"type":"Point"},"properties":{"maxspeed":"30 mph","osmId":"node/2340170633","role":"average"},"type":"Feature"},{"geometry":{"coordinates":[-1.1711097,52.9905556],"type":"Point"},"properties":{"maxspeed":"30 mph","osmId":"node/2340170634","role":"average"},"type":"Feature"},{"geometry":{"coordinates":[-1.1693187,52.9907997],"type":"Point"},"properties":{"osmId":"node/2340170635","role":"average"},"type":"Feature"},{"geometry":{"coordinates":[-1.1683401,52.9914627],"type":"Point"},"properties":{"maxspeed":"30 mph","osmId":"node/2340170636","role":"average"},"type":"Feature"},{"geometry":{"coordinates":[-1.1682047,52.9916269],"type":"Point"},"properties":{"maxspeed":"30 mph","osmId":"node/2340170637","role":"average"},"type":"Feature"},{"geometry":{"coordinates":[-1.1623311,52.9931993],"type":"Point"},"properties":{"maxspeed":"30 mph","osmId":"node/2340170638","role":"average"},"type":"Feature"},{"geometry":{"coordinates":[-1.1624337,52.9932748],"type":"Point"},"properties":{"maxspeed":"30 mph","osmId":"node/2340170639","role":"average"},"type":"Feature"},{"geometry":{"coordinates":[-1.1599097,52.9939295],"type":"Point"},"properties":{"maxspeed":"30 mph","osmId":"node/2340170640","role":"average"},"type":"Feature"},{"geometry":{"coordinates":[-1.1600074,52.9939942],"type":"Point"},"properties":{"maxspeed":"30 mph","osmId":"node/2340170641","role":"average"},"type":"Feature"},{"geometry":{"coordinates":[-1.1532036,52.9954871],"type":"Point"},"properties":{"osmId":"node/2340170642","role":"average"},"type":"Feature"},{"geometry":{"coordinates":[-1.1531181,52.9956808],"type":"Point"},"properties":{"osmId":"node/2340170643","role":"average"},"type":"Feature"},{"geometry":{"coordinates":[-1.1533468,52.9956889],"type":"Point"},"properties":{"osmId":"node/2340170644","role":"average"},"type":"Feature"},{"geometry":{"coordinates":[-1.1548406,52.995774],"type":"Point"},"properties":{"maxspeed":"30 mph","osmId":"node/2340170645","role":"average"},"type":"Feature"},{"geometry":{"coordinates":[-1.1549041,52.9958769],"type":"Point"},"properties":{"maxspeed":"30 mph","osmId":"node/2340170646","role":"average"},"type":"Feature"},{"geometry":{"coordinates":[-1.178703,52.9970105],"type":"Point"},"properties":{"osmId":"node/2340170648","role":"average"},"type":"Feature"},{"geometry":{"coordinates":[-1.1848589,53.008836],"type":"Point"},"properties":{"maxspeed":"40 mph","osmId":"node/2340170649","role":"average"},"type":"Feature"},{"geometry":{"coordinates":[-0.4184243,52.0978441],"type":"Point"},"properties":{"maxspeed":"30 mph","osmId":"node/2341601453"},"type":"Feature"},{"geometry":{"coordinates":[-0.3398711,51.4825262],"type":"Point"},"properties":{"maxspeed":"40 mph","osmId":"node/2347188395"},"type":"Feature"},{"geometry":{"coordinates":[-0.3541899,51.4804034],"type":"Point"},"properties":{"osmId":"node/2349111020"},"type":"Feature"},{"geometry":{"coordinates":[-0.3408398,51.4823864],"type":"Point"},"properties":{"maxspeed":"40 mph","osmId":"node/2349115071"},"type":"Feature"},{"geometry":{"coordinates":[-0.2461704,51.4896538],"type":"Point"},"properties":{"osmId":"node/2349371847"},"type":"Feature"},{"geometry":{"coordinates":[-1.1592238,52.9863288],"type":"Point"},"properties":{"osmId":"node/2349547094","role":"average"},"type":"Feature"},{"geometry":{"coordinates":[-0.0258786,51.5386975],"type":"Point"},"properties":{"osmId":"node/2351328724"},"type":"Feature"},{"geometry":{"coordinates":[-0.0284342,51.5426807],"type":"Point"},"properties":{"osmId":"node/2351328732"},"type":"Feature"},{"geometry":{"coordinates":[-4.2181082,51.0403916],"type":"Point"},"properties":{"osmId":"node/2359899385"},"type":"Feature"},{"geometry":{"coordinates":[-1.7558054,51.178515],"type":"Point"},"properties":{"maxspeed":"70 mph","osmId":"node/2360590043"},"type":"Feature"},{"geometry":{"coordinates":[-1.7556674,51.1782233],"type":"Point"},"properties":{"maxspeed":"70 mph","osmId":"node/2360590055"},"type":"Feature"},{"geometry":{"coordinates":[-0.3045785,51.6123667],"type":"Point"},"properties":{"maxspeed":"30 mph","osmId":"node/2375958012"},"type":"Feature"},{"geometry":{"coordinates":[-2.0548962,55.8254897],"type":"Point"},"properties":{"osmId":"node/2378320408"},"type":"Feature"},{"geometry":{"coordinates":[-2.16254,55.8523172],"type":"Point"},"properties":{"osmId":"node/2378320533"},"type":"Feature"},{"geometry":{"coordinates":[-2.1970421,55.8556179],"type":"Point"},"properties":{"osmId":"node/2378320596"},"type":"Feature"},{"geometry":{"coordinates":[-2.3553909,55.9310464],"type":"Point"},"properties":{"osmId":"node/2378875287"},"type":"Feature"},{"geometry":{"coordinates":[-0.0981153,51.5485685],"type":"Point"},"properties":{"osmId":"node/2387805880"},"type":"Feature"},{"geometry":{"coordinates":[-0.6468047,51.926651],"type":"Point"},"properties":{"maxspeed":"30 mph","osmId":"node/2396970057"},"type":"Feature"},{"geometry":{"coordinates":[-0.0496457,51.6014562],"type":"Point"},"properties":{"osmId":"node/2400790365"},"type":"Feature"},{"geometry":{"coordinates":[-2.0672881,53.0227659],"type":"Point"},"properties":{"osmId":"node/2415294827"},"type":"Feature"},{"geometry":{"coordinates":[-2.0646323,53.0280503],"type":"Point"},"properties":{"osmId":"node/2415294830"},"type":"Feature"},{"geometry":{"coordinates":[-2.060969,53.0332692],"type":"Point"},"properties":{"osmId":"node/2415294832"},"type":"Feature"},{"geometry":{"coordinates":[-2.0579794,53.035389],"type":"Point"},"properties":{"osmId":"node/2415294834"},"type":"Feature"},{"geometry":{"coordinates":[-2.0547736,53.0377038],"type":"Point"},"properties":{"osmId":"node/2415294837"},"type":"Feature"},{"geometry":{"coordinates":[-2.0519828,53.0424228],"type":"Point"},"properties":{"osmId":"node/2415294839"},"type":"Feature"},{"geometry":{"coordinates":[-2.0514698,53.0451946],"type":"Point"},"properties":{"osmId":"node/2415294842"},"type":"Feature"},{"geometry":{"coordinates":[-2.0503379,53.0509228],"type":"Point"},"properties":{"osmId":"node/2415294845"},"type":"Feature"},{"geometry":{"coordinates":[-2.0429819,53.0628432],"type":"Point"},"properties":{"osmId":"node/2415294848"},"type":"Feature"},{"geometry":{"coordinates":[-2.0406065,53.0725349],"type":"Point"},"properties":{"osmId":"node/2415294851"},"type":"Feature"},{"geometry":{"coordinates":[-1.4692154,53.3658458],"type":"Point"},"properties":{"osmId":"node/2418023940"},"type":"Feature"},{"geometry":{"coordinates":[-0.1267601,50.8214816],"type":"Point"},"properties":{"osmId":"node/2424533692"},"type":"Feature"},{"geometry":{"coordinates":[-0.1119165,51.53154],"type":"Point"},"properties":{"maxspeed":"20 mph","osmId":"node/2425603160"},"type":"Feature"},{"geometry":{"coordinates":[-1.9719874,52.7826477],"type":"Point"},"properties":{"osmId":"node/2440343100"},"type":"Feature"},{"geometry":{"coordinates":[-1.9769599,52.7854984],"type":"Point"},"properties":{"osmId":"node/2440343101"},"type":"Feature"},{"geometry":{"coordinates":[-1.9813278,52.788218],"type":"Point"},"properties":{"maxspeed":"40 mph","osmId":"node/2440343102"},"type":"Feature"},{"geometry":{"coordinates":[-1.9376415,52.6229356],"type":"Point"},"properties":{"osmId":"node/2441878444"},"type":"Feature"},{"geometry":{"coordinates":[-1.9288235,52.6285168],"type":"Point"},"properties":{"osmId":"node/2441878445"},"type":"Feature"},{"geometry":{"coordinates":[-1.9270249,52.6297087],"type":"Point"},"properties":{"osmId":"node/2441878446"},"type":"Feature"},{"geometry":{"coordinates":[-0.5377566,51.8852196],"type":"Point"},"properties":{"maxspeed":"30 mph","osmId":"node/2443311091"},"type":"Feature"},{"geometry":{"coordinates":[-2.1097438,52.5437367],"type":"Point"},"properties":{"osmId":"node/2458845381"},"type":"Feature"},{"geometry":{"coordinates":[0.0501571,51.4551076],"type":"Point"},"properties":{"maxspeed":"50 mph","osmId":"node/2463718547"},"type":"Feature"},{"geometry":{"coordinates":[-1.4255338,50.9079938],"type":"Point"},"properties":{"osmId":"node/2467156382"},"type":"Feature"},{"geometry":{"coordinates":[-1.5659632,53.7626006],"type":"Point"},"properties":{"osmId":"node/2475332043"},"type":"Feature"},{"geometry":{"coordinates":[-0.1555251,51.50894],"type":"Point"},"properties":{"osmId":"node/2478366036"},"type":"Feature"},{"geometry":{"coordinates":[-0.8986241,52.1551596],"type":"Point"},"properties":{"osmId":"node/2489394503"},"type":"Feature"},{"geometry":{"coordinates":[-0.1852928,51.692984],"type":"Point"},"properties":{"osmId":"node/2498456188"},"type":"Feature"},{"geometry":{"coordinates":[-0.2618175,51.7571395],"type":"Point"},"properties":{"maxspeed":"40 mph","osmId":"node/2498456190"},"type":"Feature"},{"geometry":{"coordinates":[-0.2578763,51.7583776],"type":"Point"},"properties":{"maxspeed":"40 mph","osmId":"node/2498456191"},"type":"Feature"},{"geometry":{"coordinates":[-3.1930414,55.9400545],"type":"Point"},"properties":{"osmId":"node/2508617532"},"type":"Feature"},{"geometry":{"coordinates":[-0.0930849,51.542013],"type":"Point"},"properties":{"maxspeed":"20 mph","osmId":"node/2518270921"},"type":"Feature"},{"geometry":{"coordinates":[-0.09855,51.5420615],"type":"Point"},"properties":{"osmId":"node/2518271412"},"type":"Feature"},{"geometry":{"coordinates":[-0.1062133,51.5479429],"type":"Point"},"properties":{"osmId":"node/2518272702"},"type":"Feature"},{"geometry":{"coordinates":[-0.1143244,51.5542531],"type":"Point"},"properties":{"osmId":"node/2518275438"},"type":"Feature"},{"geometry":{"coordinates":[0.6481565,51.3556411],"type":"Point"},"properties":{"maxspeed":"40 mph","osmId":"node/2518814027"},"type":"Feature"},{"geometry":{"coordinates":[-2.4925958,55.9837188],"type":"Point"},"properties":{"osmId":"node/2519364267"},"type":"Feature"},{"geometry":{"coordinates":[-0.3186139,51.5812586],"type":"Point"},"properties":{"osmId":"node/2520381356"},"type":"Feature"},{"geometry":{"coordinates":[-2.2135172,52.1979937],"type":"Point"},"properties":{"osmId":"node/2522381515"},"type":"Feature"},{"geometry":{"coordinates":[-2.2282023,52.1895453],"type":"Point"},"properties":{"osmId":"node/2522381516"},"type":"Feature"},{"geometry":{"coordinates":[-0.02766,51.5117538],"type":"Point"},"properties":{"osmId":"node/2524091227"},"type":"Feature"},{"geometry":{"coordinates":[-0.0238509,51.5112072],"type":"Point"},"properties":{"maxspeed":"30 mph","osmId":"node/2524091229"},"type":"Feature"},{"geometry":{"coordinates":[-3.1096499,55.9494596],"type":"Point"},"properties":{"osmId":"node/2524656132"},"type":"Feature"},{"geometry":{"coordinates":[-0.3194194,51.4858709],"type":"Point"},"properties":{"maxspeed":"40 mph","osmId":"node/2525106437"},"type":"Feature"},{"geometry":{"coordinates":[-0.4830271,51.3514879],"type":"Point"},"properties":{"maxspeed":"30 mph","osmId":"node/2554489320"},"type":"Feature"},{"geometry":{"coordinates":[0.2360242,51.4230797],"type":"Point"},"properties":{"osmId":"node/2573867497"},"type":"Feature"},{"geometry":{"coordinates":[0.2118623,51.4065418],"type":"Point"},"properties":{"osmId":"node/2577752384"},"type":"Feature"},{"geometry":{"coordinates":[0.218183,51.4119148],"type":"Point"},"properties":{"osmId":"node/2577752396"},"type":"Feature"},{"geometry":{"coordinates":[0.2180267,51.4120404],"type":"Point"},"properties":{"osmId":"node/2577752398"},"type":"Feature"},{"geometry":{"coordinates":[-2.3554756,55.9310363],"type":"Point"},"properties":{"osmId":"node/2580580581"},"type":"Feature"},{"geometry":{"coordinates":[-1.9337122,52.6879334],"type":"Point"},"properties":{"maxspeed":"30 mph","osmId":"node/2599925648"},"type":"Feature"},{"geometry":{"coordinates":[1.942123,49.9514426],"type":"Point"},"properties":{"maxspeed":"80","osmId":"node/2602946454"},"type":"Feature"},{"geometry":{"coordinates":[1.7503024,50.3211288],"type":"Point"},"properties":{"maxspeed":"80","osmId":"node/2603021781"},"type":"Feature"},{"geometry":{"coordinates":[-1.3542727,51.7621938],"type":"Point"},"properties":{"osmId":"node/2604074534"},"type":"Feature"},{"geometry":{"coordinates":[-1.6014823,51.7941358],"type":"Point"},"properties":{"osmId":"node/2604074535"},"type":"Feature"},{"geometry":{"coordinates":[-1.0943008,52.9773747],"type":"Point"},"properties":{"osmId":"node/2609752364"},"type":"Feature"},{"geometry":{"coordinates":[1.0859886,52.1520622],"type":"Point"},"properties":{"maxspeed":"50","osmId":"node/2622731016"},"type":"Feature"},{"geometry":{"coordinates":[0.0077062,51.5686636],"type":"Point"},"properties":{"osmId":"node/2625347931"},"type":"Feature"},{"geometry":{"coordinates":[0.0083043,51.5691442],"type":"Point"},"properties":{"osmId":"node/2625347932"},"type":"Feature"},{"geometry":{"coordinates":[-1.1973139,53.1331164],"type":"Point"},"properties":{"maxspeed":"30 mph","osmId":"node/2626931770"},"type":"Feature"},{"geometry":{"coordinates":[0.0364592,51.4634556],"type":"Point"},"properties":{"osmId":"node/2639055576"},"type":"Feature"},{"geometry":{"coordinates":[-0.1216828,51.5559158],"type":"Point"},"properties":{"osmId":"node/2645130199"},"type":"Feature"},{"geometry":{"coordinates":[1.2738592,52.6459287],"type":"Point"},"properties":{"maxspeed":"30 mph","osmId":"node/2649890657"},"type":"Feature"},{"geometry":{"coordinates":[0.2673709,51.4467825],"type":"Point"},"properties":{"maxspeed":"40 mph","osmId":"node/2678824452"},"type":"Feature"},{"geometry":{"coordinates":[0.5361465,51.254162],"type":"Point"},"properties":{"osmId":"node/2684416265"},"type":"Feature"},{"geometry":{"coordinates":[-3.1645331,55.913828],"type":"Point"},"properties":{"maxspeed":"30 mph","osmId":"node/2688878540"},"type":"Feature"},{"geometry":{"coordinates":[-3.1781132,55.9376548],"type":"Point"},"properties":{"maxspeed":"30 mph","osmId":"node/2700632796"},"type":"Feature"},{"geometry":{"coordinates":[-0.5406338,53.2865891],"type":"Point"},"properties":{"osmId":"node/2705428769"},"type":"Feature"},{"geometry":{"coordinates":[-0.5503662,53.4376889],"type":"Point"},"properties":{"osmId":"node/2705428770"},"type":"Feature"},{"geometry":{"coordinates":[-0.4003317,51.4766409],"type":"Point"},"properties":{"osmId":"node/2725401024"},"type":"Feature"},{"geometry":{"coordinates":[-1.8908583,52.2627008],"type":"Point"},"properties":{"maxspeed":"30 mph","osmId":"node/2762301689"},"type":"Feature"},{"geometry":{"coordinates":[-1.8847146,52.2443067],"type":"Point"},"properties":{"maxspeed":"40 mph","osmId":"node/2762301727"},"type":"Feature"},{"geometry":{"coordinates":[0.1702641,51.4186782],"type":"Point"},"properties":{"osmId":"node/2765012312"},"type":"Feature"},{"geometry":{"coordinates":[-0.2454507,51.5669666],"type":"Point"},"properties":{"maxspeed":"40 mph","osmId":"node/2765949416"},"type":"Feature"},{"geometry":{"coordinates":[-0.2450939,51.5672284],"type":"Point"},"properties":{"maxspeed":"40 mph","osmId":"node/2765949418"},"type":"Feature"},{"geometry":{"coordinates":[0.4523902,51.7267682],"type":"Point"},"properties":{"osmId":"node/2774025744","role":"traffic_signals"},"type":"Feature"},{"geometry":{"coordinates":[0.17742,51.424676],"type":"Point"},"properties":{"osmId":"node/2820105863"},"type":"Feature"},{"geometry":{"coordinates":[-1.2547379,53.2888411],"type":"Point"},"properties":{"osmId":"node/2821779890"},"type":"Feature"},{"geometry":{"coordinates":[-1.2854489,52.9814715],"type":"Point"},"properties":{"maxspeed":"30 mph","osmId":"node/2824524300"},"type":"Feature"},{"geometry":{"coordinates":[-1.2842149,52.9857588],"type":"Point"},"properties":{"osmId":"node/2824524792"},"type":"Feature"},{"geometry":{"coordinates":[-3.7749086,51.5957834],"type":"Point"},"properties":{"maxspeed":"50 mph","osmId":"node/2838583437"},"type":"Feature"},{"geometry":{"coordinates":[-2.651012,51.5058921],"type":"Point"},"properties":{"osmId":"node/2840765167"},"type":"Feature"},{"geometry":{"coordinates":[-2.6601272,53.7452941],"type":"Point"},"properties":{"maxspeed":"40 mph","osmId":"node/2855210256"},"type":"Feature"},{"geometry":{"coordinates":[-0.7393938,51.6260669],"type":"Point"},"properties":{"maxspeed":"30 mph","osmId":"node/2891417226"},"type":"Feature"},{"geometry":{"coordinates":[-2.6755469,53.7502454],"type":"Point"},"properties":{"maxspeed":"30 mph","osmId":"node/2893072814"},"type":"Feature"},{"geometry":{"coordinates":[-0.2835684,51.3346308],"type":"Point"},"properties":{"osmId":"node/2923683239"},"type":"Feature"},{"geometry":{"coordinates":[-2.1802039,52.9294179],"type":"Point"},"properties":{"osmId":"node/2927016362"},"type":"Feature"},{"geometry":{"coordinates":[-2.2261711,52.5710311],"type":"Point"},"properties":{"osmId":"node/2933860369"},"type":"Feature"},{"geometry":{"coordinates":[-3.4162904,55.9403771],"type":"Point"},"properties":{"maxspeed":"40 mph","osmId":"node/2949923813"},"type":"Feature"},{"geometry":{"coordinates":[-0.2486033,51.5138624],"type":"Point"},"properties":{"maxspeed":"40 mph","osmId":"node/2965676931"},"type":"Feature"},{"geometry":{"coordinates":[-0.2498087,51.5139445],"type":"Point"},"properties":{"maxspeed":"40 mph","osmId":"node/2965676932"},"type":"Feature"},{"geometry":{"coordinates":[-2.0583119,52.5832892],"type":"Point"},"properties":{"osmId":"node/2970450485"},"type":"Feature"},{"geometry":{"coordinates":[-2.5811933,51.4966031],"type":"Point"},"properties":{"osmId":"node/2976528615"},"type":"Feature"},{"geometry":{"coordinates":[-0.441295,51.4571825],"type":"Point"},"properties":{"maxspeed":"40 mph","osmId":"node/2980983552"},"type":"Feature"},{"geometry":{"coordinates":[-1.5679315,50.7936322],"type":"Point"},"properties":{"maxspeed":"40 mph","osmId":"node/3004742195"},"type":"Feature"},{"geometry":{"coordinates":[-0.1801731,51.5476563],"type":"Point"},"properties":{"maxspeed":"20 mph","osmId":"node/3008411848"},"type":"Feature"},{"geometry":{"coordinates":[-0.1804409,51.5477668],"type":"Point"},"properties":{"maxspeed":"20 mph","osmId":"node/3008411850"},"type":"Feature"},{"geometry":{"coordinates":[-0.1928311,51.5551616],"type":"Point"},"properties":{"maxspeed":"20 mph","osmId":"node/3010494068"},"type":"Feature"},{"geometry":{"coordinates":[-0.192471,51.5550741],"type":"Point"},"properties":{"maxspeed":"20 mph","osmId":"node/3012507361"},"type":"Feature"},{"geometry":{"coordinates":[-0.2901717,51.4921235],"type":"Point"},"properties":{"maxspeed":"40 mph","osmId":"node/3017754471"},"type":"Feature"},{"geometry":{"coordinates":[-3.1576764,55.9195401],"type":"Point"},"properties":{"maxspeed":"30 mph","osmId":"node/3019834352"},"type":"Feature"},{"geometry":{"coordinates":[-3.2829976,55.9259844],"type":"Point"},"properties":{"maxspeed":"30 mph","osmId":"node/3020445566"},"type":"Feature"},{"geometry":{"coordinates":[-3.2894757,55.9351037],"type":"Point"},"properties":{"maxspeed":"30 mph","osmId":"node/3020445623"},"type":"Feature"},{"geometry":{"coordinates":[-1.2429932,52.365529],"type":"Point"},"properties":{"maxspeed":"30 mph","osmId":"node/3023395414"},"type":"Feature"},{"geometry":{"coordinates":[-1.2521651,52.3690321],"type":"Point"},"properties":{"maxspeed":"30 mph","osmId":"node/3023395415"},"type":"Feature"},{"geometry":{"coordinates":[-0.1155643,51.6533814],"type":"Point"},"properties":{"maxspeed":"40 mph","osmId":"node/3023421215"},"type":"Feature"},{"geometry":{"coordinates":[-2.9082971,51.2663496],"type":"Point"},"properties":{"maxspeed":"30 mph","osmId":"node/3023545383"},"type":"Feature"},{"geometry":{"coordinates":[-0.4125624,51.4696706],"type":"Point"},"properties":{"maxspeed":"50 mph","osmId":"node/3028109336"},"type":"Feature"},{"geometry":{"coordinates":[-0.4414252,51.4572205],"type":"Point"},"properties":{"maxspeed":"40 mph","osmId":"node/3028241660"},"type":"Feature"},{"geometry":{"coordinates":[-3.156694,55.9732511],"type":"Point"},"properties":{"maxspeed":"30 mph","osmId":"node/3039259440"},"type":"Feature"},{"geometry":{"coordinates":[-0.4202609,51.6533251],"type":"Point"},"properties":{"maxspeed":"30 mph","osmId":"node/3046507039"},"type":"Feature"},{"geometry":{"coordinates":[-2.2397626,53.4935832],"type":"Point"},"properties":{"maxspeed":"30 mph","osmId":"node/3066941647"},"type":"Feature"},{"geometry":{"coordinates":[1.7223165,50.8496612],"type":"Point"},"properties":{"maxspeed":"130","osmId":"node/3073376805"},"type":"Feature"},{"geometry":{"coordinates":[-3.9832551,51.6461372],"type":"Point"},"properties":{"maxspeed":"30 mph","osmId":"node/3091419210"},"type":"Feature"},{"geometry":{"coordinates":[-2.5693036,51.5314437],"type":"Point"},"properties":{"osmId":"node/3096571246"},"type":"Feature"},{"geometry":{"coordinates":[-1.4118,50.9029459],"type":"Point"},"properties":{"osmId":"node/3115602036"},"type":"Feature"},{"geometry":{"coordinates":[-1.4116429,50.9030213],"type":"Point"},"properties":{"osmId":"node/3115602037"},"type":"Feature"},{"geometry":{"coordinates":[-1.4274199,50.9085201],"type":"Point"},"properties":{"osmId":"node/3115602075"},"type":"Feature"},{"geometry":{"coordinates":[-1.464109,50.9203],"type":"Point"},"properties":{"osmId":"node/3115602160"},"type":"Feature"},{"geometry":{"coordinates":[-0.256934,51.5525643],"type":"Point"},"properties":{"maxspeed":"40 mph","osmId":"node/3148021148"},"type":"Feature"},{"geometry":{"coordinates":[-2.6314553,53.5411378],"type":"Point"},"properties":{"osmId":"node/3177478978","role":"traffic_signals"},"type":"Feature"},{"geometry":{"coordinates":[-1.658193,53.7081454],"type":"Point"},"properties":{"osmId":"node/3181782355"},"type":"Feature"},{"geometry":{"coordinates":[0.5079487,51.34836],"type":"Point"},"properties":{"maxspeed":"40 mph","osmId":"node/3186910827"},"type":"Feature"},{"geometry":{"coordinates":[-2.1978713,53.4280888],"type":"Point"},"properties":{"osmId":"node/3200424507"},"type":"Feature"},{"geometry":{"coordinates":[-0.6373679,51.4735636],"type":"Point"},"properties":{"osmId":"node/3212909444"},"type":"Feature"},{"geometry":{"coordinates":[0.1481794,51.5807231],"type":"Point"},"properties":{"maxspeed":"50 mph","osmId":"node/3214393630"},"type":"Feature"},{"geometry":{"coordinates":[-2.6089526,51.4629177],"type":"Point"},"properties":{"maxspeed":"20 mph","osmId":"node/3221547773"},"type":"Feature"},{"geometry":{"coordinates":[-1.8247912,57.5322497],"type":"Point"},"properties":{"osmId":"node/3236129934"},"type":"Feature"},{"geometry":{"coordinates":[-1.8312384,57.5522345],"type":"Point"},"properties":{"osmId":"node/3236163704"},"type":"Feature"},{"geometry":{"coordinates":[-1.9542824,57.6128729],"type":"Point"},"properties":{"maxspeed":"60 mph","osmId":"node/3236194913"},"type":"Feature"},{"geometry":{"coordinates":[-2.0054084,57.6391241],"type":"Point"},"properties":{"osmId":"node/3236705478"},"type":"Feature"},{"geometry":{"coordinates":[-2.0039749,57.6601209],"type":"Point"},"properties":{"osmId":"node/3236711428"},"type":"Feature"},{"geometry":{"coordinates":[-1.9988647,57.6268507],"type":"Point"},"properties":{"osmId":"node/3236724518"},"type":"Feature"},{"geometry":{"coordinates":[-2.0052498,57.6393052],"type":"Point"},"properties":{"maxspeed":"60 mph","osmId":"node/3236725912"},"type":"Feature"},{"geometry":{"coordinates":[-1.9479855,57.61185],"type":"Point"},"properties":{"osmId":"node/3236729757"},"type":"Feature"},{"geometry":{"coordinates":[-1.8239838,57.5362944],"type":"Point"},"properties":{"maxspeed":"60 mph","osmId":"node/3236752832"},"type":"Feature"},{"geometry":{"coordinates":[-2.119326,57.1178451],"type":"Point"},"properties":{"osmId":"node/3236768956"},"type":"Feature"},{"geometry":{"coordinates":[-1.8509959,57.5733208],"type":"Point"},"properties":{"osmId":"node/3239678533"},"type":"Feature"},{"geometry":{"coordinates":[-1.9647473,57.616736],"type":"Point"},"properties":{"osmId":"node/3239686426"},"type":"Feature"},{"geometry":{"coordinates":[-2.0061093,57.6722994],"type":"Point"},"properties":{"osmId":"node/3239691192"},"type":"Feature"},{"geometry":{"coordinates":[-2.1356646,57.0663391],"type":"Point"},"properties":{"osmId":"node/3239707837"},"type":"Feature"},{"geometry":{"coordinates":[-2.1288751,57.0703477],"type":"Point"},"properties":{"maxspeed":"70 mph","osmId":"node/3239733466"},"type":"Feature"},{"geometry":{"coordinates":[-2.2371951,56.9606011],"type":"Point"},"properties":{"osmId":"node/3239737141"},"type":"Feature"},{"geometry":{"coordinates":[-2.2699495,56.9350283],"type":"Point"},"properties":{"osmId":"node/3239774294"},"type":"Feature"},{"geometry":{"coordinates":[-2.0058354,57.6404239],"type":"Point"},"properties":{"osmId":"node/3239775909"},"type":"Feature"},{"geometry":{"coordinates":[-2.1585056,57.0321449],"type":"Point"},"properties":{"osmId":"node/3239781564"},"type":"Feature"},{"geometry":{"coordinates":[-2.3924626,56.887627],"type":"Point"},"properties":{"osmId":"node/3239802892"},"type":"Feature"},{"geometry":{"coordinates":[-2.3938759,56.8860302],"type":"Point"},"properties":{"osmId":"node/3239811755"},"type":"Feature"},{"geometry":{"coordinates":[-2.4584166,56.8302213],"type":"Point"},"properties":{"osmId":"node/3239833307"},"type":"Feature"},{"geometry":{"coordinates":[-2.4490411,56.8425267],"type":"Point"},"properties":{"osmId":"node/3239839581"},"type":"Feature"},{"geometry":{"coordinates":[-2.513572,56.8112792],"type":"Point"},"properties":{"osmId":"node/3239860941"},"type":"Feature"},{"geometry":{"coordinates":[-2.5075564,56.8135047],"type":"Point"},"properties":{"osmId":"node/3239877561"},"type":"Feature"},{"geometry":{"coordinates":[-2.1181068,57.1192922],"type":"Point"},"properties":{"osmId":"node/3239880934"},"type":"Feature"},{"geometry":{"coordinates":[-2.4818975,56.8219954],"type":"Point"},"properties":{"osmId":"node/3239915484"},"type":"Feature"},{"geometry":{"coordinates":[-2.3985016,56.8818936],"type":"Point"},"properties":{"osmId":"node/3239926036"},"type":"Feature"},{"geometry":{"coordinates":[-2.3619662,56.9062757],"type":"Point"},"properties":{"osmId":"node/3239941058"},"type":"Feature"},{"geometry":{"coordinates":[-2.5390006,56.8005085],"type":"Point"},"properties":{"osmId":"node/3239949997"},"type":"Feature"},{"geometry":{"coordinates":[-2.4226443,56.8627814],"type":"Point"},"properties":{"osmId":"node/3239959379"},"type":"Feature"},{"geometry":{"coordinates":[-2.5556554,56.7936842],"type":"Point"},"properties":{"osmId":"node/3239966815"},"type":"Feature"},{"geometry":{"coordinates":[-2.4826502,56.8218188],"type":"Point"},"properties":{"osmId":"node/3239975340"},"type":"Feature"},{"geometry":{"coordinates":[-2.121965,57.168508],"type":"Point"},"properties":{"osmId":"node/3240099375"},"type":"Feature"},{"geometry":{"coordinates":[-2.1376283,57.1726282],"type":"Point"},"properties":{"osmId":"node/3241439657"},"type":"Feature"},{"geometry":{"coordinates":[-2.1281052,57.1714827],"type":"Point"},"properties":{"osmId":"node/3241465062"},"type":"Feature"},{"geometry":{"coordinates":[-2.1596653,57.1747452],"type":"Point"},"properties":{"osmId":"node/3242426100"},"type":"Feature"},{"geometry":{"coordinates":[-2.16888,57.1771015],"type":"Point"},"properties":{"osmId":"node/3242430338"},"type":"Feature"},{"geometry":{"coordinates":[-2.2263537,57.1916964],"type":"Point"},"properties":{"osmId":"node/3242434282"},"type":"Feature"},{"geometry":{"coordinates":[-2.188453,57.1817367],"type":"Point"},"properties":{"osmId":"node/3242446837"},"type":"Feature"},{"geometry":{"coordinates":[-2.1723723,57.177064],"type":"Point"},"properties":{"osmId":"node/3242467161"},"type":"Feature"},{"geometry":{"coordinates":[-2.1539441,57.1740384],"type":"Point"},"properties":{"osmId":"node/3242487237"},"type":"Feature"},{"geometry":{"coordinates":[-2.1746669,57.1768887],"type":"Point"},"properties":{"osmId":"node/3242789303"},"type":"Feature"},{"geometry":{"coordinates":[-2.1823022,57.2406303],"type":"Point"},"properties":{"osmId":"node/3242803017"},"type":"Feature"},{"geometry":{"coordinates":[-2.2074748,57.27942],"type":"Point"},"properties":{"osmId":"node/3243029897"},"type":"Feature"},{"geometry":{"coordinates":[-2.2064775,57.2782266],"type":"Point"},"properties":{"osmId":"node/3243069352"},"type":"Feature"},{"geometry":{"coordinates":[-2.2044971,57.2769715],"type":"Point"},"properties":{"osmId":"node/3243084496"},"type":"Feature"},{"geometry":{"coordinates":[-2.2475827,57.3046269],"type":"Point"},"properties":{"osmId":"node/3243088752"},"type":"Feature"},{"geometry":{"coordinates":[-2.332056,57.3631432],"type":"Point"},"properties":{"osmId":"node/3243093006"},"type":"Feature"},{"geometry":{"coordinates":[-2.3331759,57.3666058],"type":"Point"},"properties":{"osmId":"node/3243094668"},"type":"Feature"},{"geometry":{"coordinates":[-2.3422263,57.3789551],"type":"Point"},"properties":{"osmId":"node/3243094669"},"type":"Feature"},{"geometry":{"coordinates":[-2.3610261,57.3994231],"type":"Point"},"properties":{"osmId":"node/3243098953"},"type":"Feature"},{"geometry":{"coordinates":[-2.4013423,57.4301044],"type":"Point"},"properties":{"osmId":"node/3243100262"},"type":"Feature"},{"geometry":{"coordinates":[-2.3987069,57.449695],"type":"Point"},"properties":{"osmId":"node/3243105215"},"type":"Feature"},{"geometry":{"coordinates":[-2.4242369,57.491045],"type":"Point"},"properties":{"osmId":"node/3243108071"},"type":"Feature"},{"geometry":{"coordinates":[-2.4257283,57.485985],"type":"Point"},"properties":{"osmId":"node/3243111786"},"type":"Feature"},{"geometry":{"coordinates":[-2.4261978,57.5136689],"type":"Point"},"properties":{"osmId":"node/3243133192"},"type":"Feature"},{"geometry":{"coordinates":[-2.4223038,57.5062174],"type":"Point"},"properties":{"osmId":"node/3243133582"},"type":"Feature"},{"geometry":{"coordinates":[-2.422432,57.5064787],"type":"Point"},"properties":{"osmId":"node/3243133739"},"type":"Feature"},{"geometry":{"coordinates":[-2.2079593,57.2796504],"type":"Point"},"properties":{"osmId":"node/3243136719"},"type":"Feature"},{"geometry":{"coordinates":[-2.1821628,57.2393465],"type":"Point"},"properties":{"osmId":"node/3243143384"},"type":"Feature"},{"geometry":{"coordinates":[-2.0902862,57.179662],"type":"Point"},"properties":{"osmId":"node/3243143662"},"type":"Feature"},{"geometry":{"coordinates":[-2.0907527,57.1799777],"type":"Point"},"properties":{"osmId":"node/3243149861"},"type":"Feature"},{"geometry":{"coordinates":[-2.0959794,57.1690406],"type":"Point"},"properties":{"osmId":"node/3243151180"},"type":"Feature"},{"geometry":{"coordinates":[-2.9997135,57.6514591],"type":"Point"},"properties":{"osmId":"node/3243168428"},"type":"Feature"},{"geometry":{"coordinates":[-2.9312023,57.6679497],"type":"Point"},"properties":{"osmId":"node/3243169673"},"type":"Feature"},{"geometry":{"coordinates":[-2.8679507,57.6883871],"type":"Point"},"properties":{"osmId":"node/3243173106"},"type":"Feature"},{"geometry":{"coordinates":[-2.9377602,57.6667229],"type":"Point"},"properties":{"osmId":"node/3243174151"},"type":"Feature"},{"geometry":{"coordinates":[-2.9969793,57.652108],"type":"Point"},"properties":{"osmId":"node/3243174749"},"type":"Feature"},{"geometry":{"coordinates":[-3.0269099,57.6431414],"type":"Point"},"properties":{"osmId":"node/3243178484"},"type":"Feature"},{"geometry":{"coordinates":[-3.0512247,57.6249593],"type":"Point"},"properties":{"osmId":"node/3243178938"},"type":"Feature"},{"geometry":{"coordinates":[-2.0885101,57.1192638],"type":"Point"},"properties":{"osmId":"node/3243179075"},"type":"Feature"},{"geometry":{"coordinates":[-4.0093779,55.8550275],"type":"Point"},"properties":{"osmId":"node/3253210340"},"type":"Feature"},{"geometry":{"coordinates":[-2.4781872,57.6110248],"type":"Point"},"properties":{"osmId":"node/3253848052"},"type":"Feature"},{"geometry":{"coordinates":[-2.479292,57.6182059],"type":"Point"},"properties":{"osmId":"node/3253866801"},"type":"Feature"},{"geometry":{"coordinates":[-2.4779825,57.6534991],"type":"Point"},"properties":{"osmId":"node/3256891075"},"type":"Feature"},{"geometry":{"coordinates":[-0.0595239,51.6553183],"type":"Point"},"properties":{"maxspeed":"40 mph","osmId":"node/3274980806"},"type":"Feature"},{"geometry":{"coordinates":[-3.4763093,50.5657944],"type":"Point"},"properties":{"maxspeed":"40 mph","osmId":"node/3281919133"},"type":"Feature"},{"geometry":{"coordinates":[-0.2196449,51.5040513],"type":"Point"},"properties":{"maxspeed":"20 mph","osmId":"node/3282077170"},"type":"Feature"},{"geometry":{"coordinates":[-1.257582,52.9005297],"type":"Point"},"properties":{"maxspeed":"30 mph","osmId":"node/3291434217"},"type":"Feature"},{"geometry":{"coordinates":[0.2385587,51.4406402],"type":"Point"},"properties":{"osmId":"node/3299329580"},"type":"Feature"},{"geometry":{"coordinates":[-2.2171109,53.0147227],"type":"Point"},"properties":{"osmId":"node/3306790921"},"type":"Feature"},{"geometry":{"coordinates":[-1.5039156,53.7033665],"type":"Point"},"properties":{"osmId":"node/3310851889"},"type":"Feature"},{"geometry":{"coordinates":[-1.5014618,53.7104974],"type":"Point"},"properties":{"osmId":"node/3310851890"},"type":"Feature"},{"geometry":{"coordinates":[-1.8838612,52.5328017],"type":"Point"},"properties":{"maxspeed":"30 mph","osmId":"node/3324964819"},"type":"Feature"},{"geometry":{"coordinates":[-2.0581201,52.6080368],"type":"Point"},"properties":{"maxspeed":"30 mph","osmId":"node/3325504497"},"type":"Feature"},{"geometry":{"coordinates":[-2.0568124,52.6082005],"type":"Point"},"properties":{"maxspeed":"30 mph","osmId":"node/3325504498"},"type":"Feature"},{"geometry":{"coordinates":[-2.0968491,52.6157642],"type":"Point"},"properties":{"maxspeed":"30 mph","osmId":"node/3325504499"},"type":"Feature"},{"geometry":{"coordinates":[-2.0245977,52.61683],"type":"Point"},"properties":{"maxspeed":"30 mph","osmId":"node/3325504500"},"type":"Feature"},{"geometry":{"coordinates":[-2.0957367,52.6169909],"type":"Point"},"properties":{"maxspeed":"30 mph","osmId":"node/3325504501"},"type":"Feature"},{"geometry":{"coordinates":[-2.0916499,52.620642],"type":"Point"},"properties":{"maxspeed":"40 mph","osmId":"node/3325504502"},"type":"Feature"},{"geometry":{"coordinates":[-1.9490423,52.6436689],"type":"Point"},"properties":{"maxspeed":"30 mph","osmId":"node/3325504503"},"type":"Feature"},{"geometry":{"coordinates":[-1.9410119,52.6467284],"type":"Point"},"properties":{"maxspeed":"30 mph","osmId":"node/3325504504"},"type":"Feature"},{"geometry":{"coordinates":[-0.9893539,51.4758493],"type":"Point"},"properties":{"maxspeed":"30 mph","osmId":"node/3338781778"},"type":"Feature"},{"geometry":{"coordinates":[-0.9908219,53.4179886],"type":"Point"},"properties":{"maxspeed":"50 mph","osmId":"node/3399729373"},"type":"Feature"},{"geometry":{"coordinates":[-0.9907189,53.418088],"type":"Point"},"properties":{"maxspeed":"50 mph","osmId":"node/3399729379"},"type":"Feature"},{"geometry":{"coordinates":[-1.0096455,53.4263661],"type":"Point"},"properties":{"maxspeed":"50 mph","osmId":"node/3399729428"},"type":"Feature"},{"geometry":{"coordinates":[-1.0097153,53.4261821],"type":"Point"},"properties":{"maxspeed":"50 mph","osmId":"node/3399729434"},"type":"Feature"},{"geometry":{"coordinates":[-2.5843875,51.4595277],"type":"Point"},"properties":{"osmId":"node/3401014293"},"type":"Feature"},{"geometry":{"coordinates":[-0.8755135,53.4056737],"type":"Point"},"properties":{"maxspeed":"50 mph","osmId":"node/3401712237"},"type":"Feature"},{"geometry":{"coordinates":[-0.8754354,53.4057599],"type":"Point"},"properties":{"maxspeed":"50 mph","osmId":"node/3401712239"},"type":"Feature"},{"geometry":{"coordinates":[-0.9115568,53.407287],"type":"Point"},"properties":{"maxspeed":"50 mph","osmId":"node/3401712240"},"type":"Feature"},{"geometry":{"coordinates":[-0.9114993,53.4071759],"type":"Point"},"properties":{"maxspeed":"50 mph","osmId":"node/3401712241"},"type":"Feature"},{"geometry":{"coordinates":[-1.1278104,53.0466794],"type":"Point"},"properties":{"osmId":"node/3403679528"},"type":"Feature"},{"geometry":{"coordinates":[-1.1068458,53.0616936],"type":"Point"},"properties":{"osmId":"node/3403680397"},"type":"Feature"},{"geometry":{"coordinates":[-1.0722937,53.0881349],"type":"Point"},"properties":{"osmId":"node/3403915963"},"type":"Feature"},{"geometry":{"coordinates":[-1.0642094,53.1026306],"type":"Point"},"properties":{"osmId":"node/3403915967"},"type":"Feature"},{"geometry":{"coordinates":[-1.1026321,53.0665064],"type":"Point"},"properties":{"maxspeed":"50 mph","osmId":"node/3403916201"},"type":"Feature"},{"geometry":{"coordinates":[-1.102455,53.0664388],"type":"Point"},"properties":{"maxspeed":"50 mph","osmId":"node/3403916204"},"type":"Feature"},{"geometry":{"coordinates":[-1.0603873,53.1219167],"type":"Point"},"properties":{"osmId":"node/3403973000"},"type":"Feature"},{"geometry":{"coordinates":[-1.048528,53.1393578],"type":"Point"},"properties":{"osmId":"node/3403973001"},"type":"Feature"},{"geometry":{"coordinates":[-1.0294776,53.1957145],"type":"Point"},"properties":{"osmId":"node/3403990002"},"type":"Feature"},{"geometry":{"coordinates":[-2.1597145,52.4781139],"type":"Point"},"properties":{"osmId":"node/3407191203"},"type":"Feature"},{"geometry":{"coordinates":[-0.2810858,51.4130074],"type":"Point"},"properties":{"maxspeed":"30 mph","osmId":"node/3419831475"},"type":"Feature"},{"geometry":{"coordinates":[-4.6395412,55.5348556],"type":"Point"},"properties":{"osmId":"node/3424136925"},"type":"Feature"},{"geometry":{"coordinates":[-4.5862472,55.5273656],"type":"Point"},"properties":{"maxspeed":"50 mph","osmId":"node/3424141170","role":"average"},"type":"Feature"},{"geometry":{"coordinates":[-4.5862087,55.5273551],"type":"Point"},"properties":{"maxspeed":"50 mph","osmId":"node/3424141171","role":"average"},"type":"Feature"},{"geometry":{"coordinates":[-4.5753627,55.5349051],"type":"Point"},"properties":{"maxspeed":"50 mph","osmId":"node/3424144181","role":"average"},"type":"Feature"},{"geometry":{"coordinates":[-4.575323,55.5348907],"type":"Point"},"properties":{"maxspeed":"50 mph","osmId":"node/3424144182","role":"average"},"type":"Feature"},{"geometry":{"coordinates":[-4.5431667,55.5585762],"type":"Point"},"properties":{"maxspeed":"50 mph","osmId":"node/3424145862","role":"average"},"type":"Feature"},{"geometry":{"coordinates":[-4.543092,55.558561],"type":"Point"},"properties":{"maxspeed":"50 mph","osmId":"node/3424145863","role":"average"},"type":"Feature"},{"geometry":{"coordinates":[-0.7626794,51.9900528],"type":"Point"},"properties":{"maxspeed":"30 mph","osmId":"node/3427364680"},"type":"Feature"},{"geometry":{"coordinates":[-2.123198,53.5497164],"type":"Point"},"properties":{"osmId":"node/3449642124"},"type":"Feature"},{"geometry":{"coordinates":[-2.7615847,54.1253795],"type":"Point"},"properties":{"osmId":"node/3464861673"},"type":"Feature"},{"geometry":{"coordinates":[-2.6464491,53.3902813],"type":"Point"},"properties":{"maxspeed":"30 mph","osmId":"node/3474022685"},"type":"Feature"},{"geometry":{"coordinates":[-1.668833,52.7878053],"type":"Point"},"properties":{"maxspeed":"30 mph","osmId":"node/3478310649"},"type":"Feature"},{"geometry":{"coordinates":[-2.2212659,53.460181],"type":"Point"},"properties":{"maxspeed":"30 mph","osmId":"node/3481902672"},"type":"Feature"},{"geometry":{"coordinates":[-5.8726542,54.5955997],"type":"Point"},"properties":{"maxspeed":"30 mph","osmId":"node/3512287895"},"type":"Feature"},{"geometry":{"coordinates":[-0.0163552,51.4094843],"type":"Point"},"properties":{"osmId":"node/3514359958"},"type":"Feature"},{"geometry":{"coordinates":[-0.4820769,51.4532271],"type":"Point"},"properties":{"maxspeed":"30 mph","osmId":"node/3524001076"},"type":"Feature"},{"geometry":{"coordinates":[-5.9074817,54.5504668],"type":"Point"},"properties":{"maxspeed":"40 mph","osmId":"node/3525338593"},"type":"Feature"},{"geometry":{"coordinates":[-1.8605093,54.9654354],"type":"Point"},"properties":{"maxspeed":"30 mph","osmId":"node/3567035568"},"type":"Feature"},{"geometry":{"coordinates":[-1.6211694,53.80437],"type":"Point"},"properties":{"maxspeed":"40 mph","osmId":"node/3572636496"},"type":"Feature"},{"geometry":{"coordinates":[-2.1369662,52.5748812],"type":"Point"},"properties":{"osmId":"node/3605795969"},"type":"Feature"},{"geometry":{"coordinates":[-2.1371763,52.5742444],"type":"Point"},"properties":{"osmId":"node/3608427431"},"type":"Feature"},{"geometry":{"coordinates":[-0.359617,51.4383539],"type":"Point"},"properties":{"maxspeed":"20 mph","osmId":"node/3612285000"},"type":"Feature"},{"geometry":{"coordinates":[-0.7100302,52.3294571],"type":"Point"},"properties":{"maxspeed":"40 mph","osmId":"node/3623889593"},"type":"Feature"},{"geometry":{"coordinates":[-2.654836,51.4578334],"type":"Point"},"properties":{"osmId":"node/3627937844"},"type":"Feature"},{"geometry":{"coordinates":[-2.1777739,50.6829926],"type":"Point"},"properties":{"osmId":"node/3642980989"},"type":"Feature"},{"geometry":{"coordinates":[-0.4162492,50.8411102],"type":"Point"},"properties":{"maxspeed":"40 mph","osmId":"node/3647891892"},"type":"Feature"},{"geometry":{"coordinates":[-2.5722422,51.5151901],"type":"Point"},"properties":{"osmId":"node/3662409154"},"type":"Feature"},{"geometry":{"coordinates":[-2.5047485,52.6949602],"type":"Point"},"properties":{"osmId":"node/3667597286"},"type":"Feature"},{"geometry":{"coordinates":[-2.045714,55.8112899],"type":"Point"},"properties":{"osmId":"node/3671469184"},"type":"Feature"},{"geometry":{"coordinates":[-1.9823039,52.5471768],"type":"Point"},"properties":{"osmId":"node/3671944475"},"type":"Feature"},{"geometry":{"coordinates":[-0.557397,51.668146],"type":"Point"},"properties":{"maxspeed":"30 mph","osmId":"node/3678180724"},"type":"Feature"},{"geometry":{"coordinates":[-0.2055244,51.3902586],"type":"Point"},"properties":{"osmId":"node/3678939253"},"type":"Feature"},{"geometry":{"coordinates":[-0.2056078,51.3903264],"type":"Point"},"properties":{"osmId":"node/3678939254"},"type":"Feature"},{"geometry":{"coordinates":[0.1510094,51.5308175],"type":"Point"},"properties":{"osmId":"node/3679077732"},"type":"Feature"},{"geometry":{"coordinates":[-0.200255,51.3967023],"type":"Point"},"properties":{"osmId":"node/3679366181"},"type":"Feature"},{"geometry":{"coordinates":[-0.2004104,51.3962889],"type":"Point"},"properties":{"osmId":"node/3679469394"},"type":"Feature"},{"geometry":{"coordinates":[-1.9069118,52.4937894],"type":"Point"},"properties":{"maxspeed":"30 mph","osmId":"node/3718314172"},"type":"Feature"},{"geometry":{"coordinates":[0.1153267,51.5326643],"type":"Point"},"properties":{"maxspeed":"40 mph","osmId":"node/3725105803"},"type":"Feature"},{"geometry":{"coordinates":[0.1152293,51.5327991],"type":"Point"},"properties":{"maxspeed":"40 mph","osmId":"node/3725105817"},"type":"Feature"},{"geometry":{"coordinates":[1.0516889,51.8847996],"type":"Point"},"properties":{"osmId":"node/3736135504"},"type":"Feature"},{"geometry":{"coordinates":[1.0676323,51.8956521],"type":"Point"},"properties":{"osmId":"node/3736135505"},"type":"Feature"},{"geometry":{"coordinates":[1.0842505,51.9039418],"type":"Point"},"properties":{"maxspeed":"50 mph","osmId":"node/3736135506"},"type":"Feature"},{"geometry":{"coordinates":[1.068909,51.8963473],"type":"Point"},"properties":{"osmId":"node/3736135507"},"type":"Feature"},{"geometry":{"coordinates":[-2.583555,51.6972096],"type":"Point"},"properties":{"maxspeed":"50 mph","osmId":"node/3752077612"},"type":"Feature"},{"geometry":{"coordinates":[-2.576108,51.7048717],"type":"Point"},"properties":{"maxspeed":"30 mph","osmId":"node/3752077613"},"type":"Feature"},{"geometry":{"coordinates":[-2.3805771,51.8268093],"type":"Point"},"properties":{"osmId":"node/3752077614"},"type":"Feature"},{"geometry":{"coordinates":[-2.3685625,51.8290839],"type":"Point"},"properties":{"osmId":"node/3752077615"},"type":"Feature"},{"geometry":{"coordinates":[-2.3276945,51.8524919],"type":"Point"},"properties":{"maxspeed":"50 mph","osmId":"node/3752077616"},"type":"Feature"},{"geometry":{"coordinates":[-0.8857006,52.7669052],"type":"Point"},"properties":{"maxspeed":"30 mph","osmId":"node/3752547388"},"type":"Feature"},{"geometry":{"coordinates":[-0.0838029,51.4646662],"type":"Point"},"properties":{"osmId":"node/3755978778"},"type":"Feature"},{"geometry":{"coordinates":[-0.0870794,51.4531615],"type":"Point"},"properties":{"osmId":"node/3755978779"},"type":"Feature"},{"geometry":{"coordinates":[-2.4837664,52.6961231],"type":"Point"},"properties":{"osmId":"node/3778715858"},"type":"Feature"},{"geometry":{"coordinates":[-2.4938886,52.7019743],"type":"Point"},"properties":{"osmId":"node/3778715860"},"type":"Feature"},{"geometry":{"coordinates":[-2.6093511,51.5278738],"type":"Point"},"properties":{"osmId":"node/3793524277"},"type":"Feature"},{"geometry":{"coordinates":[-2.563487,51.4263367],"type":"Point"},"properties":{"osmId":"node/3797561037"},"type":"Feature"},{"geometry":{"coordinates":[-2.0231953,51.122916],"type":"Point"},"properties":{"maxspeed":"60 mph","osmId":"node/3817571432"},"type":"Feature"},{"geometry":{"coordinates":[-1.8924526,51.1687809],"type":"Point"},"properties":{"maxspeed":"40 mph","osmId":"node/3817571433"},"type":"Feature"},{"geometry":{"coordinates":[-2.1487628,51.1071805],"type":"Point"},"properties":{"maxspeed":"60 mph","osmId":"node/3817586643"},"type":"Feature"},{"geometry":{"coordinates":[-2.879515,51.0828412],"type":"Point"},"properties":{"maxspeed":"30 mph","osmId":"node/3835639299"},"type":"Feature"},{"geometry":{"coordinates":[-0.0415665,52.8704925],"type":"Point"},"properties":{"maxspeed":"60 mph","osmId":"node/3849564833"},"type":"Feature"},{"geometry":{"coordinates":[-1.9367471,52.5574347],"type":"Point"},"properties":{"maxspeed":"30 mph","osmId":"node/3868153847"},"type":"Feature"},{"geometry":{"coordinates":[-1.9372135,52.5581041],"type":"Point"},"properties":{"maxspeed":"30 mph","osmId":"node/3868153848"},"type":"Feature"},{"geometry":{"coordinates":[-0.135564,51.5885216],"type":"Point"},"properties":{"maxspeed":"20 mph","osmId":"node/3886419757"},"type":"Feature"},{"geometry":{"coordinates":[1.0766761,49.9053725],"type":"Point"},"properties":{"maxspeed":"50","osmId":"node/3912148548"},"type":"Feature"},{"geometry":{"coordinates":[1.0748739,49.9138944],"type":"Point"},"properties":{"maxspeed":"50","osmId":"node/3912149408"},"type":"Feature"},{"geometry":{"coordinates":[0.2436717,51.4539163],"type":"Point"},"properties":{"maxspeed":"50 mph","osmId":"node/3928857642"},"type":"Feature"},{"geometry":{"coordinates":[-1.3664438,53.0109276],"type":"Point"},"properties":{"osmId":"node/3930928111"},"type":"Feature"},{"geometry":{"coordinates":[-1.3469669,53.0155965],"type":"Point"},"properties":{"osmId":"node/3938736797"},"type":"Feature"},{"geometry":{"coordinates":[0.025772,51.616691],"type":"Point"},"properties":{"maxspeed":"30 mph","osmId":"node/3946349730"},"type":"Feature"},{"geometry":{"coordinates":[-1.9410183,53.2717167],"type":"Point"},"properties":{"maxspeed":"50 mph","osmId":"node/3948782782","role":"average"},"type":"Feature"},{"geometry":{"coordinates":[-3.2570883,55.9197228],"type":"Point"},"properties":{"maxspeed":"40 mph","osmId":"node/3964531840"},"type":"Feature"},{"geometry":{"coordinates":[-2.1942174,53.5299553],"type":"Point"},"properties":{"maxspeed":"30 mph","osmId":"node/3967024391"},"type":"Feature"},{"geometry":{"coordinates":[-0.4792593,53.0180402],"type":"Point"},"properties":{"maxspeed":"60 mph","osmId":"node/3978383254"},"type":"Feature"},{"geometry":{"coordinates":[-0.5182935,53.0285613],"type":"Point"},"properties":{"maxspeed":"60 mph","osmId":"node/3978383255"},"type":"Feature"},{"geometry":{"coordinates":[-0.5957668,53.0570551],"type":"Point"},"properties":{"maxspeed":"60 mph","osmId":"node/3978383256"},"type":"Feature"},{"geometry":{"coordinates":[-0.9600293,53.271081],"type":"Point"},"properties":{"maxspeed":"50 mph","osmId":"node/3978383579"},"type":"Feature"},{"geometry":{"coordinates":[-0.7118798,52.0637762],"type":"Point"},"properties":{"maxspeed":"70 mph","osmId":"node/3983632454"},"type":"Feature"},{"geometry":{"coordinates":[-1.5802147,53.7921917],"type":"Point"},"properties":{"osmId":"node/3985365062"},"type":"Feature"},{"geometry":{"coordinates":[-1.6048074,53.793082],"type":"Point"},"properties":{"osmId":"node/3985365066"},"type":"Feature"},{"geometry":{"coordinates":[-1.5900469,53.7934393],"type":"Point"},"properties":{"osmId":"node/3985365071"},"type":"Feature"},{"geometry":{"coordinates":[-2.5785782,51.4908308],"type":"Point"},"properties":{"osmId":"node/4017258414"},"type":"Feature"},{"geometry":{"coordinates":[1.2963069,52.6093631],"type":"Point"},"properties":{"maxspeed":"30 mph","osmId":"node/4041948821"},"type":"Feature"},{"geometry":{"coordinates":[1.2600072,52.6263881],"type":"Point"},"properties":{"maxspeed":"30 mph","osmId":"node/4041948823"},"type":"Feature"},{"geometry":{"coordinates":[1.3092862,52.6325786],"type":"Point"},"properties":{"maxspeed":"30 mph","osmId":"node/4041948825"},"type":"Feature"},{"geometry":{"coordinates":[1.3752906,52.6843973],"type":"Point"},"properties":{"maxspeed":"50 mph","osmId":"node/4041948854"},"type":"Feature"},{"geometry":{"coordinates":[-2.5939973,51.435995],"type":"Point"},"properties":{"osmId":"node/4046868205"},"type":"Feature"},{"geometry":{"coordinates":[-2.600472,51.4189431],"type":"Point"},"properties":{"osmId":"node/4049302417"},"type":"Feature"},{"geometry":{"coordinates":[0.0617608,51.5209322],"type":"Point"},"properties":{"maxspeed":"50 mph","osmId":"node/4062811930"},"type":"Feature"},{"geometry":{"coordinates":[0.0625866,51.5216626],"type":"Point"},"properties":{"maxspeed":"50 mph","osmId":"node/4062811964"},"type":"Feature"},{"geometry":{"coordinates":[-0.7625891,51.2306355],"type":"Point"},"properties":{"osmId":"node/4094308848"},"type":"Feature"},{"geometry":{"coordinates":[-2.0659068,52.5627883],"type":"Point"},"properties":{"osmId":"node/4100046782"},"type":"Feature"},{"geometry":{"coordinates":[-2.0666753,52.5629278],"type":"Point"},"properties":{"osmId":"node/4100046783"},"type":"Feature"},{"geometry":{"coordinates":[-0.4399594,51.889165],"type":"Point"},"properties":{"maxspeed":"30 mph","osmId":"node/4103873546"},"type":"Feature"},{"geometry":{"coordinates":[0.2942951,51.4767536],"type":"Point"},"properties":{"maxspeed":"30 mph","osmId":"node/4106638872"},"type":"Feature"},{"geometry":{"coordinates":[0.1001475,50.9776911],"type":"Point"},"properties":{"maxspeed":"30 mph","osmId":"node/4117394782"},"type":"Feature"},{"geometry":{"coordinates":[-1.6874354,53.855832],"type":"Point"},"properties":{"osmId":"node/4131484807"},"type":"Feature"},{"geometry":{"coordinates":[-1.6877103,53.8563596],"type":"Point"},"properties":{"maxspeed":"30 mph","osmId":"node/4131484809"},"type":"Feature"},{"geometry":{"coordinates":[1.1548027,52.0267431],"type":"Point"},"properties":{"osmId":"node/4138518274"},"type":"Feature"},{"geometry":{"coordinates":[1.17437,52.0268371],"type":"Point"},"properties":{"osmId":"node/4138518275"},"type":"Feature"},{"geometry":{"coordinates":[1.5674776,52.719859],"type":"Point"},"properties":{"osmId":"node/4175648340","role":"average"},"type":"Feature"},{"geometry":{"coordinates":[1.5462828,52.7306624],"type":"Point"},"properties":{"osmId":"node/4175648341","role":"average"},"type":"Feature"},{"geometry":{"coordinates":[1.5381315,52.7440522],"type":"Point"},"properties":{"osmId":"node/4175648342","role":"average"},"type":"Feature"},{"geometry":{"coordinates":[1.5326356,52.7543001],"type":"Point"},"properties":{"osmId":"node/4175648343","role":"average"},"type":"Feature"},{"geometry":{"coordinates":[-1.6265452,55.0846268],"type":"Point"},"properties":{"maxspeed":"50 mph","osmId":"node/4175825300"},"type":"Feature"},{"geometry":{"coordinates":[-1.1586776,52.5960255],"type":"Point"},"properties":{"maxspeed":"30 mph","osmId":"node/4180985212"},"type":"Feature"},{"geometry":{"coordinates":[-0.3956507,51.4437896],"type":"Point"},"properties":{"maxspeed":"30 mph","osmId":"node/4239928668"},"type":"Feature"},{"geometry":{"coordinates":[1.196485,52.0235147],"type":"Point"},"properties":{"maxspeed":"60 mph","osmId":"node/4242996089"},"type":"Feature"},{"geometry":{"coordinates":[1.2003292,52.0243492],"type":"Point"},"properties":{"maxspeed":"60 mph","osmId":"node/4242996090"},"type":"Feature"},{"geometry":{"coordinates":[1.1481933,52.0249432],"type":"Point"},"properties":{"maxspeed":"60 mph","osmId":"node/4242996091"},"type":"Feature"},{"geometry":{"coordinates":[1.1485735,52.0252551],"type":"Point"},"properties":{"maxspeed":"60 mph","osmId":"node/4242996092"},"type":"Feature"},{"geometry":{"coordinates":[1.1796794,52.0259688],"type":"Point"},"properties":{"maxspeed":"60 mph","osmId":"node/4242996093"},"type":"Feature"},{"geometry":{"coordinates":[1.180455,52.0260576],"type":"Point"},"properties":{"maxspeed":"60 mph","osmId":"node/4242996094"},"type":"Feature"},{"geometry":{"coordinates":[-0.4571352,51.760507],"type":"Point"},"properties":{"maxspeed":"40 mph","osmId":"node/4274643819"},"type":"Feature"},{"geometry":{"coordinates":[0.0993681,52.1977969],"type":"Point"},"properties":{"maxspeed":"30 mph","osmId":"node/4285915351"},"type":"Feature"},{"geometry":{"coordinates":[-1.9007598,52.4548092],"type":"Point"},"properties":{"osmId":"node/4289068445"},"type":"Feature"},{"geometry":{"coordinates":[-1.8057835,52.461106],"type":"Point"},"properties":{"osmId":"node/4294490136","role":"average"},"type":"Feature"},{"geometry":{"coordinates":[-1.8057167,52.4613743],"type":"Point"},"properties":{"osmId":"node/4294490137","role":"average"},"type":"Feature"},{"geometry":{"coordinates":[-1.8219554,52.4622181],"type":"Point"},"properties":{"osmId":"node/4294490138","role":"average"},"type":"Feature"},{"geometry":{"coordinates":[-1.8248132,52.4624406],"type":"Point"},"properties":{"osmId":"node/4294490139","role":"average"},"type":"Feature"},{"geometry":{"coordinates":[-1.8257789,52.4627713],"type":"Point"},"properties":{"osmId":"node/4294490140","role":"average"},"type":"Feature"},{"geometry":{"coordinates":[-1.8311999,52.462998],"type":"Point"},"properties":{"osmId":"node/4294490141","role":"average"},"type":"Feature"},{"geometry":{"coordinates":[-1.830629,52.4631895],"type":"Point"},"properties":{"osmId":"node/4294490142","role":"average"},"type":"Feature"},{"geometry":{"coordinates":[-0.5178411,51.8867042],"type":"Point"},"properties":{"maxspeed":"30 mph","osmId":"node/4306447990"},"type":"Feature"},{"geometry":{"coordinates":[-3.5437525,50.7072861],"type":"Point"},"properties":{"osmId":"node/4318029329"},"type":"Feature"},{"geometry":{"coordinates":[-1.1062111,52.9812081],"type":"Point"},"properties":{"osmId":"node/4381069568"},"type":"Feature"},{"geometry":{"coordinates":[-1.8043676,53.8151675],"type":"Point"},"properties":{"maxspeed":"30 mph","osmId":"node/4385793567"},"type":"Feature"},{"geometry":{"coordinates":[-1.807816,53.8153936],"type":"Point"},"properties":{"maxspeed":"30 mph","osmId":"node/4385793568"},"type":"Feature"},{"geometry":{"coordinates":[-1.8130921,53.815726],"type":"Point"},"properties":{"maxspeed":"30 mph","osmId":"node/4385793569"},"type":"Feature"},{"geometry":{"coordinates":[-1.817275,53.815999],"type":"Point"},"properties":{"osmId":"node/4385793570"},"type":"Feature"},{"geometry":{"coordinates":[-1.9297056,53.8376868],"type":"Point"},"properties":{"maxspeed":"30 mph","osmId":"node/4385793571"},"type":"Feature"},{"geometry":{"coordinates":[-1.9291053,53.8383019],"type":"Point"},"properties":{"maxspeed":"30 mph","osmId":"node/4385793572"},"type":"Feature"},{"geometry":{"coordinates":[-1.9245394,53.8413281],"type":"Point"},"properties":{"maxspeed":"40 mph","osmId":"node/4385793573"},"type":"Feature"},{"geometry":{"coordinates":[-1.9211063,53.845819],"type":"Point"},"properties":{"maxspeed":"40 mph","osmId":"node/4385793574"},"type":"Feature"},{"geometry":{"coordinates":[-1.9205806,53.8465257],"type":"Point"},"properties":{"maxspeed":"40 mph","osmId":"node/4385793575"},"type":"Feature"},{"geometry":{"coordinates":[-0.7452466,51.6385709],"type":"Point"},"properties":{"maxspeed":"30 mph","osmId":"node/4393361246"},"type":"Feature"},{"geometry":{"coordinates":[-0.7810201,51.6678188],"type":"Point"},"properties":{"maxspeed":"30 mph","osmId":"node/4394457455"},"type":"Feature"},{"geometry":{"coordinates":[-0.7651711,51.6257512],"type":"Point"},"properties":{"maxspeed":"30 mph","osmId":"node/4394728502"},"type":"Feature"},{"geometry":{"coordinates":[-0.7845503,51.6215679],"type":"Point"},"properties":{"maxspeed":"30 mph","osmId":"node/4394801448"},"type":"Feature"},{"geometry":{"coordinates":[0.167299,51.0613318],"type":"Point"},"properties":{"maxspeed":"40 mph","osmId":"node/4396379975"},"type":"Feature"},{"geometry":{"coordinates":[-0.7176668,51.649317],"type":"Point"},"properties":{"maxspeed":"30 mph","osmId":"node/4397075967"},"type":"Feature"},{"geometry":{"coordinates":[-2.1247631,53.4192197],"type":"Point"},"properties":{"osmId":"node/4397187371"},"type":"Feature"},{"geometry":{"coordinates":[-2.095034,53.428256],"type":"Point"},"properties":{"osmId":"node/4397493195"},"type":"Feature"},{"geometry":{"coordinates":[-1.092626,52.9763285],"type":"Point"},"properties":{"osmId":"node/4398939266"},"type":"Feature"},{"geometry":{"coordinates":[0.0556519,51.0305101],"type":"Point"},"properties":{"osmId":"node/4415593493"},"type":"Feature"},{"geometry":{"coordinates":[-0.6925286,51.6389953],"type":"Point"},"properties":{"maxspeed":"30 mph","osmId":"node/4418144644"},"type":"Feature"},{"geometry":{"coordinates":[-0.9645133,51.7460356],"type":"Point"},"properties":{"maxspeed":"30 mph","osmId":"node/4420626880"},"type":"Feature"},{"geometry":{"coordinates":[-0.7835725,51.6383709],"type":"Point"},"properties":{"maxspeed":"30 mph","osmId":"node/4424857439"},"type":"Feature"},{"geometry":{"coordinates":[0.4747708,50.8466123],"type":"Point"},"properties":{"maxspeed":"40 mph","osmId":"node/4426350238"},"type":"Feature"},{"geometry":{"coordinates":[-0.7032166,51.5780241],"type":"Point"},"properties":{"maxspeed":"30 mph","osmId":"node/4428629062"},"type":"Feature"},{"geometry":{"coordinates":[-0.6847745,51.5942763],"type":"Point"},"properties":{"maxspeed":"30 mph","osmId":"node/4428635833"},"type":"Feature"},{"geometry":{"coordinates":[-0.472172,52.1241608],"type":"Point"},"properties":{"osmId":"node/4428710592"},"type":"Feature"},{"geometry":{"coordinates":[-0.707461,51.6597976],"type":"Point"},"properties":{"maxspeed":"30 mph","osmId":"node/4433900294"},"type":"Feature"},{"geometry":{"coordinates":[-0.7094892,51.5739889],"type":"Point"},"properties":{"maxspeed":"30 mph","osmId":"node/4434075922"},"type":"Feature"},{"geometry":{"coordinates":[-0.7997123,53.0700621],"type":"Point"},"properties":{"maxspeed":"30 mph","osmId":"node/4436122611"},"type":"Feature"},{"geometry":{"coordinates":[-1.7920713,52.7809082],"type":"Point"},"properties":{"maxspeed":"50 mph","osmId":"node/4436881991"},"type":"Feature"},{"geometry":{"coordinates":[-1.7828284,52.8064807],"type":"Point"},"properties":{"maxspeed":"50 mph","osmId":"node/4436881992"},"type":"Feature"},{"geometry":{"coordinates":[-1.7799034,52.824358],"type":"Point"},"properties":{"maxspeed":"50 mph","osmId":"node/4436881993"},"type":"Feature"},{"geometry":{"coordinates":[-1.7772384,52.3518368],"type":"Point"},"properties":{"maxspeed":"30 mph","osmId":"node/4438934783"},"type":"Feature"},{"geometry":{"coordinates":[-1.7787317,52.3561028],"type":"Point"},"properties":{"maxspeed":"30 mph","osmId":"node/4438935401"},"type":"Feature"},{"geometry":{"coordinates":[-1.5935272,53.1641156],"type":"Point"},"properties":{"osmId":"node/4439412110"},"type":"Feature"},{"geometry":{"coordinates":[-1.7810176,52.4316333],"type":"Point"},"properties":{"osmId":"node/4451553219","role":"average"},"type":"Feature"},{"geometry":{"coordinates":[-1.9091991,52.456704],"type":"Point"},"properties":{"maxspeed":"30 mph","osmId":"node/4451951852"},"type":"Feature"},{"geometry":{"coordinates":[-1.9668927,52.4728255],"type":"Point"},"properties":{"maxspeed":"30 mph","osmId":"node/4502579306"},"type":"Feature"},{"geometry":{"coordinates":[-1.9555956,52.4731721],"type":"Point"},"properties":{"maxspeed":"30 mph","osmId":"node/4502579307"},"type":"Feature"},{"geometry":{"coordinates":[-1.9617298,52.473244],"type":"Point"},"properties":{"maxspeed":"30 mph","osmId":"node/4502579308"},"type":"Feature"},{"geometry":{"coordinates":[-1.9435873,52.471602],"type":"Point"},"properties":{"maxspeed":"30 mph","osmId":"node/4502579309"},"type":"Feature"},{"geometry":{"coordinates":[-1.9377455,52.4720872],"type":"Point"},"properties":{"maxspeed":"30 mph","osmId":"node/4502579310"},"type":"Feature"},{"geometry":{"coordinates":[-1.8956049,52.4982877],"type":"Point"},"properties":{"osmId":"node/4515503887"},"type":"Feature"},{"geometry":{"coordinates":[-1.8960133,52.4933394],"type":"Point"},"properties":{"osmId":"node/4515503888"},"type":"Feature"},{"geometry":{"coordinates":[-1.9016749,52.4930186],"type":"Point"},"properties":{"maxspeed":"30 mph","osmId":"node/4515504190"},"type":"Feature"},{"geometry":{"coordinates":[-1.9024609,52.4933835],"type":"Point"},"properties":{"maxspeed":"30 mph","osmId":"node/4515504191"},"type":"Feature"},{"geometry":{"coordinates":[-1.9068395,52.4940234],"type":"Point"},"properties":{"maxspeed":"30 mph","osmId":"node/4515504192"},"type":"Feature"},{"geometry":{"coordinates":[-1.9225764,52.5376112],"type":"Point"},"properties":{"osmId":"node/4519022009"},"type":"Feature"},{"geometry":{"coordinates":[-1.9230283,52.5376047],"type":"Point"},"properties":{"osmId":"node/4519022011"},"type":"Feature"},{"geometry":{"coordinates":[-1.9369143,52.4010279],"type":"Point"},"properties":{"osmId":"node/4546301744"},"type":"Feature"},{"geometry":{"coordinates":[-0.0927941,51.5420817],"type":"Point"},"properties":{"maxspeed":"20 mph","osmId":"node/4556840086"},"type":"Feature"},{"geometry":{"coordinates":[-1.0571788,52.9405924],"type":"Point"},"properties":{"maxspeed":"70 mph","osmId":"node/4557393902"},"type":"Feature"},{"geometry":{"coordinates":[-1.0534937,52.9413679],"type":"Point"},"properties":{"maxspeed":"60 mph","osmId":"node/4557393911"},"type":"Feature"},{"geometry":{"coordinates":[-1.052204,52.9416913],"type":"Point"},"properties":{"maxspeed":"60 mph","osmId":"node/4557393923"},"type":"Feature"},{"geometry":{"coordinates":[-0.1383956,51.5388886],"type":"Point"},"properties":{"osmId":"node/4560999551"},"type":"Feature"},{"geometry":{"coordinates":[-0.293751,51.607515],"type":"Point"},"properties":{"maxspeed":"30 mph","osmId":"node/4568574494"},"type":"Feature"},{"geometry":{"coordinates":[0.1339502,50.9307169],"type":"Point"},"properties":{"maxspeed":"30 mph","osmId":"node/4585774220"},"type":"Feature"},{"geometry":{"coordinates":[-2.7787995,53.9210712],"type":"Point"},"properties":{"maxspeed":"50 mph","osmId":"node/4587523282"},"type":"Feature"},{"geometry":{"coordinates":[-0.0271085,51.1344496],"type":"Point"},"properties":{"maxspeed":"30 mph","osmId":"node/4596373305"},"type":"Feature"},{"geometry":{"coordinates":[0.3117403,50.7976558],"type":"Point"},"properties":{"maxspeed":"30 mph","osmId":"node/4598734305"},"type":"Feature"},{"geometry":{"coordinates":[-0.4673776,51.7585054],"type":"Point"},"properties":{"maxspeed":"30 mph","osmId":"node/4631736494"},"type":"Feature"},{"geometry":{"coordinates":[-0.4674768,51.7584896],"type":"Point"},"properties":{"maxspeed":"30 mph","osmId":"node/4631736495"},"type":"Feature"},{"geometry":{"coordinates":[-0.4535589,51.7627045],"type":"Point"},"properties":{"maxspeed":"30 mph","osmId":"node/4631744122"},"type":"Feature"},{"geometry":{"coordinates":[-1.9868939,50.7343886],"type":"Point"},"properties":{"osmId":"node/4637718319"},"type":"Feature"},{"geometry":{"coordinates":[-1.1613223,50.738747],"type":"Point"},"properties":{"maxspeed":"10 mph","osmId":"node/4649132059"},"type":"Feature"},{"geometry":{"coordinates":[-2.5844924,51.4570304],"type":"Point"},"properties":{"osmId":"node/4661094413"},"type":"Feature"},{"geometry":{"coordinates":[-1.2797094,51.8111939],"type":"Point"},"properties":{"osmId":"node/4681692733"},"type":"Feature"},{"geometry":{"coordinates":[-4.9217036,51.6748464],"type":"Point"},"properties":{"osmId":"node/4693452035"},"type":"Feature"},{"geometry":{"coordinates":[-1.9317808,52.404166],"type":"Point"},"properties":{"maxspeed":"30 mph","osmId":"node/4699608386"},"type":"Feature"},{"geometry":{"coordinates":[-1.9426435,52.2762115],"type":"Point"},"properties":{"maxspeed":"30 mph","osmId":"node/4699616564"},"type":"Feature"},{"geometry":{"coordinates":[-1.8819708,52.2353081],"type":"Point"},"properties":{"maxspeed":"40 mph","osmId":"node/4699633462"},"type":"Feature"},{"geometry":{"coordinates":[-1.8838524,52.2402218],"type":"Point"},"properties":{"maxspeed":"40 mph","osmId":"node/4699636888"},"type":"Feature"},{"geometry":{"coordinates":[-1.8474333,52.2979144],"type":"Point"},"properties":{"maxspeed":"50 mph","osmId":"node/4705818788"},"type":"Feature"},{"geometry":{"coordinates":[-1.9271638,52.6561572],"type":"Point"},"properties":{"maxspeed":"40 mph","osmId":"node/4715017052"},"type":"Feature"},{"geometry":{"coordinates":[-1.926956,52.6563403],"type":"Point"},"properties":{"maxspeed":"40 mph","osmId":"node/4715017053"},"type":"Feature"},{"geometry":{"coordinates":[-1.9330151,52.6561239],"type":"Point"},"properties":{"maxspeed":"40 mph","osmId":"node/4715017073"},"type":"Feature"},{"geometry":{"coordinates":[-1.9333866,52.6562971],"type":"Point"},"properties":{"maxspeed":"40 mph","osmId":"node/4715017074"},"type":"Feature"},{"geometry":{"coordinates":[-1.9406323,52.6562329],"type":"Point"},"properties":{"maxspeed":"40 mph","osmId":"node/4715042848"},"type":"Feature"},{"geometry":{"coordinates":[-3.2828449,51.4149919],"type":"Point"},"properties":{"maxspeed":"30 mph","osmId":"node/4745098716"},"type":"Feature"},{"geometry":{"coordinates":[-3.2779363,51.422244],"type":"Point"},"properties":{"maxspeed":"40 mph","osmId":"node/4745103995"},"type":"Feature"},{"geometry":{"coordinates":[-0.8244479,51.7298678],"type":"Point"},"properties":{"maxspeed":"30 mph","osmId":"node/4781313657"},"type":"Feature"},{"geometry":{"coordinates":[-2.8118471,50.7316589],"type":"Point"},"properties":{"maxspeed":"30 mph","osmId":"node/4811731158"},"type":"Feature"},{"geometry":{"coordinates":[-2.0442429,52.6809079],"type":"Point"},"properties":{"maxspeed":"30 mph","osmId":"node/4837269471"},"type":"Feature"},{"geometry":{"coordinates":[-2.0498858,52.6766696],"type":"Point"},"properties":{"maxspeed":"30 mph","osmId":"node/4837269472"},"type":"Feature"},{"geometry":{"coordinates":[-1.0740745,52.9735197],"type":"Point"},"properties":{"osmId":"node/4842691942"},"type":"Feature"},{"geometry":{"coordinates":[-3.2288892,51.6827423],"type":"Point"},"properties":{"osmId":"node/4858703909"},"type":"Feature"},{"geometry":{"coordinates":[-0.8239521,52.0652199],"type":"Point"},"properties":{"osmId":"node/4866591690"},"type":"Feature"},{"geometry":{"coordinates":[-2.3130764,53.4175878],"type":"Point"},"properties":{"osmId":"node/4882145606"},"type":"Feature"},{"geometry":{"coordinates":[-2.5513702,51.4596994],"type":"Point"},"properties":{"osmId":"node/4883724687"},"type":"Feature"},{"geometry":{"coordinates":[0.1446212,52.7729722],"type":"Point"},"properties":{"osmId":"node/4919120572"},"type":"Feature"},{"geometry":{"coordinates":[0.1254871,52.7753193],"type":"Point"},"properties":{"osmId":"node/4919120587"},"type":"Feature"},{"geometry":{"coordinates":[-3.3085451,55.9410199],"type":"Point"},"properties":{"maxspeed":"40 mph","osmId":"node/4924817491"},"type":"Feature"},{"geometry":{"coordinates":[-3.303127,55.9413008],"type":"Point"},"properties":{"maxspeed":"40 mph","osmId":"node/4924817492"},"type":"Feature"},{"geometry":{"coordinates":[0.059655,52.1773464],"type":"Point"},"properties":{"maxspeed":"30 mph","osmId":"node/4947765037"},"type":"Feature"},{"geometry":{"coordinates":[-1.3225192,52.9590847],"type":"Point"},"properties":{"maxspeed":"30 mph","osmId":"node/4951510240"},"type":"Feature"},{"geometry":{"coordinates":[-1.3294864,52.9583973],"type":"Point"},"properties":{"maxspeed":"30 mph","osmId":"node/4951510241"},"type":"Feature"},{"geometry":{"coordinates":[-0.7308811,51.9972626],"type":"Point"},"properties":{"maxspeed":"30 mph","osmId":"node/4963510118"},"type":"Feature"},{"geometry":{"coordinates":[-2.7234706,54.0756741],"type":"Point"},"properties":{"maxspeed":"30 mph","osmId":"node/4967028888"},"type":"Feature"},{"geometry":{"coordinates":[-0.5872709,51.2342755],"type":"Point"},"properties":{"osmId":"node/4971851659"},"type":"Feature"},{"geometry":{"coordinates":[-2.380999,53.5800105],"type":"Point"},"properties":{"maxspeed":"30 mph","osmId":"node/4971889627"},"type":"Feature"},{"geometry":{"coordinates":[0.2472046,51.1214514],"type":"Point"},"properties":{"osmId":"node/4972541115"},"type":"Feature"},{"geometry":{"coordinates":[-2.9818394,53.4222919],"type":"Point"},"properties":{"osmId":"node/5006530560"},"type":"Feature"},{"geometry":{"coordinates":[-2.9821581,53.4222684],"type":"Point"},"properties":{"osmId":"node/5006530561"},"type":"Feature"},{"geometry":{"coordinates":[-2.3650563,51.7307284],"type":"Point"},"properties":{"maxspeed":"40 mph","osmId":"node/5007032223"},"type":"Feature"},{"geometry":{"coordinates":[-1.065879,52.7409629],"type":"Point"},"properties":{"osmId":"node/5031706591"},"type":"Feature"},{"geometry":{"coordinates":[-1.4523981,53.8051132],"type":"Point"},"properties":{"maxspeed":"30 mph","osmId":"node/5037915653"},"type":"Feature"},{"geometry":{"coordinates":[-1.452123,53.8064221],"type":"Point"},"properties":{"osmId":"node/5037915654"},"type":"Feature"},{"geometry":{"coordinates":[-0.118394,51.3685615],"type":"Point"},"properties":{"maxspeed":"30 mph","osmId":"node/5039275928"},"type":"Feature"},{"geometry":{"coordinates":[-0.3924728,51.5988744],"type":"Point"},"properties":{"osmId":"node/5046191372"},"type":"Feature"},{"geometry":{"coordinates":[-0.1449855,50.8371821],"type":"Point"},"properties":{"maxspeed":"30 mph","osmId":"node/5056099979"},"type":"Feature"},{"geometry":{"coordinates":[-1.4687132,52.2725973],"type":"Point"},"properties":{"maxspeed":"60 mph","osmId":"node/5063852917"},"type":"Feature"},{"geometry":{"coordinates":[-2.5843593,51.4597027],"type":"Point"},"properties":{"osmId":"node/5064786732"},"type":"Feature"},{"geometry":{"coordinates":[-0.3750921,51.6464016],"type":"Point"},"properties":{"maxspeed":"30 mph","osmId":"node/5072857862"},"type":"Feature"},{"geometry":{"coordinates":[-1.7608403,53.8020936],"type":"Point"},"properties":{"maxspeed":"30 mph","osmId":"node/5079818102"},"type":"Feature"},{"geometry":{"coordinates":[-1.7597782,53.801031],"type":"Point"},"properties":{"maxspeed":"30 mph","osmId":"node/5079818103"},"type":"Feature"},{"geometry":{"coordinates":[-1.7643584,53.8058819],"type":"Point"},"properties":{"maxspeed":"30 mph","osmId":"node/5079818104"},"type":"Feature"},{"geometry":{"coordinates":[-1.7665293,53.8078101],"type":"Point"},"properties":{"maxspeed":"30 mph","osmId":"node/5079818105"},"type":"Feature"},{"geometry":{"coordinates":[-1.7681031,53.8117545],"type":"Point"},"properties":{"maxspeed":"30 mph","osmId":"node/5079818106"},"type":"Feature"},{"geometry":{"coordinates":[-1.7806169,53.8284125],"type":"Point"},"properties":{"maxspeed":"30 mph","osmId":"node/5079818107"},"type":"Feature"},{"geometry":{"coordinates":[-1.7819953,53.8298784],"type":"Point"},"properties":{"maxspeed":"30 mph","osmId":"node/5079818108"},"type":"Feature"},{"geometry":{"coordinates":[-1.7839329,53.83163],"type":"Point"},"properties":{"maxspeed":"30 mph","osmId":"node/5079818109"},"type":"Feature"},{"geometry":{"coordinates":[-1.7861524,53.8328099],"type":"Point"},"properties":{"maxspeed":"30 mph","osmId":"node/5079818110"},"type":"Feature"},{"geometry":{"coordinates":[-1.6732076,53.6344304],"type":"Point"},"properties":{"osmId":"node/5088361834"},"type":"Feature"},{"geometry":{"coordinates":[-1.7300543,53.6446172],"type":"Point"},"properties":{"osmId":"node/5088706469"},"type":"Feature"},{"geometry":{"coordinates":[-1.7286381,53.6437808],"type":"Point"},"properties":{"osmId":"node/5088706471"},"type":"Feature"},{"geometry":{"coordinates":[-1.7262241,53.6421208],"type":"Point"},"properties":{"osmId":"node/5088706495"},"type":"Feature"},{"geometry":{"coordinates":[-1.7227788,53.6410037],"type":"Point"},"properties":{"osmId":"node/5088706500"},"type":"Feature"},{"geometry":{"coordinates":[-1.7181909,53.6363643],"type":"Point"},"properties":{"osmId":"node/5088706503"},"type":"Feature"},{"geometry":{"coordinates":[-1.7142159,53.6348026],"type":"Point"},"properties":{"osmId":"node/5088706512"},"type":"Feature"},{"geometry":{"coordinates":[-1.7086718,53.6346547],"type":"Point"},"properties":{"osmId":"node/5088707444"},"type":"Feature"},{"geometry":{"coordinates":[-1.7031974,53.6338706],"type":"Point"},"properties":{"osmId":"node/5088707448"},"type":"Feature"},{"geometry":{"coordinates":[-1.696001,53.6324758],"type":"Point"},"properties":{"osmId":"node/5088707464"},"type":"Feature"},{"geometry":{"coordinates":[-1.6914098,53.6326544],"type":"Point"},"properties":{"osmId":"node/5088707471"},"type":"Feature"},{"geometry":{"coordinates":[-1.76475,53.6429055],"type":"Point"},"properties":{"osmId":"node/5088895522"},"type":"Feature"},{"geometry":{"coordinates":[-1.7509165,53.6447444],"type":"Point"},"properties":{"osmId":"node/5088895550"},"type":"Feature"},{"geometry":{"coordinates":[-1.7412552,53.644711],"type":"Point"},"properties":{"osmId":"node/5088895554"},"type":"Feature"},{"geometry":{"coordinates":[-1.7391148,53.6447682],"type":"Point"},"properties":{"osmId":"node/5088895559"},"type":"Feature"},{"geometry":{"coordinates":[-2.0805185,53.5376587],"type":"Point"},"properties":{"osmId":"node/5092387290"},"type":"Feature"},{"geometry":{"coordinates":[-2.0877035,53.5910306],"type":"Point"},"properties":{"osmId":"node/5092559638"},"type":"Feature"},{"geometry":{"coordinates":[-1.912544,53.2604528],"type":"Point"},"properties":{"osmId":"node/5112575819"},"type":"Feature"},{"geometry":{"coordinates":[-1.9117903,53.2603984],"type":"Point"},"properties":{"osmId":"node/5112575926"},"type":"Feature"},{"geometry":{"coordinates":[-0.700884,52.0596186],"type":"Point"},"properties":{"maxspeed":"70 mph","osmId":"node/5112982233"},"type":"Feature"},{"geometry":{"coordinates":[-0.7008716,52.0595757],"type":"Point"},"properties":{"maxspeed":"70 mph","osmId":"node/5112982237"},"type":"Feature"},{"geometry":{"coordinates":[-3.249743,50.9784166],"type":"Point"},"properties":{"maxspeed":"30 mph","osmId":"node/5118076804"},"type":"Feature"},{"geometry":{"coordinates":[-1.0463518,51.4523542],"type":"Point"},"properties":{"maxspeed":"30 mph","osmId":"node/5122412100"},"type":"Feature"},{"geometry":{"coordinates":[-2.0715472,53.3641775],"type":"Point"},"properties":{"osmId":"node/5122593754"},"type":"Feature"},{"geometry":{"coordinates":[-2.7960579,54.0928449],"type":"Point"},"properties":{"maxspeed":"30 mph","osmId":"node/5149391642"},"type":"Feature"},{"geometry":{"coordinates":[-2.7936719,54.1039356],"type":"Point"},"properties":{"osmId":"node/5149391665"},"type":"Feature"},{"geometry":{"coordinates":[-2.7903483,54.1066298],"type":"Point"},"properties":{"osmId":"node/5149391674"},"type":"Feature"},{"geometry":{"coordinates":[-4.185059,51.8321926],"type":"Point"},"properties":{"osmId":"node/5158946535"},"type":"Feature"},{"geometry":{"coordinates":[-2.2263926,53.392536],"type":"Point"},"properties":{"osmId":"node/5178217667"},"type":"Feature"},{"geometry":{"coordinates":[-1.9964071,52.389237],"type":"Point"},"properties":{"maxspeed":"40 mph","osmId":"node/5215038113"},"type":"Feature"},{"geometry":{"coordinates":[-2.8318724,53.6732441],"type":"Point"},"properties":{"osmId":"node/5223739449"},"type":"Feature"},{"geometry":{"coordinates":[-2.8321031,53.6733267],"type":"Point"},"properties":{"osmId":"node/5223749101"},"type":"Feature"},{"geometry":{"coordinates":[0.7460236,52.4082421],"type":"Point"},"properties":{"maxspeed":"30 mph","operator":"Norfolk Camera Safety Parnership","osmId":"node/5232790765"},"type":"Feature"},{"geometry":{"coordinates":[-2.4037086,53.5591422],"type":"Point"},"properties":{"osmId":"node/5243424701"},"type":"Feature"},{"geometry":{"coordinates":[-2.4051329,53.5601459],"type":"Point"},"properties":{"osmId":"node/5243424702"},"type":"Feature"},{"geometry":{"coordinates":[-2.3947715,53.555057],"type":"Point"},"properties":{"osmId":"node/5243424703"},"type":"Feature"},{"geometry":{"coordinates":[-2.4204919,53.5980635],"type":"Point"},"properties":{"maxspeed":"40 mph","osmId":"node/5244901125"},"type":"Feature"},{"geometry":{"coordinates":[-2.35645,53.508912],"type":"Point"},"properties":{"maxspeed":"40 mph","osmId":"node/5255631960"},"type":"Feature"},{"geometry":{"coordinates":[0.2059977,51.1310041],"type":"Point"},"properties":{"maxspeed":"30 mph","osmId":"node/5261941840"},"type":"Feature"},{"geometry":{"coordinates":[-1.4927807,53.4255468],"type":"Point"},"properties":{"maxspeed":"40 mph","osmId":"node/5277403461"},"type":"Feature"},{"geometry":{"coordinates":[-1.4927526,53.4254102],"type":"Point"},"properties":{"maxspeed":"40 mph","osmId":"node/5277403462"},"type":"Feature"},{"geometry":{"coordinates":[-1.4925586,53.4238266],"type":"Point"},"properties":{"maxspeed":"40 mph","osmId":"node/5277403463"},"type":"Feature"},{"geometry":{"coordinates":[-0.6995525,50.8043462],"type":"Point"},"properties":{"maxspeed":"30 mph","osmId":"node/5286275761"},"type":"Feature"},{"geometry":{"coordinates":[-0.3936206,51.5983668],"type":"Point"},"properties":{"osmId":"node/5291648479"},"type":"Feature"},{"geometry":{"coordinates":[-0.8228881,51.41183],"type":"Point"},"properties":{"osmId":"node/5312509159"},"type":"Feature"},{"geometry":{"coordinates":[-2.4244391,53.5061206],"type":"Point"},"properties":{"maxspeed":"40 mph","osmId":"node/5323343489"},"type":"Feature"},{"geometry":{"coordinates":[-2.4674607,53.5661825],"type":"Point"},"properties":{"maxspeed":"30 mph","osmId":"node/5382860695"},"type":"Feature"},{"geometry":{"coordinates":[-2.4141222,53.568922],"type":"Point"},"properties":{"osmId":"node/5387138042"},"type":"Feature"},{"geometry":{"coordinates":[-2.5842306,51.4570504],"type":"Point"},"properties":{"osmId":"node/5435157719"},"type":"Feature"},{"geometry":{"coordinates":[-2.3885646,53.8702352],"type":"Point"},"properties":{"osmId":"node/5443280819"},"type":"Feature"},{"geometry":{"coordinates":[-2.647402,51.505381],"type":"Point"},"properties":{"osmId":"node/5468355118"},"type":"Feature"},{"geometry":{"coordinates":[-2.5891951,54.1972196],"type":"Point"},"properties":{"osmId":"node/5513748351"},"type":"Feature"},{"geometry":{"coordinates":[-1.317615,52.9860533],"type":"Point"},"properties":{"osmId":"node/5563087778"},"type":"Feature"},{"geometry":{"coordinates":[-2.1198611,52.6914664],"type":"Point"},"properties":{"osmId":"node/5573726550"},"type":"Feature"},{"geometry":{"coordinates":[-1.320887,52.991972],"type":"Point"},"properties":{"osmId":"node/5579396637"},"type":"Feature"},{"geometry":{"coordinates":[-1.3192016,52.98877],"type":"Point"},"properties":{"osmId":"node/5579398716"},"type":"Feature"},{"geometry":{"coordinates":[-1.3292408,52.9977723],"type":"Point"},"properties":{"osmId":"node/5581493659"},"type":"Feature"},{"geometry":{"coordinates":[-1.8002139,52.3660109],"type":"Point"},"properties":{"osmId":"node/5615879482"},"type":"Feature"},{"geometry":{"coordinates":[-1.7254944,52.5114916],"type":"Point"},"properties":{"osmId":"node/5615879483"},"type":"Feature"},{"geometry":{"coordinates":[-1.7304299,52.5321539],"type":"Point"},"properties":{"osmId":"node/5615879484"},"type":"Feature"},{"geometry":{"coordinates":[-1.7095885,52.4536036],"type":"Point"},"properties":{"osmId":"node/5615879485"},"type":"Feature"},{"geometry":{"coordinates":[-1.7092553,52.4536149],"type":"Point"},"properties":{"osmId":"node/5615879486"},"type":"Feature"},{"geometry":{"coordinates":[-1.7680402,52.3942361],"type":"Point"},"properties":{"osmId":"node/5615879487"},"type":"Feature"},{"geometry":{"coordinates":[-1.7678986,52.3940554],"type":"Point"},"properties":{"osmId":"node/5615879488"},"type":"Feature"},{"geometry":{"coordinates":[-0.4193875,51.8782114],"type":"Point"},"properties":{"maxspeed":"30 mph","osmId":"node/5632912883"},"type":"Feature"},{"geometry":{"coordinates":[-0.9969119,51.4464397],"type":"Point"},"properties":{"maxspeed":"20 mph","osmId":"node/5635682445"},"type":"Feature"},{"geometry":{"coordinates":[-1.0110226,51.4414047],"type":"Point"},"properties":{"maxspeed":"20 mph","osmId":"node/5659358066"},"type":"Feature"},{"geometry":{"coordinates":[-1.565866,52.7365718],"type":"Point"},"properties":{"osmId":"node/5667768553"},"type":"Feature"},{"geometry":{"coordinates":[-2.9272478,51.3573422],"type":"Point"},"properties":{"osmId":"node/5679784798"},"type":"Feature"},{"geometry":{"coordinates":[-0.0660824,51.7986988],"type":"Point"},"properties":{"osmId":"node/5690944337"},"type":"Feature"},{"geometry":{"coordinates":[-2.794792,54.0121633],"type":"Point"},"properties":{"maxspeed":"40 mph","osmId":"node/5692965176"},"type":"Feature"},{"geometry":{"coordinates":[-2.7946165,54.0121926],"type":"Point"},"properties":{"maxspeed":"40 mph","osmId":"node/5692965186"},"type":"Feature"},{"geometry":{"coordinates":[-2.1514455,52.2197714],"type":"Point"},"properties":{"osmId":"node/5696871522"},"type":"Feature"},{"geometry":{"coordinates":[-2.133712,52.2496852],"type":"Point"},"properties":{"osmId":"node/5696871523"},"type":"Feature"},{"geometry":{"coordinates":[-2.1332687,52.249702],"type":"Point"},"properties":{"osmId":"node/5696871524"},"type":"Feature"},{"geometry":{"coordinates":[-2.1198999,52.2799467],"type":"Point"},"properties":{"osmId":"node/5696871525"},"type":"Feature"},{"geometry":{"coordinates":[-2.1202571,52.2942297],"type":"Point"},"properties":{"osmId":"node/5696871526"},"type":"Feature"},{"geometry":{"coordinates":[-2.0985897,52.3162687],"type":"Point"},"properties":{"osmId":"node/5696871527"},"type":"Feature"},{"geometry":{"coordinates":[-2.0981971,52.3161629],"type":"Point"},"properties":{"osmId":"node/5696871528"},"type":"Feature"},{"geometry":{"coordinates":[-2.0847001,52.3299188],"type":"Point"},"properties":{"osmId":"node/5696871529"},"type":"Feature"},{"geometry":{"coordinates":[-1.5557215,51.9411291],"type":"Point"},"properties":{"maxspeed":"30 mph","osmId":"node/5703259275"},"type":"Feature"},{"geometry":{"coordinates":[0.9885094,51.9763093],"type":"Point"},"properties":{"maxspeed":"70 mph","osmId":"node/5730293313"},"type":"Feature"},{"geometry":{"coordinates":[-0.1540091,51.3676894],"type":"Point"},"properties":{"maxspeed":"30 mph","osmId":"node/5744082347"},"type":"Feature"},{"geometry":{"coordinates":[-0.1537852,51.3671945],"type":"Point"},"properties":{"maxspeed":"30 mph","osmId":"node/5744082348"},"type":"Feature"},{"geometry":{"coordinates":[-0.1141582,50.8473697],"type":"Point"},"properties":{"maxspeed":"30 mph","osmId":"node/5764969983"},"type":"Feature"},{"geometry":{"coordinates":[-0.1096332,50.8634662],"type":"Point"},"properties":{"maxspeed":"30 mph","osmId":"node/5766262842"},"type":"Feature"},{"geometry":{"coordinates":[-2.0183537,52.6681388],"type":"Point"},"properties":{"osmId":"node/5766620342"},"type":"Feature"},{"geometry":{"coordinates":[-1.7613849,52.5144921],"type":"Point"},"properties":{"osmId":"node/5773971865"},"type":"Feature"},{"geometry":{"coordinates":[-3.1624444,55.9566462],"type":"Point"},"properties":{"osmId":"node/5781400915"},"type":"Feature"},{"geometry":{"coordinates":[-2.1082941,52.5924399],"type":"Point"},"properties":{"osmId":"node/5800511457"},"type":"Feature"},{"geometry":{"coordinates":[-3.2843839,55.9428508],"type":"Point"},"properties":{"osmId":"node/5800540101"},"type":"Feature"},{"geometry":{"coordinates":[-3.2568894,55.9441267],"type":"Point"},"properties":{"osmId":"node/5800540102"},"type":"Feature"},{"geometry":{"coordinates":[-2.111561,52.5912732],"type":"Point"},"properties":{"osmId":"node/5800714466"},"type":"Feature"},{"geometry":{"coordinates":[-2.7951614,54.0260997],"type":"Point"},"properties":{"osmId":"node/5810060350"},"type":"Feature"},{"geometry":{"coordinates":[-3.0123798,51.5978077],"type":"Point"},"properties":{"maxspeed":"50 mph","osmId":"node/5828103609"},"type":"Feature"},{"geometry":{"coordinates":[-0.0270796,51.5266762],"type":"Point"},"properties":{"osmId":"node/5837244143"},"type":"Feature"},{"geometry":{"coordinates":[-4.0815851,55.7758109],"type":"Point"},"properties":{"osmId":"node/5862291345"},"type":"Feature"},{"geometry":{"coordinates":[-1.6520815,52.8291199],"type":"Point"},"properties":{"osmId":"node/5900569114"},"type":"Feature"},{"geometry":{"coordinates":[-0.9853256,52.9831572],"type":"Point"},"properties":{"maxspeed":"40 mph","osmId":"node/5924629465","role":"average"},"type":"Feature"},{"geometry":{"coordinates":[-0.9930611,52.9945241],"type":"Point"},"properties":{"osmId":"node/5924629467","role":"average"},"type":"Feature"},{"geometry":{"coordinates":[-0.9965909,53.0016634],"type":"Point"},"properties":{"osmId":"node/5924629469","role":"average"},"type":"Feature"},{"geometry":{"coordinates":[-1.0014659,53.0071406],"type":"Point"},"properties":{"maxspeed":"40 mph","osmId":"node/5924629471","role":"average"},"type":"Feature"},{"geometry":{"coordinates":[-2.0465094,52.5755007],"type":"Point"},"properties":{"maxspeed":"50 mph","osmId":"node/5924656596"},"type":"Feature"},{"geometry":{"coordinates":[-2.0824081,52.5245297],"type":"Point"},"properties":{"maxspeed":"40 mph","osmId":"node/5924656597"},"type":"Feature"},{"geometry":{"coordinates":[-2.0953712,52.54976],"type":"Point"},"properties":{"osmId":"node/5924656598"},"type":"Feature"},{"geometry":{"coordinates":[-2.0744902,52.5645472],"type":"Point"},"properties":{"maxspeed":"40 mph","osmId":"node/5924656599"},"type":"Feature"},{"geometry":{"coordinates":[-1.9975242,52.5863716],"type":"Point"},"properties":{"osmId":"node/5924656600"},"type":"Feature"},{"geometry":{"coordinates":[-1.8971935,52.5825777],"type":"Point"},"properties":{"maxspeed":"30 mph","osmId":"node/5924656601"},"type":"Feature"},{"geometry":{"coordinates":[-1.7776957,52.3538437],"type":"Point"},"properties":{"maxspeed":"30 mph","osmId":"node/5924667933"},"type":"Feature"},{"geometry":{"coordinates":[-0.3160079,51.0732499],"type":"Point"},"properties":{"osmId":"node/5942514552"},"type":"Feature"},{"geometry":{"coordinates":[-0.3155513,51.0731743],"type":"Point"},"properties":{"osmId":"node/5942514553"},"type":"Feature"},{"geometry":{"coordinates":[1.372912,52.6832684],"type":"Point"},"properties":{"maxspeed":"50 mph","osmId":"node/5973311556"},"type":"Feature"},{"geometry":{"coordinates":[-4.1288826,50.4117975],"type":"Point"},"properties":{"osmId":"node/5993016921"},"type":"Feature"},{"geometry":{"coordinates":[-3.2350194,55.9249311],"type":"Point"},"properties":{"maxspeed":"30 mph","osmId":"node/5996056717"},"type":"Feature"},{"geometry":{"coordinates":[-2.0713037,52.6837663],"type":"Point"},"properties":{"osmId":"node/6000120328"},"type":"Feature"},{"geometry":{"coordinates":[-4.1216192,50.4057212],"type":"Point"},"properties":{"osmId":"node/6015193887"},"type":"Feature"},{"geometry":{"coordinates":[-4.1733066,50.3918386],"type":"Point"},"properties":{"osmId":"node/6016216669"},"type":"Feature"},{"geometry":{"coordinates":[-2.0528201,53.5374982],"type":"Point"},"properties":{"maxspeed":"30 mph","osmId":"node/6034341651"},"type":"Feature"},{"geometry":{"coordinates":[-2.2388947,53.2753472],"type":"Point"},"properties":{"osmId":"node/6036291897"},"type":"Feature"},{"geometry":{"coordinates":[-0.5048434,50.9575241],"type":"Point"},"properties":{"osmId":"node/6061444014"},"type":"Feature"},{"geometry":{"coordinates":[-0.2025411,51.2487864],"type":"Point"},"properties":{"osmId":"node/6066810853"},"type":"Feature"},{"geometry":{"coordinates":[-1.9156511,55.6712494],"type":"Point"},"properties":{"maxspeed":"60 mph","osmId":"node/6128143994"},"type":"Feature"},{"geometry":{"coordinates":[-1.7128761,55.2009968],"type":"Point"},"properties":{"maxspeed":"60 mph","osmId":"node/6128211644"},"type":"Feature"},{"geometry":{"coordinates":[-2.7950571,51.4429532],"type":"Point"},"properties":{"maxspeed":"30 mph","osmId":"node/6173372782"},"type":"Feature"},{"geometry":{"coordinates":[-2.5326212,51.5308563],"type":"Point"},"properties":{"osmId":"node/6173372783"},"type":"Feature"},{"geometry":{"coordinates":[-2.5780813,51.5437924],"type":"Point"},"properties":{"osmId":"node/6173372784"},"type":"Feature"},{"geometry":{"coordinates":[-2.6808327,53.7543542],"type":"Point"},"properties":{"maxspeed":"30 mph","osmId":"node/6176821123"},"type":"Feature"},{"geometry":{"coordinates":[-2.6846633,53.7582898],"type":"Point"},"properties":{"maxspeed":"30 mph","osmId":"node/6176821124"},"type":"Feature"},{"geometry":{"coordinates":[-2.6394849,53.7642935],"type":"Point"},"properties":{"maxspeed":"40 mph","osmId":"node/6176821125"},"type":"Feature"},{"geometry":{"coordinates":[-2.6459632,53.7650573],"type":"Point"},"properties":{"maxspeed":"40 mph","osmId":"node/6176821126"},"type":"Feature"},{"geometry":{"coordinates":[-2.6520236,53.7657194],"type":"Point"},"properties":{"maxspeed":"40 mph","osmId":"node/6176821127"},"type":"Feature"},{"geometry":{"coordinates":[-1.6215709,55.0154181],"type":"Point"},"properties":{"maxspeed":"30 mph","osmId":"node/6201092608"},"type":"Feature"},{"geometry":{"coordinates":[-1.2793198,52.9012121],"type":"Point"},"properties":{"osmId":"node/6204560440"},"type":"Feature"},{"geometry":{"coordinates":[-1.3111291,50.8963907],"type":"Point"},"properties":{"osmId":"node/6206890141"},"type":"Feature"},{"geometry":{"coordinates":[-1.3082686,50.8932127],"type":"Point"},"properties":{"osmId":"node/6206890142"},"type":"Feature"},{"geometry":{"coordinates":[-1.2835188,50.8818522],"type":"Point"},"properties":{"osmId":"node/6206890143"},"type":"Feature"},{"geometry":{"coordinates":[-1.2837803,50.8815577],"type":"Point"},"properties":{"osmId":"node/6206890144"},"type":"Feature"},{"geometry":{"coordinates":[-1.2535331,50.8749574],"type":"Point"},"properties":{"osmId":"node/6206890145"},"type":"Feature"},{"geometry":{"coordinates":[-1.4004993,50.9530201],"type":"Point"},"properties":{"osmId":"node/6206891935"},"type":"Feature"},{"geometry":{"coordinates":[-1.3387029,50.935568],"type":"Point"},"properties":{"osmId":"node/6206904479"},"type":"Feature"},{"geometry":{"coordinates":[-1.9155961,52.472284],"type":"Point"},"properties":{"osmId":"node/6207109662","role":"average"},"type":"Feature"},{"geometry":{"coordinates":[-1.915116,52.4719654],"type":"Point"},"properties":{"osmId":"node/6207109663","role":"average"},"type":"Feature"},{"geometry":{"coordinates":[-1.9103336,52.470338],"type":"Point"},"properties":{"osmId":"node/6207109664","role":"average"},"type":"Feature"},{"geometry":{"coordinates":[-1.9099957,52.4705635],"type":"Point"},"properties":{"osmId":"node/6207109665","role":"average"},"type":"Feature"},{"geometry":{"coordinates":[-1.9059885,52.4686289],"type":"Point"},"properties":{"osmId":"node/6207109666","role":"average"},"type":"Feature"},{"geometry":{"coordinates":[-1.9063023,52.4684067],"type":"Point"},"properties":{"osmId":"node/6207109667","role":"average"},"type":"Feature"},{"geometry":{"coordinates":[-1.8884361,52.4639391],"type":"Point"},"properties":{"osmId":"node/6207109669","role":"average"},"type":"Feature"},{"geometry":{"coordinates":[-1.7924908,52.3824464],"type":"Point"},"properties":{"maxspeed":"40 mph","osmId":"node/6209900390"},"type":"Feature"},{"geometry":{"coordinates":[-2.582117,51.4604844],"type":"Point"},"properties":{"osmId":"node/6211451034"},"type":"Feature"},{"geometry":{"coordinates":[-2.4425991,53.6316288],"type":"Point"},"properties":{"maxspeed":"30 mph","osmId":"node/6218223152"},"type":"Feature"},{"geometry":{"coordinates":[-1.5190478,53.797923],"type":"Point"},"properties":{"maxspeed":"40 mph","osmId":"node/6221475539"},"type":"Feature"},{"geometry":{"coordinates":[0.0170973,50.7880555],"type":"Point"},"properties":{"maxspeed":"30 mph","osmId":"node/6240250332"},"type":"Feature"},{"geometry":{"coordinates":[-3.4614558,50.7473504],"type":"Point"},"properties":{"maxspeed":"30 mph","osmId":"node/6240884651"},"type":"Feature"},{"geometry":{"coordinates":[-2.019164,53.2585466],"type":"Point"},"properties":{"osmId":"node/6245562947","role":"average"},"type":"Feature"},{"geometry":{"coordinates":[-0.446374,51.7212746],"type":"Point"},"properties":{"maxspeed":"30 mph","osmId":"node/6250756053"},"type":"Feature"},{"geometry":{"coordinates":[-1.7273507,52.4541853],"type":"Point"},"properties":{"osmId":"node/6262452585"},"type":"Feature"},{"geometry":{"coordinates":[-1.8458869,52.4964469],"type":"Point"},"properties":{"osmId":"node/6271299671"},"type":"Feature"},{"geometry":{"coordinates":[-2.7950589,54.0346921],"type":"Point"},"properties":{"osmId":"node/6272074068"},"type":"Feature"},{"geometry":{"coordinates":[-1.7742113,52.5020195],"type":"Point"},"properties":{"osmId":"node/6272128860","role":"average"},"type":"Feature"},{"geometry":{"coordinates":[-1.7793999,52.5018307],"type":"Point"},"properties":{"osmId":"node/6272128873","role":"average"},"type":"Feature"},{"geometry":{"coordinates":[-0.3177302,51.372445],"type":"Point"},"properties":{"maxspeed":"50 mph","osmId":"node/6281239485"},"type":"Feature"},{"geometry":{"coordinates":[-2.0276466,52.530708],"type":"Point"},"properties":{"osmId":"node/6281344607"},"type":"Feature"},{"geometry":{"coordinates":[-2.0445305,52.5268385],"type":"Point"},"properties":{"osmId":"node/6281683114"},"type":"Feature"},{"geometry":{"coordinates":[-0.4492418,51.683507],"type":"Point"},"properties":{"osmId":"node/6295120055"},"type":"Feature"},{"geometry":{"coordinates":[-0.3915713,51.7316411],"type":"Point"},"properties":{"maxspeed":"70 mph","osmId":"node/6295975623"},"type":"Feature"},{"geometry":{"coordinates":[-2.6163661,51.4866063],"type":"Point"},"properties":{"osmId":"node/6300200693"},"type":"Feature"},{"geometry":{"coordinates":[1.307416,52.6254242],"type":"Point"},"properties":{"maxspeed":"30 mph","operator":"Norfolk Police","osmId":"node/6314184127"},"type":"Feature"},{"geometry":{"coordinates":[-0.4251699,51.4934491],"type":"Point"},"properties":{"maxspeed":"60 mph","osmId":"node/6314667393"},"type":"Feature"},{"geometry":{"coordinates":[-1.9752337,52.4087997],"type":"Point"},"properties":{"maxspeed":"30 mph","osmId":"node/6315855126"},"type":"Feature"},{"geometry":{"coordinates":[-1.9759083,52.4075505],"type":"Point"},"properties":{"osmId":"node/6315855127"},"type":"Feature"},{"geometry":{"coordinates":[-2.164342,53.0468279],"type":"Point"},"properties":{"maxspeed":"30 mph","osmId":"node/6329231699"},"type":"Feature"},{"geometry":{"coordinates":[-1.9986167,52.3960665],"type":"Point"},"properties":{"osmId":"node/6331495131"},"type":"Feature"},{"geometry":{"coordinates":[-1.9303966,52.524085],"type":"Point"},"properties":{"osmId":"node/6376748243"},"type":"Feature"},{"geometry":{"coordinates":[-1.9302222,52.5338225],"type":"Point"},"properties":{"maxspeed":"30 mph","osmId":"node/6376748968"},"type":"Feature"},{"geometry":{"coordinates":[0.0750606,51.5750559],"type":"Point"},"properties":{"maxspeed":"40 mph","osmId":"node/6383174224"},"type":"Feature"},{"geometry":{"coordinates":[0.0748734,51.5749739],"type":"Point"},"properties":{"maxspeed":"40 mph","osmId":"node/6383174225"},"type":"Feature"},{"geometry":{"coordinates":[-2.0091945,52.5587768],"type":"Point"},"properties":{"osmId":"node/6383510570"},"type":"Feature"},{"geometry":{"coordinates":[-2.0102459,52.5575994],"type":"Point"},"properties":{"osmId":"node/6383510571"},"type":"Feature"},{"geometry":{"coordinates":[-1.7947083,52.3837533],"type":"Point"},"properties":{"maxspeed":"40 mph","osmId":"node/6383679979"},"type":"Feature"},{"geometry":{"coordinates":[0.2685982,51.5975441],"type":"Point"},"properties":{"maxspeed":"70 mph","osmId":"node/6390466948"},"type":"Feature"},{"geometry":{"coordinates":[0.2683034,51.6009447],"type":"Point"},"properties":{"maxspeed":"70 mph","osmId":"node/6390466967"},"type":"Feature"},{"geometry":{"coordinates":[0.1597262,51.666786],"type":"Point"},"properties":{"maxspeed":"70 mph","osmId":"node/6390949962"},"type":"Feature"},{"geometry":{"coordinates":[0.1494723,51.6701542],"type":"Point"},"properties":{"maxspeed":"70 mph","osmId":"node/6390949964"},"type":"Feature"},{"geometry":{"coordinates":[0.1898926,51.6535185],"type":"Point"},"properties":{"maxspeed":"70 mph","osmId":"node/6390949966"},"type":"Feature"},{"geometry":{"coordinates":[0.1900664,51.6536433],"type":"Point"},"properties":{"maxspeed":"70 mph","osmId":"node/6390949967"},"type":"Feature"},{"geometry":{"coordinates":[0.2204386,51.6340473],"type":"Point"},"properties":{"maxspeed":"70 mph","osmId":"node/6390949970"},"type":"Feature"},{"geometry":{"coordinates":[0.2271279,51.6293278],"type":"Point"},"properties":{"maxspeed":"70 mph","osmId":"node/6390949971"},"type":"Feature"},{"geometry":{"coordinates":[0.227368,51.6294167],"type":"Point"},"properties":{"maxspeed":"70 mph","osmId":"node/6390949972"},"type":"Feature"},{"geometry":{"coordinates":[0.2347558,51.6251091],"type":"Point"},"properties":{"maxspeed":"70 mph","osmId":"node/6390949973"},"type":"Feature"},{"geometry":{"coordinates":[0.2349716,51.6252169],"type":"Point"},"properties":{"maxspeed":"70 mph","osmId":"node/6390949974"},"type":"Feature"},{"geometry":{"coordinates":[0.244261,51.6208689],"type":"Point"},"properties":{"maxspeed":"70 mph","osmId":"node/6390950488"},"type":"Feature"},{"geometry":{"coordinates":[0.2440615,51.6207564],"type":"Point"},"properties":{"maxspeed":"70 mph","osmId":"node/6390950489"},"type":"Feature"},{"geometry":{"coordinates":[-0.2907113,51.5334369],"type":"Point"},"properties":{"maxspeed":"50 mph","osmId":"node/6391211441"},"type":"Feature"},{"geometry":{"coordinates":[-0.2906065,51.533699],"type":"Point"},"properties":{"maxspeed":"50 mph","osmId":"node/6391211442"},"type":"Feature"},{"geometry":{"coordinates":[-2.4562811,53.5801777],"type":"Point"},"properties":{"maxspeed":"30 mph","osmId":"node/6404671199"},"type":"Feature"},{"geometry":{"coordinates":[-2.5330495,53.5889495],"type":"Point"},"properties":{"maxspeed":"30 mph","osmId":"node/6404671808"},"type":"Feature"},{"geometry":{"coordinates":[-2.5621436,53.5770197],"type":"Point"},"properties":{"maxspeed":"40 mph","osmId":"node/6404695236"},"type":"Feature"},{"geometry":{"coordinates":[-2.561225,53.5766033],"type":"Point"},"properties":{"maxspeed":"40 mph","osmId":"node/6404695237"},"type":"Feature"},{"geometry":{"coordinates":[-2.4717095,53.538207],"type":"Point"},"properties":{"maxspeed":"40 mph","osmId":"node/6404719247"},"type":"Feature"},{"geometry":{"coordinates":[-2.4718749,53.5402701],"type":"Point"},"properties":{"maxspeed":"40 mph","osmId":"node/6404719248"},"type":"Feature"},{"geometry":{"coordinates":[-2.5332728,53.5629827],"type":"Point"},"properties":{"maxspeed":"30 mph","osmId":"node/6406067158"},"type":"Feature"},{"geometry":{"coordinates":[-2.3543282,53.5310674],"type":"Point"},"properties":{"maxspeed":"30 mph","osmId":"node/6406076644"},"type":"Feature"},{"geometry":{"coordinates":[-3.2223378,51.529776],"type":"Point"},"properties":{"osmId":"node/6409412603"},"type":"Feature"},{"geometry":{"coordinates":[-2.1315488,52.6120892],"type":"Point"},"properties":{"osmId":"node/6416111586"},"type":"Feature"},{"geometry":{"coordinates":[-2.1316507,52.6152959],"type":"Point"},"properties":{"osmId":"node/6416111591"},"type":"Feature"},{"geometry":{"coordinates":[-2.1297283,52.6201116],"type":"Point"},"properties":{"osmId":"node/6416111651","role":"average"},"type":"Feature"},{"geometry":{"coordinates":[-2.1280727,52.6240126],"type":"Point"},"properties":{"osmId":"node/6416111707"},"type":"Feature"},{"geometry":{"coordinates":[-2.127948,52.6251197],"type":"Point"},"properties":{"osmId":"node/6416111709"},"type":"Feature"},{"geometry":{"coordinates":[-3.1765878,55.9361999],"type":"Point"},"properties":{"osmId":"node/6419387968"},"type":"Feature"},{"geometry":{"coordinates":[-2.0955536,52.5495447],"type":"Point"},"properties":{"osmId":"node/6428466394"},"type":"Feature"},{"geometry":{"coordinates":[-2.1113357,52.5607156],"type":"Point"},"properties":{"osmId":"node/6428466421"},"type":"Feature"},{"geometry":{"coordinates":[-2.1146055,52.5635083],"type":"Point"},"properties":{"osmId":"node/6428466422"},"type":"Feature"},{"geometry":{"coordinates":[-0.2720666,51.5446349],"type":"Point"},"properties":{"maxspeed":"50 mph","osmId":"node/6429367969"},"type":"Feature"},{"geometry":{"coordinates":[-0.0188251,51.5724881],"type":"Point"},"properties":{"osmId":"node/6430461230"},"type":"Feature"},{"geometry":{"coordinates":[-0.2724231,51.5448636],"type":"Point"},"properties":{"maxspeed":"50 mph","osmId":"node/6431162952"},"type":"Feature"},{"geometry":{"coordinates":[0.0561376,51.57656],"type":"Point"},"properties":{"maxspeed":"40 mph","osmId":"node/6431188690"},"type":"Feature"},{"geometry":{"coordinates":[-1.3482582,53.4321288],"type":"Point"},"properties":{"maxspeed":"30 mph","osmId":"node/6437206002"},"type":"Feature"},{"geometry":{"coordinates":[0.3715661,52.0943442],"type":"Point"},"properties":{"maxspeed":"60 mph","osmId":"node/6442314924"},"type":"Feature"},{"geometry":{"coordinates":[-1.3051822,52.8663712],"type":"Point"},"properties":{"maxspeed":"Variable","osmId":"node/6453088815"},"type":"Feature"},{"geometry":{"coordinates":[-1.309099,52.8833843],"type":"Point"},"properties":{"osmId":"node/6453088816"},"type":"Feature"},{"geometry":{"coordinates":[-1.3095067,52.8835053],"type":"Point"},"properties":{"osmId":"node/6453088817"},"type":"Feature"},{"geometry":{"coordinates":[-1.2987303,52.9000413],"type":"Point"},"properties":{"maxspeed":"Variable","osmId":"node/6453088818"},"type":"Feature"},{"geometry":{"coordinates":[-1.2533159,52.9734448],"type":"Point"},"properties":{"osmId":"node/6453088820"},"type":"Feature"},{"geometry":{"coordinates":[-1.2448169,53.0205673],"type":"Point"},"properties":{"osmId":"node/6453088821"},"type":"Feature"},{"geometry":{"coordinates":[-1.2451081,53.0205954],"type":"Point"},"properties":{"osmId":"node/6453088822"},"type":"Feature"},{"geometry":{"coordinates":[-1.3324022,53.1118719],"type":"Point"},"properties":{"maxspeed":"Variable","osmId":"node/6453088823"},"type":"Feature"},{"geometry":{"coordinates":[-1.3277151,53.1537973],"type":"Point"},"properties":{"maxspeed":"Variable","osmId":"node/6453088824"},"type":"Feature"},{"geometry":{"coordinates":[-1.32742,53.1537606],"type":"Point"},"properties":{"maxspeed":"Variable","osmId":"node/6453088825"},"type":"Feature"},{"geometry":{"coordinates":[-1.3231504,53.1877331],"type":"Point"},"properties":{"maxspeed":"Variable","osmId":"node/6453088826"},"type":"Feature"},{"geometry":{"coordinates":[-1.5341382,54.9910724],"type":"Point"},"properties":{"osmId":"node/6458005457"},"type":"Feature"},{"geometry":{"coordinates":[0.2776252,51.582316],"type":"Point"},"properties":{"maxspeed":"70 mph","osmId":"node/6480707629"},"type":"Feature"},{"geometry":{"coordinates":[0.2698303,51.5920128],"type":"Point"},"properties":{"maxspeed":"70 mph","osmId":"node/6480707639"},"type":"Feature"},{"geometry":{"coordinates":[-2.787201,54.0471941],"type":"Point"},"properties":{"maxspeed":"20 mph","osmId":"node/6481681108"},"type":"Feature"},{"geometry":{"coordinates":[-1.3344508,53.1006597],"type":"Point"},"properties":{"maxspeed":"30 mph","osmId":"node/6495247108"},"type":"Feature"},{"geometry":{"coordinates":[0.2438896,51.4538042],"type":"Point"},"properties":{"osmId":"node/6505010905"},"type":"Feature"},{"geometry":{"coordinates":[-1.3379983,53.1006645],"type":"Point"},"properties":{"maxspeed":"30 mph","osmId":"node/6507203956"},"type":"Feature"},{"geometry":{"coordinates":[0.1002539,51.5762717],"type":"Point"},"properties":{"maxspeed":"30 mph","osmId":"node/6510353613"},"type":"Feature"},{"geometry":{"coordinates":[-0.5346125,51.4004895],"type":"Point"},"properties":{"osmId":"node/6521684689"},"type":"Feature"},{"geometry":{"coordinates":[-1.9189118,52.4501336],"type":"Point"},"properties":{"osmId":"node/6531551570"},"type":"Feature"},{"geometry":{"coordinates":[-1.9041914,52.4624103],"type":"Point"},"properties":{"osmId":"node/6531581777","role":"average"},"type":"Feature"},{"geometry":{"coordinates":[-2.8014687,54.0678139],"type":"Point"},"properties":{"osmId":"node/6547947611"},"type":"Feature"},{"geometry":{"coordinates":[-2.7351673,52.0426125],"type":"Point"},"properties":{"maxspeed":"30 mph","osmId":"node/6574446512"},"type":"Feature"},{"geometry":{"coordinates":[-0.0925871,50.9387012],"type":"Point"},"properties":{"osmId":"node/6575502994","role":"traffic_signals"},"type":"Feature"},{"geometry":{"coordinates":[-0.0928103,50.9382482],"type":"Point"},"properties":{"osmId":"node/6575502995","role":"traffic_signals"},"type":"Feature"},{"geometry":{"coordinates":[-0.2291459,51.4069942],"type":"Point"},"properties":{"osmId":"node/6603808909"},"type":"Feature"},{"geometry":{"coordinates":[-1.5906568,54.9886066],"type":"Point"},"properties":{"osmId":"node/6656728680"},"type":"Feature"},{"geometry":{"coordinates":[-2.0912902,52.6249244],"type":"Point"},"properties":{"maxspeed":"40 mph","osmId":"node/6738101101"},"type":"Feature"},{"geometry":{"coordinates":[-0.5792294,53.859037],"type":"Point"},"properties":{"maxspeed":"60 mph","osmId":"node/6742941737"},"type":"Feature"},{"geometry":{"coordinates":[-0.2619378,50.83276],"type":"Point"},"properties":{"osmId":"node/6751299779"},"type":"Feature"},{"geometry":{"coordinates":[-0.6819362,53.8616452],"type":"Point"},"properties":{"osmId":"node/6757713171"},"type":"Feature"},{"geometry":{"coordinates":[-4.3409139,55.8767435],"type":"Point"},"properties":{"maxspeed":"30 mph","osmId":"node/6761287135"},"type":"Feature"},{"geometry":{"coordinates":[-2.6824103,55.6319692],"type":"Point"},"properties":{"osmId":"node/6779919462"},"type":"Feature"},{"geometry":{"coordinates":[-2.6953859,55.6686894],"type":"Point"},"properties":{"osmId":"node/6779941578"},"type":"Feature"},{"geometry":{"coordinates":[-2.6661318,55.5776591],"type":"Point"},"properties":{"osmId":"node/6779943554"},"type":"Feature"},{"geometry":{"coordinates":[-2.6708007,55.5963941],"type":"Point"},"properties":{"osmId":"node/6779951404"},"type":"Feature"},{"geometry":{"coordinates":[-2.8181244,55.7846833],"type":"Point"},"properties":{"osmId":"node/6780297333"},"type":"Feature"},{"geometry":{"coordinates":[-2.7718215,55.7483275],"type":"Point"},"properties":{"osmId":"node/6780314550"},"type":"Feature"},{"geometry":{"coordinates":[-2.9365798,55.8491432],"type":"Point"},"properties":{"osmId":"node/6780317422"},"type":"Feature"},{"geometry":{"coordinates":[-2.9280815,55.8454213],"type":"Point"},"properties":{"osmId":"node/6780327004"},"type":"Feature"},{"geometry":{"coordinates":[-2.8765225,55.8255912],"type":"Point"},"properties":{"maxspeed":"60 mph","osmId":"node/6780332101"},"type":"Feature"},{"geometry":{"coordinates":[-2.9873376,55.8795501],"type":"Point"},"properties":{"maxspeed":"60 mph","osmId":"node/6780332121"},"type":"Feature"},{"geometry":{"coordinates":[-3.5736878,51.4993624],"type":"Point"},"properties":{"osmId":"node/6790786796"},"type":"Feature"},{"geometry":{"coordinates":[-3.5729063,51.5008973],"type":"Point"},"properties":{"osmId":"node/6790786798"},"type":"Feature"},{"geometry":{"coordinates":[-0.5061667,51.4716338],"type":"Point"},"properties":{"osmId":"node/6796013801"},"type":"Feature"},{"geometry":{"coordinates":[-0.3893254,51.3074817],"type":"Point"},"properties":{"maxspeed":"70 mph","osmId":"node/6796013802"},"type":"Feature"},{"geometry":{"coordinates":[-0.4988339,51.5275451],"type":"Point"},"properties":{"osmId":"node/6796013803"},"type":"Feature"},{"geometry":{"coordinates":[-0.4738431,51.3265991],"type":"Point"},"properties":{"maxspeed":"70 mph","osmId":"node/6796013804"},"type":"Feature"},{"geometry":{"coordinates":[-0.0184588,51.268131],"type":"Point"},"properties":{"osmId":"node/6796013805"},"type":"Feature"},{"geometry":{"coordinates":[0.0804259,51.2767946],"type":"Point"},"properties":{"osmId":"node/6796013806"},"type":"Feature"},{"geometry":{"coordinates":[0.5285472,51.2952394],"type":"Point"},"properties":{"maxspeed":"70 mph","osmId":"node/6796013807"},"type":"Feature"},{"geometry":{"coordinates":[0.0801853,51.276943],"type":"Point"},"properties":{"osmId":"node/6796013808"},"type":"Feature"},{"geometry":{"coordinates":[-0.0186104,51.2683056],"type":"Point"},"properties":{"osmId":"node/6796013809"},"type":"Feature"},{"geometry":{"coordinates":[-0.2596866,51.276041],"type":"Point"},"properties":{"maxspeed":"70 mph","osmId":"node/6796013810"},"type":"Feature"},{"geometry":{"coordinates":[-0.4734736,51.3269849],"type":"Point"},"properties":{"maxspeed":"70 mph","osmId":"node/6796013812"},"type":"Feature"},{"geometry":{"coordinates":[-0.4944498,51.4916645],"type":"Point"},"properties":{"osmId":"node/6796013813"},"type":"Feature"},{"geometry":{"coordinates":[-0.5023386,51.5409197],"type":"Point"},"properties":{"osmId":"node/6796013814"},"type":"Feature"},{"geometry":{"coordinates":[-0.8191375,51.3670345],"type":"Point"},"properties":{"maxspeed":"30 mph","osmId":"node/6832379700"},"type":"Feature"},{"geometry":{"coordinates":[-0.8173587,51.3673388],"type":"Point"},"properties":{"maxspeed":"30 mph","osmId":"node/6832379701"},"type":"Feature"},{"geometry":{"coordinates":[-1.6065322,52.7793062],"type":"Point"},"properties":{"maxspeed":"30 mph","osmId":"node/6856209589"},"type":"Feature"},{"geometry":{"coordinates":[-1.7982709,52.3855995],"type":"Point"},"properties":{"maxspeed":"40 mph","osmId":"node/6871663391"},"type":"Feature"},{"geometry":{"coordinates":[-1.8000895,52.3869747],"type":"Point"},"properties":{"maxspeed":"40 mph","osmId":"node/6871663392"},"type":"Feature"},{"geometry":{"coordinates":[-3.152262,51.0390432],"type":"Point"},"properties":{"maxspeed":"40 mph","osmId":"node/6873596823"},"type":"Feature"},{"geometry":{"coordinates":[0.9297883,51.8955926],"type":"Point"},"properties":{"maxspeed":"30 mph","osmId":"node/6875006326"},"type":"Feature"},{"geometry":{"coordinates":[0.7411547,52.3673077],"type":"Point"},"properties":{"osmId":"node/6881492667","role":"average"},"type":"Feature"},{"geometry":{"coordinates":[0.7385243,52.3497978],"type":"Point"},"properties":{"osmId":"node/6881492668","role":"average"},"type":"Feature"},{"geometry":{"coordinates":[0.7319084,52.3282742],"type":"Point"},"properties":{"osmId":"node/6881492675","role":"average"},"type":"Feature"},{"geometry":{"coordinates":[1.4918514,52.7743822],"type":"Point"},"properties":{"osmId":"node/6943126494","role":"average"},"type":"Feature"},{"geometry":{"coordinates":[-1.9470536,52.77252],"type":"Point"},"properties":{"maxspeed":"40 mph","osmId":"node/6943539393"},"type":"Feature"},{"geometry":{"coordinates":[1.4611481,52.7560801],"type":"Point"},"properties":{"osmId":"node/6945793559"},"type":"Feature"},{"geometry":{"coordinates":[0.489656,52.8674782],"type":"Point"},"properties":{"osmId":"node/6951844705","role":"average"},"type":"Feature"},{"geometry":{"coordinates":[0.4929002,52.8585534],"type":"Point"},"properties":{"osmId":"node/6951844706","role":"average"},"type":"Feature"},{"geometry":{"coordinates":[0.49218,52.8430968],"type":"Point"},"properties":{"osmId":"node/6951844708","role":"average"},"type":"Feature"},{"geometry":{"coordinates":[0.4838705,52.8008398],"type":"Point"},"properties":{"osmId":"node/6951844748","role":"average"},"type":"Feature"},{"geometry":{"coordinates":[0.4798257,52.7938046],"type":"Point"},"properties":{"osmId":"node/6951844750","role":"average"},"type":"Feature"},{"geometry":{"coordinates":[0.4724818,52.7807253],"type":"Point"},"properties":{"osmId":"node/6951844756","role":"average"},"type":"Feature"},{"geometry":{"coordinates":[-0.1407977,51.5244228],"type":"Point"},"properties":{"maxspeed":"20 mph","osmId":"node/6985192479"},"type":"Feature"},{"geometry":{"coordinates":[-1.3430737,53.7203626],"type":"Point"},"properties":{"maxspeed":"30 mph","osmId":"node/7011266282"},"type":"Feature"},{"geometry":{"coordinates":[-1.3451587,53.7229757],"type":"Point"},"properties":{"maxspeed":"30 mph","osmId":"node/7011269657"},"type":"Feature"},{"geometry":{"coordinates":[-1.3450329,53.7230198],"type":"Point"},"properties":{"maxspeed":"30 mph","osmId":"node/7011269658"},"type":"Feature"},{"geometry":{"coordinates":[-0.5023166,53.2454432],"type":"Point"},"properties":{"maxspeed":"30 mph","osmId":"node/7012721092"},"type":"Feature"},{"geometry":{"coordinates":[-3.1165767,51.028521],"type":"Point"},"properties":{"maxspeed":"30 mph","osmId":"node/7034429837"},"type":"Feature"},{"geometry":{"coordinates":[-3.1168462,51.0286619],"type":"Point"},"properties":{"maxspeed":"30 mph","osmId":"node/7034429838"},"type":"Feature"},{"geometry":{"coordinates":[-3.3869495,51.6858861],"type":"Point"},"properties":{"osmId":"node/7095742278"},"type":"Feature"},{"geometry":{"coordinates":[-2.6080996,51.5272961],"type":"Point"},"properties":{"osmId":"node/7096676462"},"type":"Feature"},{"geometry":{"coordinates":[-0.3187835,51.4161012],"type":"Point"},"properties":{"maxspeed":"20 mph","osmId":"node/7131038359"},"type":"Feature"},{"geometry":{"coordinates":[-0.2664757,51.4155166],"type":"Point"},"properties":{"maxspeed":"30 mph","osmId":"node/7131145050"},"type":"Feature"},{"geometry":{"coordinates":[-0.2296354,51.4633463],"type":"Point"},"properties":{"maxspeed":"30 mph","osmId":"node/7133311250"},"type":"Feature"},{"geometry":{"coordinates":[-1.9002755,50.7521883],"type":"Point"},"properties":{"osmId":"node/7139587145"},"type":"Feature"},{"geometry":{"coordinates":[-1.8554986,52.4942408],"type":"Point"},"properties":{"osmId":"node/7146784641"},"type":"Feature"},{"geometry":{"coordinates":[-0.4040941,51.6584601],"type":"Point"},"properties":{"osmId":"node/7147398328"},"type":"Feature"},{"geometry":{"coordinates":[-2.1323428,52.4347694],"type":"Point"},"properties":{"osmId":"node/7164822305"},"type":"Feature"},{"geometry":{"coordinates":[-2.1321872,52.435484],"type":"Point"},"properties":{"osmId":"node/7164822306"},"type":"Feature"},{"geometry":{"coordinates":[-0.4435506,51.7504516],"type":"Point"},"properties":{"osmId":"node/7184673680"},"type":"Feature"},{"geometry":{"coordinates":[-1.9243374,52.4812019],"type":"Point"},"properties":{"osmId":"node/7192686157"},"type":"Feature"},{"geometry":{"coordinates":[1.7113017,50.6988916],"type":"Point"},"properties":{"osmId":"node/7193695893"},"type":"Feature"},{"geometry":{"coordinates":[1.7549854,50.6824406],"type":"Point"},"properties":{"osmId":"node/7193695895"},"type":"Feature"},{"geometry":{"coordinates":[0.4688169,50.8455382],"type":"Point"},"properties":{"maxspeed":"30 mph","osmId":"node/7195688186"},"type":"Feature"},{"geometry":{"coordinates":[-2.6131003,53.5555602],"type":"Point"},"properties":{"maxspeed":"30 mph","osmId":"node/7201846399"},"type":"Feature"},{"geometry":{"coordinates":[-0.3615858,51.4127705],"type":"Point"},"properties":{"maxspeed":"20 mph","osmId":"node/7245176362"},"type":"Feature"},{"geometry":{"coordinates":[-1.3001807,52.9637184],"type":"Point"},"properties":{"osmId":"node/7259630822"},"type":"Feature"},{"geometry":{"coordinates":[-1.3014923,52.9647088],"type":"Point"},"properties":{"osmId":"node/7262069083"},"type":"Feature"},{"geometry":{"coordinates":[-3.4906161,53.3196557],"type":"Point"},"properties":{"osmId":"node/7319634296"},"type":"Feature"},{"geometry":{"coordinates":[-3.4911968,53.3196581],"type":"Point"},"properties":{"osmId":"node/7320511958"},"type":"Feature"},{"geometry":{"coordinates":[-0.4115784,51.6553438],"type":"Point"},"properties":{"osmId":"node/7366660989"},"type":"Feature"},{"geometry":{"coordinates":[-3.1522722,55.9169907],"type":"Point"},"properties":{"osmId":"node/7391813663"},"type":"Feature"},{"geometry":{"coordinates":[-0.1351253,50.849815],"type":"Point"},"properties":{"osmId":"node/7404927781"},"type":"Feature"},{"geometry":{"coordinates":[-0.1513344,51.2662416],"type":"Point"},"properties":{"maxspeed":"30 mph","osmId":"node/7417775170"},"type":"Feature"},{"geometry":{"coordinates":[-0.3061362,51.3693552],"type":"Point"},"properties":{"maxspeed":"30 mph","osmId":"node/7446889566"},"type":"Feature"},{"geometry":{"coordinates":[-0.2520284,51.4377031],"type":"Point"},"properties":{"osmId":"node/7446915448"},"type":"Feature"},{"geometry":{"coordinates":[-0.2393826,51.4429064],"type":"Point"},"properties":{"osmId":"node/7446920455"},"type":"Feature"},{"geometry":{"coordinates":[-0.2331904,51.5244834],"type":"Point"},"properties":{"maxspeed":"20 mph","osmId":"node/7449712419"},"type":"Feature"},{"geometry":{"coordinates":[-0.2296921,51.5213288],"type":"Point"},"properties":{"maxspeed":"20 mph","osmId":"node/7449712420"},"type":"Feature"},{"geometry":{"coordinates":[-0.4335145,54.2272527],"type":"Point"},"properties":{"osmId":"node/7457232251"},"type":"Feature"},{"geometry":{"coordinates":[-0.3845689,54.2520231],"type":"Point"},"properties":{"osmId":"node/7457232252"},"type":"Feature"},{"geometry":{"coordinates":[-0.406262,54.238795],"type":"Point"},"properties":{"osmId":"node/7457232253"},"type":"Feature"},{"geometry":{"coordinates":[-0.4119033,54.2632208],"type":"Point"},"properties":{"osmId":"node/7457232254"},"type":"Feature"},{"geometry":{"coordinates":[-0.4019848,54.2014305],"type":"Point"},"properties":{"osmId":"node/7457232255"},"type":"Feature"},{"geometry":{"coordinates":[-3.0883163,51.0168948],"type":"Point"},"properties":{"maxspeed":"30 mph","osmId":"node/7482782521"},"type":"Feature"},{"geometry":{"coordinates":[-1.5655558,53.5059238],"type":"Point"},"properties":{"maxspeed":"30 mph","osmId":"node/7490514948"},"type":"Feature"},{"geometry":{"coordinates":[-1.7616666,53.6461534],"type":"Point"},"properties":{"maxspeed":"30 mph","osmId":"node/7494691567"},"type":"Feature"},{"geometry":{"coordinates":[-0.4140162,51.6700537],"type":"Point"},"properties":{"maxspeed":"30 mph","osmId":"node/7495602708"},"type":"Feature"},{"geometry":{"coordinates":[-0.4103295,51.6657556],"type":"Point"},"properties":{"maxspeed":"30 mph","osmId":"node/7495602709"},"type":"Feature"},{"geometry":{"coordinates":[-0.4098581,51.6648791],"type":"Point"},"properties":{"maxspeed":"30 mph","osmId":"node/7495602710"},"type":"Feature"},{"geometry":{"coordinates":[-0.4182489,51.673615],"type":"Point"},"properties":{"maxspeed":"30 mph","osmId":"node/7495602711"},"type":"Feature"},{"geometry":{"coordinates":[-0.4229548,51.6766609],"type":"Point"},"properties":{"maxspeed":"30 mph","osmId":"node/7495602712"},"type":"Feature"},{"geometry":{"coordinates":[-0.3944755,51.6442801],"type":"Point"},"properties":{"osmId":"node/7548432747"},"type":"Feature"},{"geometry":{"coordinates":[-0.4343145,51.6501991],"type":"Point"},"properties":{"maxspeed":"30 mph","osmId":"node/7548432748"},"type":"Feature"},{"geometry":{"coordinates":[-1.7943901,50.740628],"type":"Point"},"properties":{"maxspeed":"30 mph","osmId":"node/7591752750"},"type":"Feature"},{"geometry":{"coordinates":[-1.8001917,50.753952],"type":"Point"},"properties":{"maxspeed":"30 mph","osmId":"node/7591752751"},"type":"Feature"},{"geometry":{"coordinates":[-2.1985779,53.1602579],"type":"Point"},"properties":{"maxspeed":"30 mph","osmId":"node/7597483012"},"type":"Feature"},{"geometry":{"coordinates":[-2.4712732,53.698881],"type":"Point"},"properties":{"osmId":"node/7603879754"},"type":"Feature"},{"geometry":{"coordinates":[-0.60275,51.695922],"type":"Point"},"properties":{"maxspeed":"30 mph","osmId":"node/7609235457"},"type":"Feature"},{"geometry":{"coordinates":[-0.9354614,51.4469033],"type":"Point"},"properties":{"osmId":"node/7640524404"},"type":"Feature"},{"geometry":{"coordinates":[-0.0562795,51.514411],"type":"Point"},"properties":{"osmId":"node/7660749383"},"type":"Feature"},{"geometry":{"coordinates":[-1.7884011,53.6119988],"type":"Point"},"properties":{"maxspeed":"30 mph","osmId":"node/7676340468"},"type":"Feature"},{"geometry":{"coordinates":[-1.793489,53.6151342],"type":"Point"},"properties":{"maxspeed":"40 mph","osmId":"node/7676340469"},"type":"Feature"},{"geometry":{"coordinates":[-4.3277244,55.8226292],"type":"Point"},"properties":{"maxspeed":"40 mph","osmId":"node/7680782403"},"type":"Feature"},{"geometry":{"coordinates":[-2.6778616,53.7677141],"type":"Point"},"properties":{"maxspeed":"30 mph","osmId":"node/7695841571"},"type":"Feature"},{"geometry":{"coordinates":[0.2381647,51.4028786],"type":"Point"},"properties":{"osmId":"node/7718819676"},"type":"Feature"},{"geometry":{"coordinates":[-0.5365679,53.2290906],"type":"Point"},"properties":{"maxspeed":"30 mph","osmId":"node/7726678514"},"type":"Feature"},{"geometry":{"coordinates":[-1.519693,53.6785579],"type":"Point"},"properties":{"maxspeed":"30 mph","osmId":"node/7727839461"},"type":"Feature"},{"geometry":{"coordinates":[-1.5213785,53.6783483],"type":"Point"},"properties":{"maxspeed":"30 mph","osmId":"node/7727839462"},"type":"Feature"},{"geometry":{"coordinates":[-1.5022151,53.6738645],"type":"Point"},"properties":{"osmId":"node/7727875173"},"type":"Feature"},{"geometry":{"coordinates":[-1.5027708,53.6730437],"type":"Point"},"properties":{"maxspeed":"30 mph","osmId":"node/7727875174"},"type":"Feature"},{"geometry":{"coordinates":[-1.2258425,53.422475],"type":"Point"},"properties":{"maxspeed":"30 mph","osmId":"node/7738018426"},"type":"Feature"},{"geometry":{"coordinates":[-0.8351707,53.4026935],"type":"Point"},"properties":{"maxspeed":"50 mph","osmId":"node/7738074787"},"type":"Feature"},{"geometry":{"coordinates":[-0.8354663,53.4026566],"type":"Point"},"properties":{"maxspeed":"50 mph","osmId":"node/7738074788"},"type":"Feature"},{"geometry":{"coordinates":[-0.8252693,53.3972108],"type":"Point"},"properties":{"maxspeed":"50 mph","osmId":"node/7738074789"},"type":"Feature"},{"geometry":{"coordinates":[-0.8249783,53.3973368],"type":"Point"},"properties":{"maxspeed":"50 mph","osmId":"node/7738074790"},"type":"Feature"},{"geometry":{"coordinates":[-1.1953333,52.9823415],"type":"Point"},"properties":{"maxspeed":"30 mph","osmId":"node/7738080949"},"type":"Feature"},{"geometry":{"coordinates":[-1.6180461,54.9992858],"type":"Point"},"properties":{"maxspeed":"30 mph","osmId":"node/7806370088"},"type":"Feature"},{"geometry":{"coordinates":[-0.7979149,53.0689384],"type":"Point"},"properties":{"maxspeed":"30 mph","osmId":"node/7830568329"},"type":"Feature"},{"geometry":{"coordinates":[-0.7887781,53.0631282],"type":"Point"},"properties":{"maxspeed":"30 mph","osmId":"node/7830568330"},"type":"Feature"},{"geometry":{"coordinates":[-0.78633,53.0594975],"type":"Point"},"properties":{"maxspeed":"30 mph","osmId":"node/7830568331"},"type":"Feature"},{"geometry":{"coordinates":[-0.6330595,51.4847356],"type":"Point"},"properties":{"osmId":"node/7844962583"},"type":"Feature"},{"geometry":{"coordinates":[-0.631176,51.4845302],"type":"Point"},"properties":{"osmId":"node/7844962584"},"type":"Feature"},{"geometry":{"coordinates":[0.9566474,50.9845489],"type":"Point"},"properties":{"maxspeed":"30 mph","osmId":"node/7851498934"},"type":"Feature"},{"geometry":{"coordinates":[-1.3446186,53.6405642],"type":"Point"},"properties":{"maxspeed":"30 mph","osmId":"node/7857536044"},"type":"Feature"},{"geometry":{"coordinates":[-1.3412042,53.6405801],"type":"Point"},"properties":{"osmId":"node/7857536045"},"type":"Feature"},{"geometry":{"coordinates":[-1.3543819,53.642059],"type":"Point"},"properties":{"osmId":"node/7857536047"},"type":"Feature"},{"geometry":{"coordinates":[-1.3555352,53.642183],"type":"Point"},"properties":{"osmId":"node/7857536048"},"type":"Feature"},{"geometry":{"coordinates":[0.7263315,52.3148034],"type":"Point"},"properties":{"osmId":"node/7862595317","role":"average"},"type":"Feature"},{"geometry":{"coordinates":[-0.4363825,52.3647482],"type":"Point"},"properties":{"osmId":"node/7873033362"},"type":"Feature"},{"geometry":{"coordinates":[-1.7814025,52.4341169],"type":"Point"},"properties":{"osmId":"node/7882879373","role":"average"},"type":"Feature"},{"geometry":{"coordinates":[-1.7836368,52.4389783],"type":"Point"},"properties":{"osmId":"node/7882879374","role":"average"},"type":"Feature"},{"geometry":{"coordinates":[-1.4853027,55.0893749],"type":"Point"},"properties":{"maxspeed":"30 mph","osmId":"node/7895222514"},"type":"Feature"},{"geometry":{"coordinates":[-1.5780683,55.0034473],"type":"Point"},"properties":{"osmId":"node/7900730012"},"type":"Feature"},{"geometry":{"coordinates":[-1.9779967,52.4669421],"type":"Point"},"properties":{"osmId":"node/7913142274"},"type":"Feature"},{"geometry":{"coordinates":[-0.2002433,51.7989871],"type":"Point"},"properties":{"maxspeed":"30 mph","osmId":"node/7925395594"},"type":"Feature"},{"geometry":{"coordinates":[-3.0124779,51.5979253],"type":"Point"},"properties":{"maxspeed":"50 mph","osmId":"node/7930680712"},"type":"Feature"},{"geometry":{"coordinates":[-1.6170918,52.7864658],"type":"Point"},"properties":{"maxspeed":"30 mph","osmId":"node/7964455439"},"type":"Feature"},{"geometry":{"coordinates":[-0.1684327,51.4277408],"type":"Point"},"properties":{"osmId":"node/7972133255"},"type":"Feature"},{"geometry":{"coordinates":[-0.3373069,50.8209576],"type":"Point"},"properties":{"maxspeed":"30 mph","osmId":"node/7975003287"},"type":"Feature"},{"geometry":{"coordinates":[-6.3324707,54.1973891],"type":"Point"},"properties":{"maxspeed":"60 mph","osmId":"node/7978473780"},"type":"Feature"},{"geometry":{"coordinates":[-2.6550876,54.9551348],"type":"Point"},"properties":{"osmId":"node/7986171382"},"type":"Feature"},{"geometry":{"coordinates":[1.5295901,52.7599805],"type":"Point"},"properties":{"osmId":"node/8026616745","role":"average"},"type":"Feature"},{"geometry":{"coordinates":[-4.1019908,50.3825817],"type":"Point"},"properties":{"maxspeed":"40 mph","osmId":"node/8026795181"},"type":"Feature"},{"geometry":{"coordinates":[-5.2612727,50.2284689],"type":"Point"},"properties":{"maxspeed":"30 mph","osmId":"node/8032984402"},"type":"Feature"},{"geometry":{"coordinates":[-3.0088774,51.6051963],"type":"Point"},"properties":{"osmId":"node/8034667937","role":"traffic_signals"},"type":"Feature"},{"geometry":{"coordinates":[-3.0086357,51.6059318],"type":"Point"},"properties":{"osmId":"node/8034667938","role":"traffic_signals"},"type":"Feature"},{"geometry":{"coordinates":[-3.0091882,51.6055975],"type":"Point"},"properties":{"osmId":"node/8034667939","role":"traffic_signals"},"type":"Feature"},{"geometry":{"coordinates":[-1.4841642,53.3800487],"type":"Point"},"properties":{"osmId":"node/8034733922","role":"traffic_signals"},"type":"Feature"},{"geometry":{"coordinates":[-1.484297,53.3800492],"type":"Point"},"properties":{"osmId":"node/8034733923","role":"traffic_signals"},"type":"Feature"},{"geometry":{"coordinates":[-1.0850708,52.601752],"type":"Point"},"properties":{"maxspeed":"40 mph","osmId":"node/8050810174"},"type":"Feature"},{"geometry":{"coordinates":[-1.6364176,53.8313852],"type":"Point"},"properties":{"osmId":"node/8051645124"},"type":"Feature"},{"geometry":{"coordinates":[-0.5912669,51.8617731],"type":"Point"},"properties":{"maxspeed":"30 mph","osmId":"node/8062537849"},"type":"Feature"},{"geometry":{"coordinates":[-1.653389,55.1811036],"type":"Point"},"properties":{"osmId":"node/8071359229"},"type":"Feature"},{"geometry":{"coordinates":[-0.5445704,50.8161071],"type":"Point"},"properties":{"osmId":"node/8078160486"},"type":"Feature"},{"geometry":{"coordinates":[-1.9276514,50.7574829],"type":"Point"},"properties":{"maxspeed":"40 mph","osmId":"node/8096159036"},"type":"Feature"},{"geometry":{"coordinates":[-1.9003719,50.7944592],"type":"Point"},"properties":{"maxspeed":"30 mph","osmId":"node/8096205189"},"type":"Feature"},{"geometry":{"coordinates":[-4.3404168,55.8285835],"type":"Point"},"properties":{"maxspeed":"30 mph","osmId":"node/8098684265"},"type":"Feature"},{"geometry":{"coordinates":[-4.3355075,55.8356382],"type":"Point"},"properties":{"maxspeed":"30 mph","osmId":"node/8098698995"},"type":"Feature"},{"geometry":{"coordinates":[-4.3495413,55.8199844],"type":"Point"},"properties":{"maxspeed":"30 mph","osmId":"node/8098724817"},"type":"Feature"},{"geometry":{"coordinates":[-1.4626666,50.9196301],"type":"Point"},"properties":{"osmId":"node/8112063471"},"type":"Feature"},{"geometry":{"coordinates":[-1.3974467,50.904455],"type":"Point"},"properties":{"maxspeed":"30 mph","osmId":"node/8112256270"},"type":"Feature"},{"geometry":{"coordinates":[-1.3976084,50.9046919],"type":"Point"},"properties":{"osmId":"node/8112256271"},"type":"Feature"},{"geometry":{"coordinates":[-0.7892655,51.8295087],"type":"Point"},"properties":{"maxspeed":"30 mph","osmId":"node/8114189480"},"type":"Feature"},{"geometry":{"coordinates":[-0.9603248,52.1672792],"type":"Point"},"properties":{"osmId":"node/8117126735"},"type":"Feature"},{"geometry":{"coordinates":[-1.3721794,51.6896795],"type":"Point"},"properties":{"maxspeed":"50 mph","osmId":"node/8118873126"},"type":"Feature"},{"geometry":{"coordinates":[-1.4838973,51.6790269],"type":"Point"},"properties":{"maxspeed":"50 mph","osmId":"node/8118929101"},"type":"Feature"},{"geometry":{"coordinates":[-1.6751839,51.5897602],"type":"Point"},"properties":{"osmId":"node/8119736500"},"type":"Feature"},{"geometry":{"coordinates":[-1.620651,51.6257968],"type":"Point"},"properties":{"maxspeed":"50 mph","osmId":"node/8119736501"},"type":"Feature"},{"geometry":{"coordinates":[-1.6138729,51.6284017],"type":"Point"},"properties":{"maxspeed":"50 mph","osmId":"node/8119736502"},"type":"Feature"},{"geometry":{"coordinates":[-1.5462909,51.6695694],"type":"Point"},"properties":{"maxspeed":"50 mph","osmId":"node/8119736510"},"type":"Feature"},{"geometry":{"coordinates":[0.9194099,51.897087],"type":"Point"},"properties":{"maxspeed":"30 mph","osmId":"node/8120000034"},"type":"Feature"},{"geometry":{"coordinates":[0.8927263,51.908346],"type":"Point"},"properties":{"maxspeed":"30 mph","osmId":"node/8121334385"},"type":"Feature"},{"geometry":{"coordinates":[-3.1345816,53.1913253],"type":"Point"},"properties":{"maxspeed":"20 mph","osmId":"node/8220919488"},"type":"Feature"},{"geometry":{"coordinates":[-2.9055848,53.2005599],"type":"Point"},"properties":{"maxspeed":"30 mph","osmId":"node/8223684777"},"type":"Feature"},{"geometry":{"coordinates":[0.9241553,51.9043641],"type":"Point"},"properties":{"maxspeed":"30 mph","osmId":"node/8227193004"},"type":"Feature"},{"geometry":{"coordinates":[0.9312446,51.9171947],"type":"Point"},"properties":{"maxspeed":"30 mph","osmId":"node/8227262260"},"type":"Feature"},{"geometry":{"coordinates":[0.2622294,50.7834139],"type":"Point"},"properties":{"maxspeed":"30 mph","osmId":"node/8227659799"},"type":"Feature"},{"geometry":{"coordinates":[0.2712788,50.7735671],"type":"Point"},"properties":{"osmId":"node/8227659800"},"type":"Feature"},{"geometry":{"coordinates":[-0.619817,51.5115796],"type":"Point"},"properties":{"osmId":"node/8238046894"},"type":"Feature"},{"geometry":{"coordinates":[-0.5674134,51.5021058],"type":"Point"},"properties":{"osmId":"node/8251808335"},"type":"Feature"},{"geometry":{"coordinates":[-0.5987142,51.5229318],"type":"Point"},"properties":{"osmId":"node/8259342948"},"type":"Feature"},{"geometry":{"coordinates":[-0.5801412,51.458965],"type":"Point"},"properties":{"osmId":"node/8283156214"},"type":"Feature"},{"geometry":{"coordinates":[-3.6434832,51.5314723],"type":"Point"},"properties":{"maxspeed":"30 mph","osmId":"node/8346296157"},"type":"Feature"},{"geometry":{"coordinates":[-3.1111646,53.1662256],"type":"Point"},"properties":{"maxspeed":"30 mph","osmId":"node/8384201347"},"type":"Feature"},{"geometry":{"coordinates":[-2.8231376,50.7327634],"type":"Point"},"properties":{"maxspeed":"30 mph","osmId":"node/8384422513"},"type":"Feature"},{"geometry":{"coordinates":[-1.2410922,53.1253211],"type":"Point"},"properties":{"maxspeed":"50 mph","osmId":"node/8393377207","role":"average"},"type":"Feature"},{"geometry":{"coordinates":[-1.2484982,53.1222607],"type":"Point"},"properties":{"maxspeed":"50 mph","osmId":"node/8393377208","role":"average"},"type":"Feature"},{"geometry":{"coordinates":[-1.2515102,53.120287],"type":"Point"},"properties":{"maxspeed":"50 mph","osmId":"node/8393377209","role":"average"},"type":"Feature"},{"geometry":{"coordinates":[-1.2560987,53.1154997],"type":"Point"},"properties":{"maxspeed":"50 mph","osmId":"node/8393377210","role":"average"},"type":"Feature"},{"geometry":{"coordinates":[-1.265172,53.1134737],"type":"Point"},"properties":{"maxspeed":"50 mph","osmId":"node/8393377211","role":"average"},"type":"Feature"},{"geometry":{"coordinates":[-1.2339989,53.130252],"type":"Point"},"properties":{"maxspeed":"50 mph","osmId":"node/8393377215","role":"average"},"type":"Feature"},{"geometry":{"coordinates":[-1.2704173,53.1136447],"type":"Point"},"properties":{"maxspeed":"50 mph","osmId":"node/8393377216","role":"average"},"type":"Feature"},{"geometry":{"coordinates":[-1.2770249,53.1138142],"type":"Point"},"properties":{"maxspeed":"50 mph","osmId":"node/8393382617","role":"average"},"type":"Feature"},{"geometry":{"coordinates":[-1.2560089,53.1154847],"type":"Point"},"properties":{"maxspeed":"50 mph","osmId":"node/8393382632","role":"average"},"type":"Feature"},{"geometry":{"coordinates":[-1.2134669,53.106146],"type":"Point"},"properties":{"maxspeed":"50 mph","osmId":"node/8410232079"},"type":"Feature"},{"geometry":{"coordinates":[-1.2404452,53.0857604],"type":"Point"},"properties":{"maxspeed":"30 mph","osmId":"node/8410255963"},"type":"Feature"},{"geometry":{"coordinates":[-1.2413926,53.0841176],"type":"Point"},"properties":{"maxspeed":"30 mph","osmId":"node/8410255964"},"type":"Feature"},{"geometry":{"coordinates":[-1.242486,53.0797467],"type":"Point"},"properties":{"maxspeed":"30 mph","osmId":"node/8410255965"},"type":"Feature"},{"geometry":{"coordinates":[-1.2428916,53.0772878],"type":"Point"},"properties":{"maxspeed":"30 mph","osmId":"node/8410255966"},"type":"Feature"},{"geometry":{"coordinates":[-1.194277,53.1508353],"type":"Point"},"properties":{"maxspeed":"30 mph","osmId":"node/8415804303"},"type":"Feature"},{"geometry":{"coordinates":[-1.2053518,53.1493976],"type":"Point"},"properties":{"maxspeed":"30 mph","osmId":"node/8416278020"},"type":"Feature"},{"geometry":{"coordinates":[-1.2038086,53.1502519],"type":"Point"},"properties":{"maxspeed":"30 mph","osmId":"node/8416278021"},"type":"Feature"},{"geometry":{"coordinates":[-1.1981634,53.146473],"type":"Point"},"properties":{"maxspeed":"30 mph","osmId":"node/8416444515"},"type":"Feature"},{"geometry":{"coordinates":[-1.2030828,53.1450009],"type":"Point"},"properties":{"maxspeed":"30 mph","osmId":"node/8416573965"},"type":"Feature"},{"geometry":{"coordinates":[-1.19962,53.1446598],"type":"Point"},"properties":{"maxspeed":"30 mph","osmId":"node/8416574744"},"type":"Feature"},{"geometry":{"coordinates":[-1.2047405,53.1463018],"type":"Point"},"properties":{"maxspeed":"30 mph","osmId":"node/8416589817"},"type":"Feature"},{"geometry":{"coordinates":[-1.6750234,52.4149392],"type":"Point"},"properties":{"maxspeed":"50 mph","osmId":"node/8418456194"},"type":"Feature"},{"geometry":{"coordinates":[-1.6649102,52.4089486],"type":"Point"},"properties":{"maxspeed":"50 mph","osmId":"node/8418479198"},"type":"Feature"},{"geometry":{"coordinates":[-1.5972368,53.8153396],"type":"Point"},"properties":{"osmId":"node/8419501631"},"type":"Feature"},{"geometry":{"coordinates":[-2.3593971,51.6871614],"type":"Point"},"properties":{"osmId":"node/8443201917"},"type":"Feature"},{"geometry":{"coordinates":[-2.1494499,52.5820839],"type":"Point"},"properties":{"maxspeed":"30 mph","osmId":"node/8445824589"},"type":"Feature"},{"geometry":{"coordinates":[-2.1509627,52.5811174],"type":"Point"},"properties":{"maxspeed":"30 mph","osmId":"node/8445824590"},"type":"Feature"},{"geometry":{"coordinates":[-2.9781128,51.5766306],"type":"Point"},"properties":{"maxspeed":"40 mph","osmId":"node/8446003571"},"type":"Feature"},{"geometry":{"coordinates":[-2.9778518,51.5763986],"type":"Point"},"properties":{"maxspeed":"40 mph","osmId":"node/8446003572"},"type":"Feature"},{"geometry":{"coordinates":[-0.1026099,50.8573177],"type":"Point"},"properties":{"maxspeed":"30 mph","osmId":"node/8467363199"},"type":"Feature"},{"geometry":{"coordinates":[-2.1389721,50.833762],"type":"Point"},"properties":{"osmId":"node/8512151217"},"type":"Feature"},{"geometry":{"coordinates":[-1.7021198,54.9659097],"type":"Point"},"properties":{"maxspeed":"50 mph","osmId":"node/8521604302"},"type":"Feature"},{"geometry":{"coordinates":[0.2576951,51.8686519],"type":"Point"},"properties":{"osmId":"node/8536905812"},"type":"Feature"},{"geometry":{"coordinates":[-1.1473212,51.9072775],"type":"Point"},"properties":{"maxspeed":"30 mph","osmId":"node/8537218312"},"type":"Feature"},{"geometry":{"coordinates":[-1.1479931,51.9101525],"type":"Point"},"properties":{"maxspeed":"30 mph","osmId":"node/8537288519"},"type":"Feature"},{"geometry":{"coordinates":[0.2352202,51.8690178],"type":"Point"},"properties":{"osmId":"node/8537342748"},"type":"Feature"},{"geometry":{"coordinates":[-0.437107,51.6493435],"type":"Point"},"properties":{"maxspeed":"30 mph","osmId":"node/8557740628"},"type":"Feature"},{"geometry":{"coordinates":[-3.1435725,51.4951413],"type":"Point"},"properties":{"maxspeed":"30 mph","osmId":"node/8561850309"},"type":"Feature"},{"geometry":{"coordinates":[-3.1451462,51.4936292],"type":"Point"},"properties":{"maxspeed":"30 mph","osmId":"node/8561850310"},"type":"Feature"},{"geometry":{"coordinates":[-3.1440365,51.4941698],"type":"Point"},"properties":{"maxspeed":"30 mph","osmId":"node/8561850311"},"type":"Feature"},{"geometry":{"coordinates":[-3.1386618,51.5027786],"type":"Point"},"properties":{"maxspeed":"30 mph","osmId":"node/8561850312"},"type":"Feature"},{"geometry":{"coordinates":[-3.1382217,51.503036],"type":"Point"},"properties":{"maxspeed":"30 mph","osmId":"node/8561850313"},"type":"Feature"},{"geometry":{"coordinates":[-1.8540914,50.7229383],"type":"Point"},"properties":{"maxspeed":"30 mph","osmId":"node/8565728898"},"type":"Feature"},{"geometry":{"coordinates":[-1.884085,50.7237988],"type":"Point"},"properties":{"osmId":"node/8565728900"},"type":"Feature"},{"geometry":{"coordinates":[-1.8558863,50.7314944],"type":"Point"},"properties":{"osmId":"node/8565739007"},"type":"Feature"},{"geometry":{"coordinates":[-1.8723706,50.7240039],"type":"Point"},"properties":{"maxspeed":"40 mph","osmId":"node/8565739008"},"type":"Feature"},{"geometry":{"coordinates":[-1.8374951,50.7420279],"type":"Point"},"properties":{"maxspeed":"50 mph","osmId":"node/8565739010"},"type":"Feature"},{"geometry":{"coordinates":[-1.837487,50.7422713],"type":"Point"},"properties":{"maxspeed":"50 mph","osmId":"node/8565739011"},"type":"Feature"},{"geometry":{"coordinates":[-0.3951234,51.6487007],"type":"Point"},"properties":{"maxspeed":"30 mph","osmId":"node/8572731045"},"type":"Feature"},{"geometry":{"coordinates":[-1.4911124,52.3771768],"type":"Point"},"properties":{"osmId":"node/8579625501"},"type":"Feature"},{"geometry":{"coordinates":[-1.331579,52.0465536],"type":"Point"},"properties":{"maxspeed":"40 mph","osmId":"node/8590489437"},"type":"Feature"},{"geometry":{"coordinates":[-1.0586036,52.5853742],"type":"Point"},"properties":{"maxspeed":"40 mph","osmId":"node/8598523633"},"type":"Feature"},{"geometry":{"coordinates":[-1.2718564,52.1364959],"type":"Point"},"properties":{"maxspeed":"30 mph","osmId":"node/8606923579"},"type":"Feature"},{"geometry":{"coordinates":[0.0652562,52.4570624],"type":"Point"},"properties":{"maxspeed":"60 mph","osmId":"node/8613577443"},"type":"Feature"},{"geometry":{"coordinates":[-0.4180648,51.6511139],"type":"Point"},"properties":{"maxspeed":"30 mph","osmId":"node/8633467155"},"type":"Feature"},{"geometry":{"coordinates":[-0.420688,51.6514967],"type":"Point"},"properties":{"maxspeed":"30 mph","osmId":"node/8633467156"},"type":"Feature"},{"geometry":{"coordinates":[-1.5267168,53.6783752],"type":"Point"},"properties":{"maxspeed":"30 mph","osmId":"node/8634066193"},"type":"Feature"},{"geometry":{"coordinates":[-1.5249341,53.6780552],"type":"Point"},"properties":{"maxspeed":"30 mph","osmId":"node/8634066194"},"type":"Feature"},{"geometry":{"coordinates":[-3.1884869,51.4918631],"type":"Point"},"properties":{"maxspeed":"30 mph","osmId":"node/8634725594"},"type":"Feature"},{"geometry":{"coordinates":[-3.1838075,51.4865026],"type":"Point"},"properties":{"maxspeed":"30 mph","osmId":"node/8634776239"},"type":"Feature"},{"geometry":{"coordinates":[-3.195093,51.5003319],"type":"Point"},"properties":{"maxspeed":"30 mph","osmId":"node/8636945865"},"type":"Feature"},{"geometry":{"coordinates":[-3.1961311,51.5015597],"type":"Point"},"properties":{"maxspeed":"30 mph","osmId":"node/8636945886"},"type":"Feature"},{"geometry":{"coordinates":[-1.0706828,50.8326678],"type":"Point"},"properties":{"maxspeed":"30 mph","osmId":"node/8660497410"},"type":"Feature"},{"geometry":{"coordinates":[-1.3231353,51.9823633],"type":"Point"},"properties":{"maxspeed":"20 mph","osmId":"node/8661940516"},"type":"Feature"},{"geometry":{"coordinates":[-0.1911586,50.8264645],"type":"Point"},"properties":{"maxspeed":"30 mph","osmId":"node/8671849272"},"type":"Feature"},{"geometry":{"coordinates":[-1.3745487,52.0196701],"type":"Point"},"properties":{"maxspeed":"30 mph","osmId":"node/8679354230"},"type":"Feature"},{"geometry":{"coordinates":[-5.1599943,50.1643244],"type":"Point"},"properties":{"maxspeed":"30 mph","osmId":"node/8680034671"},"type":"Feature"},{"geometry":{"coordinates":[-5.2545828,50.1100291],"type":"Point"},"properties":{"maxspeed":"30 mph","osmId":"node/8680093038","role":"average"},"type":"Feature"},{"geometry":{"coordinates":[-5.2460534,50.1134216],"type":"Point"},"properties":{"maxspeed":"30 mph","osmId":"node/8680093039","role":"average"},"type":"Feature"},{"geometry":{"coordinates":[-5.2272315,50.1303867],"type":"Point"},"properties":{"maxspeed":"60 mph","osmId":"node/8680140993"},"type":"Feature"},{"geometry":{"coordinates":[-0.3759539,51.602799],"type":"Point"},"properties":{"osmId":"node/8699238770"},"type":"Feature"},{"geometry":{"coordinates":[-0.3759299,51.6027846],"type":"Point"},"properties":{"osmId":"node/8699238771"},"type":"Feature"},{"geometry":{"coordinates":[-2.3253894,55.667862],"type":"Point"},"properties":{"osmId":"node/8700554249"},"type":"Feature"},{"geometry":{"coordinates":[-0.136619,51.145291],"type":"Point"},"properties":{"maxspeed":"70 mph","osmId":"node/8701354107"},"type":"Feature"},{"geometry":{"coordinates":[-0.1241675,51.212389],"type":"Point"},"properties":{"maxspeed":"70 mph","osmId":"node/8702102374"},"type":"Feature"},{"geometry":{"coordinates":[-0.1247616,51.2124697],"type":"Point"},"properties":{"maxspeed":"70 mph","osmId":"node/8702102375"},"type":"Feature"},{"geometry":{"coordinates":[-0.1265386,51.1858009],"type":"Point"},"properties":{"maxspeed":"70 mph","osmId":"node/8702102524"},"type":"Feature"},{"geometry":{"coordinates":[-0.1267143,51.1914057],"type":"Point"},"properties":{"maxspeed":"70 mph","osmId":"node/8702102529"},"type":"Feature"},{"geometry":{"coordinates":[-0.1170429,51.2431047],"type":"Point"},"properties":{"maxspeed":"70 mph","osmId":"node/8702288227"},"type":"Feature"},{"geometry":{"coordinates":[-0.1181332,51.2361367],"type":"Point"},"properties":{"maxspeed":"70 mph","osmId":"node/8702288271"},"type":"Feature"},{"geometry":{"coordinates":[-1.9606328,53.4436136],"type":"Point"},"properties":{"maxspeed":"30 mph","osmId":"node/8713068692"},"type":"Feature"},{"geometry":{"coordinates":[-3.5938282,50.3512926],"type":"Point"},"properties":{"osmId":"node/8715456090"},"type":"Feature"},{"geometry":{"coordinates":[-2.6416831,51.023328],"type":"Point"},"properties":{"osmId":"node/8715743186"},"type":"Feature"},{"geometry":{"coordinates":[-0.3660072,51.5937985],"type":"Point"},"properties":{"osmId":"node/8719396261"},"type":"Feature"},{"geometry":{"coordinates":[-0.3660144,51.5938107],"type":"Point"},"properties":{"osmId":"node/8719396262"},"type":"Feature"},{"geometry":{"coordinates":[-3.0513073,51.6971426],"type":"Point"},"properties":{"maxspeed":"40 mph","osmId":"node/8739936839"},"type":"Feature"},{"geometry":{"coordinates":[-0.1815064,51.8534815],"type":"Point"},"properties":{"maxspeed":"40 mph","osmId":"node/8740232017"},"type":"Feature"},{"geometry":{"coordinates":[-4.2194221,55.8441924],"type":"Point"},"properties":{"osmId":"node/8754631824"},"type":"Feature"},{"geometry":{"coordinates":[-0.1569065,50.83477],"type":"Point"},"properties":{"osmId":"node/8769511403"},"type":"Feature"},{"geometry":{"coordinates":[-0.1665182,50.8376149],"type":"Point"},"properties":{"osmId":"node/8769519548"},"type":"Feature"},{"geometry":{"coordinates":[-0.1718981,50.8390153],"type":"Point"},"properties":{"osmId":"node/8769519564"},"type":"Feature"},{"geometry":{"coordinates":[-0.177011,50.838829],"type":"Point"},"properties":{"osmId":"node/8769519565"},"type":"Feature"},{"geometry":{"coordinates":[-0.3691581,51.5684787],"type":"Point"},"properties":{"osmId":"node/8807214663"},"type":"Feature"},{"geometry":{"coordinates":[-0.369154,51.5684743],"type":"Point"},"properties":{"osmId":"node/8807214664"},"type":"Feature"},{"geometry":{"coordinates":[-1.6460998,53.4946368],"type":"Point"},"properties":{"maxspeed":"40","osmId":"node/8820566340"},"type":"Feature"},{"geometry":{"coordinates":[-1.6442907,53.4943442],"type":"Point"},"properties":{"maxspeed":"40","osmId":"node/8820566341"},"type":"Feature"},{"geometry":{"coordinates":[-4.0888822,50.3883324],"type":"Point"},"properties":{"maxspeed":"40 mph","osmId":"node/8838318376"},"type":"Feature"},{"geometry":{"coordinates":[-4.0890775,50.3884706],"type":"Point"},"properties":{"osmId":"node/8838318377"},"type":"Feature"},{"geometry":{"coordinates":[-0.2904953,51.5860405],"type":"Point"},"properties":{"osmId":"node/8842328036"},"type":"Feature"},{"geometry":{"coordinates":[-0.2974976,51.6028968],"type":"Point"},"properties":{"osmId":"node/8843345619"},"type":"Feature"},{"geometry":{"coordinates":[-0.8431775,51.4206741],"type":"Point"},"properties":{"osmId":"node/8849228528"},"type":"Feature"},{"geometry":{"coordinates":[0.1181093,51.7768627],"type":"Point"},"properties":{"maxspeed":"40 mph","osmId":"node/8849396323"},"type":"Feature"},{"geometry":{"coordinates":[-0.8355728,50.7908128],"type":"Point"},"properties":{"maxspeed":"40 mph","osmId":"node/8855203495"},"type":"Feature"},{"geometry":{"coordinates":[1.5995289,49.9817886],"type":"Point"},"properties":{"maxspeed":"80","osmId":"node/8858920461"},"type":"Feature"},{"geometry":{"coordinates":[-0.3898863,51.0578847],"type":"Point"},"properties":{"maxspeed":"40 mph","osmId":"node/8868818242"},"type":"Feature"},{"geometry":{"coordinates":[0.1282659,51.7219873],"type":"Point"},"properties":{"osmId":"node/8873662439"},"type":"Feature"},{"geometry":{"coordinates":[0.1715048,51.7183027],"type":"Point"},"properties":{"osmId":"node/8878429937"},"type":"Feature"},{"geometry":{"coordinates":[-0.5285226,51.6053179],"type":"Point"},"properties":{"osmId":"node/8880169686"},"type":"Feature"},{"geometry":{"coordinates":[-2.0433303,52.1250707],"type":"Point"},"properties":{"osmId":"node/8884037255"},"type":"Feature"},{"geometry":{"coordinates":[-2.047184,52.1252018],"type":"Point"},"properties":{"osmId":"node/8884037256"},"type":"Feature"},{"geometry":{"coordinates":[-0.4912318,51.6677635],"type":"Point"},"properties":{"osmId":"node/8889620253"},"type":"Feature"},{"geometry":{"coordinates":[-0.4918125,51.6680106],"type":"Point"},"properties":{"osmId":"node/8889620254"},"type":"Feature"},{"geometry":{"coordinates":[-1.2227836,52.9908302],"type":"Point"},"properties":{"osmId":"node/8890591993"},"type":"Feature"},{"geometry":{"coordinates":[-0.2668979,50.8395298],"type":"Point"},"properties":{"maxspeed":"30 mph","osmId":"node/8897583003"},"type":"Feature"},{"geometry":{"coordinates":[-0.8280777,51.4096316],"type":"Point"},"properties":{"osmId":"node/8900859662"},"type":"Feature"},{"geometry":{"coordinates":[-0.8253019,51.4076901],"type":"Point"},"properties":{"osmId":"node/8901155597"},"type":"Feature"},{"geometry":{"coordinates":[-2.6285137,53.5434611],"type":"Point"},"properties":{"osmId":"node/8901490802","role":"traffic_signals"},"type":"Feature"},{"geometry":{"coordinates":[-2.628529,53.5440336],"type":"Point"},"properties":{"osmId":"node/8901547117","role":"traffic_signals"},"type":"Feature"},{"geometry":{"coordinates":[-1.4344885,52.9182367],"type":"Point"},"properties":{"maxspeed":"50 mph","osmId":"node/8908319357"},"type":"Feature"},{"geometry":{"coordinates":[-1.4365297,52.9187183],"type":"Point"},"properties":{"maxspeed":"50 mph","osmId":"node/8908319358"},"type":"Feature"},{"geometry":{"coordinates":[-0.3165409,51.7120267],"type":"Point"},"properties":{"osmId":"node/8908473882"},"type":"Feature"},{"geometry":{"coordinates":[1.092855,49.9046471],"type":"Point"},"properties":{"maxspeed":"30","osmId":"node/8935462616"},"type":"Feature"},{"geometry":{"coordinates":[-1.4827292,53.3928135],"type":"Point"},"properties":{"maxspeed":"30 mph","osmId":"node/8936027739"},"type":"Feature"},{"geometry":{"coordinates":[-4.5954885,55.454287],"type":"Point"},"properties":{"maxspeed":"60 mph","osmId":"node/8936420265","role":"average"},"type":"Feature"},{"geometry":{"coordinates":[-0.1752028,51.3631588],"type":"Point"},"properties":{"maxspeed":"30 mph","osmId":"node/8943929958"},"type":"Feature"},{"geometry":{"coordinates":[-0.1420245,51.369897],"type":"Point"},"properties":{"maxspeed":"30 mph","osmId":"node/8943947533"},"type":"Feature"},{"geometry":{"coordinates":[-0.2386388,51.6931698],"type":"Point"},"properties":{"osmId":"node/8948670769"},"type":"Feature"},{"geometry":{"coordinates":[1.622785,50.7025903],"type":"Point"},"properties":{"osmId":"node/8967635932"},"type":"Feature"},{"geometry":{"coordinates":[-0.5332795,50.8241586],"type":"Point"},"properties":{"osmId":"node/8991381242"},"type":"Feature"},{"geometry":{"coordinates":[-0.3366441,50.8376772],"type":"Point"},"properties":{"osmId":"node/8996327952"},"type":"Feature"},{"geometry":{"coordinates":[-1.5100642,53.3577387],"type":"Point"},"properties":{"osmId":"node/9005098662"},"type":"Feature"},{"geometry":{"coordinates":[0.7420942,51.5301302],"type":"Point"},"properties":{"maxspeed":"30 mph","osmId":"node/9010172212"},"type":"Feature"},{"geometry":{"coordinates":[0.7148554,51.5332817],"type":"Point"},"properties":{"maxspeed":"20 mph","osmId":"node/9010172300"},"type":"Feature"},{"geometry":{"coordinates":[0.7081935,51.5332162],"type":"Point"},"properties":{"maxspeed":"30 mph","osmId":"node/9010172303"},"type":"Feature"},{"geometry":{"coordinates":[0.7236685,51.5326603],"type":"Point"},"properties":{"maxspeed":"20 mph","osmId":"node/9010187860"},"type":"Feature"},{"geometry":{"coordinates":[-4.1547161,50.3840135],"type":"Point"},"properties":{"maxspeed":"30 mph","osmId":"node/9014456880"},"type":"Feature"},{"geometry":{"coordinates":[-4.149957,50.3919404],"type":"Point"},"properties":{"maxspeed":"30 mph","osmId":"node/9014456881"},"type":"Feature"},{"geometry":{"coordinates":[-4.1473542,50.3938435],"type":"Point"},"properties":{"maxspeed":"30 mph","osmId":"node/9014456882"},"type":"Feature"},{"geometry":{"coordinates":[-4.1415804,50.3972159],"type":"Point"},"properties":{"maxspeed":"30 mph","osmId":"node/9014456883"},"type":"Feature"},{"geometry":{"coordinates":[-4.1512634,50.379976],"type":"Point"},"properties":{"maxspeed":"30 mph","osmId":"node/9014456884"},"type":"Feature"},{"geometry":{"coordinates":[-4.1501725,50.3794068],"type":"Point"},"properties":{"maxspeed":"30 mph","osmId":"node/9014456885"},"type":"Feature"},{"geometry":{"coordinates":[-4.1444889,50.3740897],"type":"Point"},"properties":{"maxspeed":"30 mph","osmId":"node/9014456886"},"type":"Feature"},{"geometry":{"coordinates":[-4.144944,50.3738745],"type":"Point"},"properties":{"maxspeed":"30 mph","osmId":"node/9014456887"},"type":"Feature"},{"geometry":{"coordinates":[-4.1279664,50.3705123],"type":"Point"},"properties":{"osmId":"node/9014456888"},"type":"Feature"},{"geometry":{"coordinates":[-1.4281181,53.2176017],"type":"Point"},"properties":{"osmId":"node/9014759842"},"type":"Feature"},{"geometry":{"coordinates":[-4.1411941,50.3703646],"type":"Point"},"properties":{"maxspeed":"30 mph","osmId":"node/9016689714"},"type":"Feature"},{"geometry":{"coordinates":[-0.1787095,51.6897436],"type":"Point"},"properties":{"maxspeed":"30 mph","osmId":"node/9025175960"},"type":"Feature"},{"geometry":{"coordinates":[1.0598303,51.8874441],"type":"Point"},"properties":{"osmId":"node/9026487111"},"type":"Feature"},{"geometry":{"coordinates":[-0.579473,53.2146666],"type":"Point"},"properties":{"osmId":"node/9026541357"},"type":"Feature"},{"geometry":{"coordinates":[-2.537084,53.4717286],"type":"Point"},"properties":{"osmId":"node/9026790707"},"type":"Feature"},{"geometry":{"coordinates":[-2.6409573,53.4997995],"type":"Point"},"properties":{"maxspeed":"30 mph","osmId":"node/9032216151"},"type":"Feature"},{"geometry":{"coordinates":[-2.5118753,55.7097686],"type":"Point"},"properties":{"maxspeed":"60 mph","osmId":"node/9032489239"},"type":"Feature"},{"geometry":{"coordinates":[-2.4835297,55.707226],"type":"Point"},"properties":{"osmId":"node/9032499636"},"type":"Feature"},{"geometry":{"coordinates":[-2.7196902,55.7190782],"type":"Point"},"properties":{"osmId":"node/9032545868"},"type":"Feature"},{"geometry":{"coordinates":[-2.6212739,55.7195469],"type":"Point"},"properties":{"maxspeed":"60 mph","osmId":"node/9032549452"},"type":"Feature"},{"geometry":{"coordinates":[-2.7644067,55.7618787],"type":"Point"},"properties":{"maxspeed":"60 mph","osmId":"node/9032556255"},"type":"Feature"},{"geometry":{"coordinates":[-2.4588204,53.6799288],"type":"Point"},"properties":{"osmId":"node/9033018864"},"type":"Feature"},{"geometry":{"coordinates":[-2.4588309,53.6799586],"type":"Point"},"properties":{"osmId":"node/9033060046"},"type":"Feature"},{"geometry":{"coordinates":[-2.4588121,53.6799425],"type":"Point"},"properties":{"osmId":"node/9033063986"},"type":"Feature"},{"geometry":{"coordinates":[-2.4588454,53.6799432],"type":"Point"},"properties":{"osmId":"node/9033067788"},"type":"Feature"},{"geometry":{"coordinates":[-2.4926988,53.734183],"type":"Point"},"properties":{"osmId":"node/9033125796"},"type":"Feature"},{"geometry":{"coordinates":[-1.9013716,51.7843562],"type":"Point"},"properties":{"maxspeed":"50 mph","osmId":"node/9035837145"},"type":"Feature"},{"geometry":{"coordinates":[-0.1731924,51.6883594],"type":"Point"},"properties":{"maxspeed":"30 mph","osmId":"node/9036339583"},"type":"Feature"},{"geometry":{"coordinates":[1.1673041,49.8138131],"type":"Point"},"properties":{"maxspeed":"80","osmId":"node/9040224994"},"type":"Feature"},{"geometry":{"coordinates":[-2.736973,55.7132493],"type":"Point"},"properties":{"osmId":"node/9042394333"},"type":"Feature"},{"geometry":{"coordinates":[-1.6817573,53.8503301],"type":"Point"},"properties":{"maxspeed":"30 mph","osmId":"node/9046441068"},"type":"Feature"},{"geometry":{"coordinates":[-4.14606,50.3945086],"type":"Point"},"properties":{"osmId":"node/9047493730"},"type":"Feature"},{"geometry":{"coordinates":[-2.695561,55.6691109],"type":"Point"},"properties":{"maxspeed":"60 mph","osmId":"node/9052880820"},"type":"Feature"},{"geometry":{"coordinates":[-2.6165917,53.5001053],"type":"Point"},"properties":{"maxspeed":"30 mph","osmId":"node/9063727895"},"type":"Feature"},{"geometry":{"coordinates":[-0.4608579,51.4799914],"type":"Point"},"properties":{"maxspeed":"30 mph","osmId":"node/9066400761"},"type":"Feature"},{"geometry":{"coordinates":[-0.4949279,51.4768288],"type":"Point"},"properties":{"maxspeed":"30 mph","osmId":"node/9066400766"},"type":"Feature"},{"geometry":{"coordinates":[-2.1132636,53.3701839],"type":"Point"},"properties":{"osmId":"node/9082926639"},"type":"Feature"},{"geometry":{"coordinates":[-2.1130488,53.3701277],"type":"Point"},"properties":{"osmId":"node/9082926640"},"type":"Feature"},{"geometry":{"coordinates":[-1.3061676,53.0702711],"type":"Point"},"properties":{"maxspeed":"30 mph","osmId":"node/9083977910"},"type":"Feature"},{"geometry":{"coordinates":[-1.3108418,53.0709992],"type":"Point"},"properties":{"maxspeed":"30 mph","osmId":"node/9083985282"},"type":"Feature"},{"geometry":{"coordinates":[-1.2408118,52.9992247],"type":"Point"},"properties":{"maxspeed":"30 mph","osmId":"node/9084062509"},"type":"Feature"},{"geometry":{"coordinates":[-1.2251528,52.9903617],"type":"Point"},"properties":{"osmId":"node/9084169937"},"type":"Feature"},{"geometry":{"coordinates":[-0.2704784,51.512528],"type":"Point"},"properties":{"osmId":"node/9084224724"},"type":"Feature"},{"geometry":{"coordinates":[-1.1538255,53.2322833],"type":"Point"},"properties":{"maxspeed":"50 mph","osmId":"node/9084313278"},"type":"Feature"},{"geometry":{"coordinates":[-1.1516296,53.2172391],"type":"Point"},"properties":{"maxspeed":"50 mph","osmId":"node/9084313279"},"type":"Feature"},{"geometry":{"coordinates":[-1.4925614,52.5326042],"type":"Point"},"properties":{"maxspeed":"30 mph","osmId":"node/9084494252"},"type":"Feature"},{"geometry":{"coordinates":[-1.3775395,52.3772426],"type":"Point"},"properties":{"maxspeed":"60 mph","osmId":"node/9084494253"},"type":"Feature"},{"geometry":{"coordinates":[-1.1948896,53.1295589],"type":"Point"},"properties":{"maxspeed":"30 mph","osmId":"node/9084578152"},"type":"Feature"},{"geometry":{"coordinates":[-1.2681946,53.1136523],"type":"Point"},"properties":{"maxspeed":"30 mph","osmId":"node/9084616298"},"type":"Feature"},{"geometry":{"coordinates":[-2.1038939,55.8460118],"type":"Point"},"properties":{"osmId":"node/9086640680"},"type":"Feature"},{"geometry":{"coordinates":[-1.1113603,52.9831446],"type":"Point"},"properties":{"maxspeed":"30 mph","osmId":"node/9087898767"},"type":"Feature"},{"geometry":{"coordinates":[-1.1758303,52.9795508],"type":"Point"},"properties":{"maxspeed":"30 mph","osmId":"node/9087915255"},"type":"Feature"},{"geometry":{"coordinates":[-1.1894833,53.1589395],"type":"Point"},"properties":{"maxspeed":"30 mph","osmId":"node/9088167298"},"type":"Feature"},{"geometry":{"coordinates":[-1.1881573,53.0132004],"type":"Point"},"properties":{"maxspeed":"30 mph","osmId":"node/9088565899"},"type":"Feature"},{"geometry":{"coordinates":[-0.5613837,53.2482392],"type":"Point"},"properties":{"maxspeed":"70 mph","osmId":"node/9088638849"},"type":"Feature"},{"geometry":{"coordinates":[-1.2256454,52.9378533],"type":"Point"},"properties":{"maxspeed":"40 mph","osmId":"node/9090759959"},"type":"Feature"},{"geometry":{"coordinates":[-1.0324953,52.943714],"type":"Point"},"properties":{"maxspeed":"40 mph","osmId":"node/9090921946"},"type":"Feature"},{"geometry":{"coordinates":[-1.1427996,52.8915263],"type":"Point"},"properties":{"maxspeed":"40 mph","osmId":"node/9090956371"},"type":"Feature"},{"geometry":{"coordinates":[-1.1347818,52.9377271],"type":"Point"},"properties":{"maxspeed":"30 mph","osmId":"node/9090957661"},"type":"Feature"},{"geometry":{"coordinates":[-1.1395249,52.9932199],"type":"Point"},"properties":{"maxspeed":"30 mph","osmId":"node/9090994929"},"type":"Feature"},{"geometry":{"coordinates":[-1.2443335,52.9042093],"type":"Point"},"properties":{"maxspeed":"30 mph","osmId":"node/9091001108"},"type":"Feature"},{"geometry":{"coordinates":[-1.1390552,52.9533958],"type":"Point"},"properties":{"maxspeed":"30 mph","osmId":"node/9091057582"},"type":"Feature"},{"geometry":{"coordinates":[-1.2096021,52.9228664],"type":"Point"},"properties":{"maxspeed":"30 mph","osmId":"node/9091060628"},"type":"Feature"},{"geometry":{"coordinates":[-1.0988096,52.9330089],"type":"Point"},"properties":{"maxspeed":"70 mph","osmId":"node/9091063409"},"type":"Feature"},{"geometry":{"coordinates":[-1.0979803,52.9329021],"type":"Point"},"properties":{"maxspeed":"70 mph","osmId":"node/9091063410"},"type":"Feature"},{"geometry":{"coordinates":[-1.1090489,52.9313287],"type":"Point"},"properties":{"maxspeed":"40 mph","osmId":"node/9091072472"},"type":"Feature"},{"geometry":{"coordinates":[-1.1752356,52.9556074],"type":"Point"},"properties":{"maxspeed":"30 mph","osmId":"node/9091113637"},"type":"Feature"},{"geometry":{"coordinates":[-1.1703226,52.9612002],"type":"Point"},"properties":{"maxspeed":"30 mph","osmId":"node/9091122718"},"type":"Feature"},{"geometry":{"coordinates":[-1.2217519,52.9903317],"type":"Point"},"properties":{"maxspeed":"50 mph","osmId":"node/9091155452"},"type":"Feature"},{"geometry":{"coordinates":[-1.0806764,52.9583745],"type":"Point"},"properties":{"maxspeed":"40 mph","osmId":"node/9091190642"},"type":"Feature"},{"geometry":{"coordinates":[-1.0949376,52.9550836],"type":"Point"},"properties":{"maxspeed":"30 mph","osmId":"node/9091204474"},"type":"Feature"},{"geometry":{"coordinates":[-1.0925042,52.9547959],"type":"Point"},"properties":{"maxspeed":"30 mph","osmId":"node/9091210554"},"type":"Feature"},{"geometry":{"coordinates":[-1.091586,52.9549112],"type":"Point"},"properties":{"maxspeed":"30 mph","osmId":"node/9091210555"},"type":"Feature"},{"geometry":{"coordinates":[-1.176594,52.960074],"type":"Point"},"properties":{"maxspeed":"30 mph","osmId":"node/9091212769"},"type":"Feature"},{"geometry":{"coordinates":[-1.2484684,53.1222825],"type":"Point"},"properties":{"maxspeed":"50 mph","osmId":"node/9091240999","role":"average"},"type":"Feature"},{"geometry":{"coordinates":[-1.2175738,53.1572455],"type":"Point"},"properties":{"maxspeed":"30 mph","osmId":"node/9091242102"},"type":"Feature"},{"geometry":{"coordinates":[-1.17372,52.9807576],"type":"Point"},"properties":{"maxspeed":"30 mph","osmId":"node/9091247881"},"type":"Feature"},{"geometry":{"coordinates":[-1.3224184,53.2079331],"type":"Point"},"properties":{"maxspeed":"Variable","osmId":"node/9091732416"},"type":"Feature"},{"geometry":{"coordinates":[-1.3325534,53.2379944],"type":"Point"},"properties":{"maxspeed":"Variable","osmId":"node/9091749777"},"type":"Feature"},{"geometry":{"coordinates":[0.0561472,51.4928755],"type":"Point"},"properties":{"osmId":"node/9100311101"},"type":"Feature"},{"geometry":{"coordinates":[-2.2781732,53.5440985],"type":"Point"},"properties":{"maxspeed":"60 mph","osmId":"node/9101774110"},"type":"Feature"},{"geometry":{"coordinates":[-2.3015922,53.5369817],"type":"Point"},"properties":{"maxspeed":"60 mph","osmId":"node/9101774111"},"type":"Feature"},{"geometry":{"coordinates":[-0.1108627,50.8150651],"type":"Point"},"properties":{"maxspeed":"30 mph","osmId":"node/9107557944"},"type":"Feature"},{"geometry":{"coordinates":[-0.0747699,50.8077797],"type":"Point"},"properties":{"maxspeed":"50 mph","osmId":"node/9107557969"},"type":"Feature"},{"geometry":{"coordinates":[-0.4103531,51.8614844],"type":"Point"},"properties":{"maxspeed":"50 mph","osmId":"node/9109475224"},"type":"Feature"},{"geometry":{"coordinates":[-0.4110468,51.8607686],"type":"Point"},"properties":{"maxspeed":"50 mph","osmId":"node/9109475225"},"type":"Feature"},{"geometry":{"coordinates":[0.0500929,51.492107],"type":"Point"},"properties":{"osmId":"node/9110804044"},"type":"Feature"},{"geometry":{"coordinates":[-1.1612382,52.9319513],"type":"Point"},"properties":{"maxspeed":"40 mph","osmId":"node/9113660525"},"type":"Feature"},{"geometry":{"coordinates":[-1.1610188,52.9318629],"type":"Point"},"properties":{"maxspeed":"40 mph","osmId":"node/9113660526"},"type":"Feature"},{"geometry":{"coordinates":[-1.0590105,52.9403352],"type":"Point"},"properties":{"maxspeed":"70 mph","osmId":"node/9113766501"},"type":"Feature"},{"geometry":{"coordinates":[-1.0415216,52.9420162],"type":"Point"},"properties":{"maxspeed":"60 mph","osmId":"node/9113888230"},"type":"Feature"},{"geometry":{"coordinates":[-1.0415191,52.9420001],"type":"Point"},"properties":{"maxspeed":"60 mph","osmId":"node/9113888231"},"type":"Feature"},{"geometry":{"coordinates":[-1.0336474,52.9433783],"type":"Point"},"properties":{"maxspeed":"40 mph","osmId":"node/9113905358"},"type":"Feature"},{"geometry":{"coordinates":[-2.2545804,53.4262015],"type":"Point"},"properties":{"maxspeed":"30 mph","osmId":"node/9115305171"},"type":"Feature"},{"geometry":{"coordinates":[-2.2585935,53.4220583],"type":"Point"},"properties":{"maxspeed":"30 mph","osmId":"node/9115305172"},"type":"Feature"},{"geometry":{"coordinates":[-2.4019641,53.2480613],"type":"Point"},"properties":{"osmId":"node/9115305173"},"type":"Feature"},{"geometry":{"coordinates":[-2.396623,53.2300758],"type":"Point"},"properties":{"osmId":"node/9115305174"},"type":"Feature"},{"geometry":{"coordinates":[-2.363625,53.1762409],"type":"Point"},"properties":{"osmId":"node/9115305175"},"type":"Feature"},{"geometry":{"coordinates":[-2.3360394,53.132121],"type":"Point"},"properties":{"osmId":"node/9115305176"},"type":"Feature"},{"geometry":{"coordinates":[-2.3419651,53.0999491],"type":"Point"},"properties":{"osmId":"node/9115305177"},"type":"Feature"},{"geometry":{"coordinates":[-2.217794,52.9481262],"type":"Point"},"properties":{"osmId":"node/9115305178"},"type":"Feature"},{"geometry":{"coordinates":[-2.1999873,52.9171842],"type":"Point"},"properties":{"osmId":"node/9115305179"},"type":"Feature"},{"geometry":{"coordinates":[-2.1620547,52.8564304],"type":"Point"},"properties":{"osmId":"node/9115305180"},"type":"Feature"},{"geometry":{"coordinates":[-2.1540245,52.8071301],"type":"Point"},"properties":{"osmId":"node/9115305181"},"type":"Feature"},{"geometry":{"coordinates":[-2.1470898,52.7912634],"type":"Point"},"properties":{"osmId":"node/9115305182"},"type":"Feature"},{"geometry":{"coordinates":[-2.1004913,52.7492729],"type":"Point"},"properties":{"osmId":"node/9115305183"},"type":"Feature"},{"geometry":{"coordinates":[-2.1014019,52.7061137],"type":"Point"},"properties":{"osmId":"node/9115305184"},"type":"Feature"},{"geometry":{"coordinates":[-2.0833367,52.6744238],"type":"Point"},"properties":{"osmId":"node/9115305185"},"type":"Feature"},{"geometry":{"coordinates":[-2.1011326,52.706089],"type":"Point"},"properties":{"osmId":"node/9115327240"},"type":"Feature"},{"geometry":{"coordinates":[-2.0980897,52.7324686],"type":"Point"},"properties":{"osmId":"node/9115327241"},"type":"Feature"},{"geometry":{"coordinates":[-2.1004713,52.7507261],"type":"Point"},"properties":{"osmId":"node/9115327242"},"type":"Feature"},{"geometry":{"coordinates":[-2.146685,52.7914498],"type":"Point"},"properties":{"osmId":"node/9115327243"},"type":"Feature"},{"geometry":{"coordinates":[-2.1538407,52.8045828],"type":"Point"},"properties":{"osmId":"node/9115327244"},"type":"Feature"},{"geometry":{"coordinates":[-2.1614717,52.8555406],"type":"Point"},"properties":{"osmId":"node/9115327245"},"type":"Feature"},{"geometry":{"coordinates":[-2.1725683,52.8897146],"type":"Point"},"properties":{"osmId":"node/9115327246"},"type":"Feature"},{"geometry":{"coordinates":[-2.2091877,52.9270894],"type":"Point"},"properties":{"osmId":"node/9115327247"},"type":"Feature"},{"geometry":{"coordinates":[-2.3375714,53.111],"type":"Point"},"properties":{"osmId":"node/9115327248"},"type":"Feature"},{"geometry":{"coordinates":[-2.3554505,53.1656679],"type":"Point"},"properties":{"osmId":"node/9115327249"},"type":"Feature"},{"geometry":{"coordinates":[-2.3964093,53.230279],"type":"Point"},"properties":{"osmId":"node/9115327250"},"type":"Feature"},{"geometry":{"coordinates":[-2.401785,53.2512206],"type":"Point"},"properties":{"osmId":"node/9115327251"},"type":"Feature"},{"geometry":{"coordinates":[-2.3949995,53.2875714],"type":"Point"},"properties":{"osmId":"node/9115327252"},"type":"Feature"},{"geometry":{"coordinates":[-2.2582805,53.422174],"type":"Point"},"properties":{"maxspeed":"30 mph","osmId":"node/9115327253"},"type":"Feature"},{"geometry":{"coordinates":[-2.2440478,53.4414673],"type":"Point"},"properties":{"maxspeed":"30 mph","osmId":"node/9115327254"},"type":"Feature"},{"geometry":{"coordinates":[-1.1377373,52.9981136],"type":"Point"},"properties":{"maxspeed":"30 mph","osmId":"node/9116622094"},"type":"Feature"},{"geometry":{"coordinates":[-1.137768,52.9981112],"type":"Point"},"properties":{"maxspeed":"30 mph","osmId":"node/9116622095"},"type":"Feature"},{"geometry":{"coordinates":[-1.1383009,53.000306],"type":"Point"},"properties":{"maxspeed":"30 mph","osmId":"node/9116635899"},"type":"Feature"},{"geometry":{"coordinates":[-1.1382759,53.0003072],"type":"Point"},"properties":{"maxspeed":"30 mph","osmId":"node/9116635900"},"type":"Feature"},{"geometry":{"coordinates":[-1.1476275,52.9897132],"type":"Point"},"properties":{"maxspeed":"40 mph","osmId":"node/9116702976"},"type":"Feature"},{"geometry":{"coordinates":[-1.1476207,52.9897058],"type":"Point"},"properties":{"maxspeed":"40 mph","osmId":"node/9116702977"},"type":"Feature"},{"geometry":{"coordinates":[-1.138422,52.9944215],"type":"Point"},"properties":{"maxspeed":"30 mph","osmId":"node/9116704537"},"type":"Feature"},{"geometry":{"coordinates":[-1.1384454,52.9944273],"type":"Point"},"properties":{"maxspeed":"30 mph","osmId":"node/9116704538"},"type":"Feature"},{"geometry":{"coordinates":[-1.1514713,52.9880334],"type":"Point"},"properties":{"maxspeed":"40 mph","osmId":"node/9116725182"},"type":"Feature"},{"geometry":{"coordinates":[-1.151489,52.9880332],"type":"Point"},"properties":{"maxspeed":"40 mph","osmId":"node/9116725183"},"type":"Feature"},{"geometry":{"coordinates":[-1.1420852,52.991984],"type":"Point"},"properties":{"maxspeed":"40 mph","osmId":"node/9118129726"},"type":"Feature"},{"geometry":{"coordinates":[-1.1420742,52.9919639],"type":"Point"},"properties":{"maxspeed":"40 mph","osmId":"node/9118129727"},"type":"Feature"},{"geometry":{"coordinates":[-1.1620115,52.9864248],"type":"Point"},"properties":{"maxspeed":"40 mph","osmId":"node/9118176623","role":"average"},"type":"Feature"},{"geometry":{"coordinates":[-1.1732168,52.9822088],"type":"Point"},"properties":{"maxspeed":"40 mph","osmId":"node/9118259147","role":"average"},"type":"Feature"},{"geometry":{"coordinates":[0.1383447,51.8048153],"type":"Point"},"properties":{"osmId":"node/9118827752"},"type":"Feature"},{"geometry":{"coordinates":[-1.0010187,53.0065405],"type":"Point"},"properties":{"maxspeed":"40 mph","osmId":"node/9119836935","role":"average"},"type":"Feature"},{"geometry":{"coordinates":[-1.2404742,53.0857701],"type":"Point"},"properties":{"maxspeed":"30 mph","osmId":"node/9119899154"},"type":"Feature"},{"geometry":{"coordinates":[-1.2413593,53.0841078],"type":"Point"},"properties":{"maxspeed":"30 mph","osmId":"node/9119899155"},"type":"Feature"},{"geometry":{"coordinates":[-1.2424494,53.0797445],"type":"Point"},"properties":{"maxspeed":"30 mph","osmId":"node/9119899156"},"type":"Feature"},{"geometry":{"coordinates":[-1.2428531,53.0772839],"type":"Point"},"properties":{"maxspeed":"30 mph","osmId":"node/9119899157"},"type":"Feature"},{"geometry":{"coordinates":[-0.3175166,51.5036067],"type":"Point"},"properties":{"maxspeed":"20 mph","osmId":"node/9121348701"},"type":"Feature"},{"geometry":{"coordinates":[-0.8374216,53.0631567],"type":"Point"},"properties":{"maxspeed":"40 mph","osmId":"node/9126484193"},"type":"Feature"},{"geometry":{"coordinates":[-0.837404,53.0631495],"type":"Point"},"properties":{"maxspeed":"40 mph","osmId":"node/9126484194"},"type":"Feature"},{"geometry":{"coordinates":[-0.8522347,53.0551048],"type":"Point"},"properties":{"maxspeed":"40 mph","osmId":"node/9126488344"},"type":"Feature"},{"geometry":{"coordinates":[-0.8522467,53.0551131],"type":"Point"},"properties":{"maxspeed":"40 mph","osmId":"node/9126488345"},"type":"Feature"},{"geometry":{"coordinates":[-1.1290884,53.189614],"type":"Point"},"properties":{"maxspeed":"50 mph","osmId":"node/9126746467"},"type":"Feature"},{"geometry":{"coordinates":[-1.1290958,53.189622],"type":"Point"},"properties":{"maxspeed":"50 mph","osmId":"node/9126746468"},"type":"Feature"},{"geometry":{"coordinates":[-2.7560082,52.7000239],"type":"Point"},"properties":{"maxspeed":"30 mph","osmId":"node/9131731863"},"type":"Feature"},{"geometry":{"coordinates":[-0.6994826,52.9258113],"type":"Point"},"properties":{"maxspeed":"60 mph","osmId":"node/9139001171"},"type":"Feature"},{"geometry":{"coordinates":[-1.2064201,52.9813775],"type":"Point"},"properties":{"maxspeed":"30 mph","osmId":"node/9139062739"},"type":"Feature"},{"geometry":{"coordinates":[-1.2064548,52.9813839],"type":"Point"},"properties":{"maxspeed":"30 mph","osmId":"node/9139062740"},"type":"Feature"},{"geometry":{"coordinates":[-1.2052617,52.9808],"type":"Point"},"properties":{"maxspeed":"30 mph","osmId":"node/9139098222"},"type":"Feature"},{"geometry":{"coordinates":[-1.2052129,52.9808058],"type":"Point"},"properties":{"maxspeed":"30 mph","osmId":"node/9139098223"},"type":"Feature"},{"geometry":{"coordinates":[-1.2239477,52.9380989],"type":"Point"},"properties":{"maxspeed":"40 mph","osmId":"node/9139582309"},"type":"Feature"},{"geometry":{"coordinates":[-1.2239393,52.938073],"type":"Point"},"properties":{"maxspeed":"40 mph","osmId":"node/9139582310"},"type":"Feature"},{"geometry":{"coordinates":[-1.2239249,52.9380247],"type":"Point"},"properties":{"maxspeed":"40 mph","osmId":"node/9139582311"},"type":"Feature"},{"geometry":{"coordinates":[-1.2239181,52.9380029],"type":"Point"},"properties":{"maxspeed":"40 mph","osmId":"node/9139582312"},"type":"Feature"},{"geometry":{"coordinates":[-1.2202547,52.938687],"type":"Point"},"properties":{"maxspeed":"40 mph","osmId":"node/9139655524"},"type":"Feature"},{"geometry":{"coordinates":[-1.2202496,52.9386641],"type":"Point"},"properties":{"maxspeed":"40 mph","osmId":"node/9139655525"},"type":"Feature"},{"geometry":{"coordinates":[-1.2202389,52.9386204],"type":"Point"},"properties":{"maxspeed":"40 mph","osmId":"node/9139655526"},"type":"Feature"},{"geometry":{"coordinates":[-1.2202314,52.9385928],"type":"Point"},"properties":{"maxspeed":"40 mph","osmId":"node/9139655527"},"type":"Feature"},{"geometry":{"coordinates":[-1.1961134,52.9339416],"type":"Point"},"properties":{"maxspeed":"40 mph","osmId":"node/9139691465"},"type":"Feature"},{"geometry":{"coordinates":[-1.1963204,52.934052],"type":"Point"},"properties":{"maxspeed":"40 mph","osmId":"node/9139691466"},"type":"Feature"},{"geometry":{"coordinates":[-2.1432404,53.4739238],"type":"Point"},"properties":{"maxspeed":"30 mph","osmId":"node/9151069659"},"type":"Feature"},{"geometry":{"coordinates":[-0.1918811,51.1077516],"type":"Point"},"properties":{"maxspeed":"30 mph","osmId":"node/9163064661"},"type":"Feature"},{"geometry":{"coordinates":[-4.139991,50.4212211],"type":"Point"},"properties":{"osmId":"node/9166153208"},"type":"Feature"},{"geometry":{"coordinates":[-0.5562465,51.6102835],"type":"Point"},"properties":{"maxspeed":"30 mph","osmId":"node/9167372717"},"type":"Feature"},{"geometry":{"coordinates":[-3.1872917,51.4896553],"type":"Point"},"properties":{"maxspeed":"30 mph","osmId":"node/9167603649"},"type":"Feature"},{"geometry":{"coordinates":[-2.4931783,53.8021075],"type":"Point"},"properties":{"maxspeed":"40 mph","osmId":"node/9168371324"},"type":"Feature"},{"geometry":{"coordinates":[-0.9354717,51.4469193],"type":"Point"},"properties":{"osmId":"node/9198052614"},"type":"Feature"},{"geometry":{"coordinates":[-1.1297825,52.6252859],"type":"Point"},"properties":{"maxspeed":"30 mph","osmId":"node/9199301326"},"type":"Feature"},{"geometry":{"coordinates":[-1.1288177,52.6262268],"type":"Point"},"properties":{"maxspeed":"30 mph","osmId":"node/9199301327"},"type":"Feature"},{"geometry":{"coordinates":[-1.8549435,50.7195228],"type":"Point"},"properties":{"maxspeed":"30 mph","osmId":"node/9205357479"},"type":"Feature"},{"geometry":{"coordinates":[-1.4637161,53.4541221],"type":"Point"},"properties":{"maxspeed":"30 mph","osmId":"node/9210340813"},"type":"Feature"},{"geometry":{"coordinates":[-0.9952499,51.4779846],"type":"Point"},"properties":{"maxspeed":"30 mph","osmId":"node/9239253817"},"type":"Feature"},{"geometry":{"coordinates":[-1.7945058,52.4092769],"type":"Point"},"properties":{"osmId":"node/9253150089"},"type":"Feature"},{"geometry":{"coordinates":[-1.614373,53.5975269],"type":"Point"},"properties":{"osmId":"node/9260031663"},"type":"Feature"},{"geometry":{"coordinates":[0.4188068,52.6992788],"type":"Point"},"properties":{"osmId":"node/9260216844"},"type":"Feature"},{"geometry":{"coordinates":[-1.8751234,50.72902],"type":"Point"},"properties":{"osmId":"node/9278573703"},"type":"Feature"},{"geometry":{"coordinates":[0.0569689,51.6860382],"type":"Point"},"properties":{"osmId":"node/9281869181"},"type":"Feature"},{"geometry":{"coordinates":[0.078693,51.6886843],"type":"Point"},"properties":{"osmId":"node/9281869182"},"type":"Feature"},{"geometry":{"coordinates":[0.0786327,51.6885339],"type":"Point"},"properties":{"osmId":"node/9281869183"},"type":"Feature"},{"geometry":{"coordinates":[-0.0613444,51.6826616],"type":"Point"},"properties":{"osmId":"node/9281872860"},"type":"Feature"},{"geometry":{"coordinates":[-0.0614262,51.6825341],"type":"Point"},"properties":{"osmId":"node/9281872861"},"type":"Feature"},{"geometry":{"coordinates":[-0.2585693,51.7086224],"type":"Point"},"properties":{"osmId":"node/9281881157"},"type":"Feature"},{"geometry":{"coordinates":[-0.2587711,51.7085039],"type":"Point"},"properties":{"osmId":"node/9281881158"},"type":"Feature"},{"geometry":{"coordinates":[0.0080323,51.6803658],"type":"Point"},"properties":{"osmId":"node/9281890551"},"type":"Feature"},{"geometry":{"coordinates":[0.2066436,51.4005756],"type":"Point"},"properties":{"osmId":"node/9281904833"},"type":"Feature"},{"geometry":{"coordinates":[0.2064644,51.400696],"type":"Point"},"properties":{"osmId":"node/9281904834"},"type":"Feature"},{"geometry":{"coordinates":[0.2761286,51.5260177],"type":"Point"},"properties":{"osmId":"node/9281917172"},"type":"Feature"},{"geometry":{"coordinates":[0.2758923,51.5261027],"type":"Point"},"properties":{"osmId":"node/9281917173"},"type":"Feature"},{"geometry":{"coordinates":[0.3986453,51.3104325],"type":"Point"},"properties":{"maxspeed":"70 mph","osmId":"node/9281919571"},"type":"Feature"},{"geometry":{"coordinates":[-3.5637975,53.0247641],"type":"Point"},"properties":{"osmId":"node/9283190765","role":"average"},"type":"Feature"},{"geometry":{"coordinates":[-3.6140004,53.038365],"type":"Point"},"properties":{"osmId":"node/9283190767","role":"average"},"type":"Feature"},{"geometry":{"coordinates":[-3.6688247,53.0486645],"type":"Point"},"properties":{"osmId":"node/9283190768","role":"average"},"type":"Feature"},{"geometry":{"coordinates":[-2.4742525,53.4931273],"type":"Point"},"properties":{"maxspeed":"30 mph","osmId":"node/9289972645"},"type":"Feature"},{"geometry":{"coordinates":[0.5951831,51.2751797],"type":"Point"},"properties":{"osmId":"node/9306476995"},"type":"Feature"},{"geometry":{"coordinates":[0.6435895,51.2483643],"type":"Point"},"properties":{"osmId":"node/9306476996"},"type":"Feature"},{"geometry":{"coordinates":[0.7227707,51.2171287],"type":"Point"},"properties":{"osmId":"node/9306490744"},"type":"Feature"},{"geometry":{"coordinates":[0.8331483,51.1853652],"type":"Point"},"properties":{"osmId":"node/9306498525"},"type":"Feature"},{"geometry":{"coordinates":[0.870066,51.1596507],"type":"Point"},"properties":{"osmId":"node/9306500022"},"type":"Feature"},{"geometry":{"coordinates":[-2.5243067,53.4858984],"type":"Point"},"properties":{"maxspeed":"30 mph","osmId":"node/9310829492"},"type":"Feature"},{"geometry":{"coordinates":[-1.44576,53.5833465],"type":"Point"},"properties":{"osmId":"node/9311517384"},"type":"Feature"},{"geometry":{"coordinates":[-4.1000906,50.4129639],"type":"Point"},"properties":{"maxspeed":"30 mph","osmId":"node/9319680131"},"type":"Feature"},{"geometry":{"coordinates":[-2.6448198,53.4967039],"type":"Point"},"properties":{"maxspeed":"30 mph","osmId":"node/9322263657"},"type":"Feature"},{"geometry":{"coordinates":[-4.1613174,50.4184412],"type":"Point"},"properties":{"maxspeed":"30 mph","osmId":"node/9322385917"},"type":"Feature"},{"geometry":{"coordinates":[-0.5035255,51.8743273],"type":"Point"},"properties":{"osmId":"node/9329820796"},"type":"Feature"},{"geometry":{"coordinates":[-0.5041814,51.8748481],"type":"Point"},"properties":{"osmId":"node/9329820797"},"type":"Feature"},{"geometry":{"coordinates":[-2.8745622,54.0628446],"type":"Point"},"properties":{"maxspeed":"20 mph","osmId":"node/9346144501"},"type":"Feature"},{"geometry":{"coordinates":[-3.2829433,55.9260905],"type":"Point"},"properties":{"osmId":"node/9373664108"},"type":"Feature"},{"geometry":{"coordinates":[-3.1633403,55.909569],"type":"Point"},"properties":{"osmId":"node/9373665847"},"type":"Feature"},{"geometry":{"coordinates":[-3.2381389,55.9643559],"type":"Point"},"properties":{"osmId":"node/9373703620"},"type":"Feature"},{"geometry":{"coordinates":[-3.2398692,55.9203532],"type":"Point"},"properties":{"osmId":"node/9373712685"},"type":"Feature"},{"geometry":{"coordinates":[-3.2399092,55.9202669],"type":"Point"},"properties":{"osmId":"node/9373715512"},"type":"Feature"},{"geometry":{"coordinates":[-4.1336536,50.3958099],"type":"Point"},"properties":{"maxspeed":"30 mph","osmId":"node/9374010117"},"type":"Feature"},{"geometry":{"coordinates":[-3.2378436,55.9655539],"type":"Point"},"properties":{"osmId":"node/9376210500"},"type":"Feature"},{"geometry":{"coordinates":[-3.2377995,55.9655791],"type":"Point"},"properties":{"osmId":"node/9376210654"},"type":"Feature"},{"geometry":{"coordinates":[-4.257292,56.873785],"type":"Point"},"properties":{"osmId":"node/9379015129","role":"average"},"type":"Feature"},{"geometry":{"coordinates":[0.5675047,50.8526713],"type":"Point"},"properties":{"osmId":"node/9394409756"},"type":"Feature"},{"geometry":{"coordinates":[-0.6489756,52.0144602],"type":"Point"},"properties":{"osmId":"node/9407240982"},"type":"Feature"},{"geometry":{"coordinates":[0.3897841,51.4353092],"type":"Point"},"properties":{"maxspeed":"30 mph","osmId":"node/9412342787"},"type":"Feature"},{"geometry":{"coordinates":[-1.3000988,54.605347],"type":"Point"},"properties":{"osmId":"node/9424064094"},"type":"Feature"},{"geometry":{"coordinates":[-0.0208464,51.8001507],"type":"Point"},"properties":{"osmId":"node/9429603609"},"type":"Feature"},{"geometry":{"coordinates":[-0.0244673,51.8033464],"type":"Point"},"properties":{"osmId":"node/9429603610"},"type":"Feature"},{"geometry":{"coordinates":[-4.1552567,50.4027399],"type":"Point"},"properties":{"maxspeed":"30 mph","osmId":"node/9467316421"},"type":"Feature"},{"geometry":{"coordinates":[-2.6509293,53.5103574],"type":"Point"},"properties":{"maxspeed":"30 mph","osmId":"node/9484540264"},"type":"Feature"},{"geometry":{"coordinates":[-1.5142302,55.1840179],"type":"Point"},"properties":{"maxspeed":"30 mph","osmId":"node/9497454896"},"type":"Feature"},{"geometry":{"coordinates":[-0.1987527,51.6981828],"type":"Point"},"properties":{"maxspeed":"30 mph","osmId":"node/9499214921"},"type":"Feature"},{"geometry":{"coordinates":[0.0335645,51.390791],"type":"Point"},"properties":{"osmId":"node/9520255438"},"type":"Feature"},{"geometry":{"coordinates":[-0.4072349,51.5480539],"type":"Point"},"properties":{"maxspeed":"50 mph","osmId":"node/9530754293"},"type":"Feature"},{"geometry":{"coordinates":[-0.3249973,51.2569845],"type":"Point"},"properties":{"osmId":"node/9532193209"},"type":"Feature"},{"geometry":{"coordinates":[-0.3237247,51.2551204],"type":"Point"},"properties":{"osmId":"node/9532193211"},"type":"Feature"},{"geometry":{"coordinates":[-4.3338515,55.8934943],"type":"Point"},"properties":{"maxspeed":"30 mph","osmId":"node/9545977074"},"type":"Feature"},{"geometry":{"coordinates":[-4.3578893,55.9005403],"type":"Point"},"properties":{"maxspeed":"30 mph","osmId":"node/9546015844"},"type":"Feature"},{"geometry":{"coordinates":[-4.1304437,50.3900591],"type":"Point"},"properties":{"osmId":"node/9546147318"},"type":"Feature"},{"geometry":{"coordinates":[-2.5943589,53.3979454],"type":"Point"},"properties":{"maxspeed":"30 mph","osmId":"node/9557018191"},"type":"Feature"},{"geometry":{"coordinates":[-2.4928891,53.46301],"type":"Point"},"properties":{"maxspeed":"30 mph","osmId":"node/9557068371"},"type":"Feature"},{"geometry":{"coordinates":[-2.529174,53.3983311],"type":"Point"},"properties":{"maxspeed":"40 mph","osmId":"node/9557071597"},"type":"Feature"},{"geometry":{"coordinates":[-1.823093,50.7251469],"type":"Point"},"properties":{"maxspeed":"30 mph","osmId":"node/9560909130"},"type":"Feature"},{"geometry":{"coordinates":[-4.1098705,50.3937414],"type":"Point"},"properties":{"maxspeed":"30 mph","osmId":"node/9569857537"},"type":"Feature"},{"geometry":{"coordinates":[-4.1016622,50.3845688],"type":"Point"},"properties":{"osmId":"node/9571836817"},"type":"Feature"},{"geometry":{"coordinates":[-2.9690779,51.576892],"type":"Point"},"properties":{"maxspeed":"30 mph","osmId":"node/9575546462"},"type":"Feature"},{"geometry":{"coordinates":[-2.4447403,53.5389298],"type":"Point"},"properties":{"osmId":"node/9581790350"},"type":"Feature"},{"geometry":{"coordinates":[-0.3153385,52.5340303],"type":"Point"},"properties":{"maxspeed":"60 mph","osmId":"node/9586672881","role":"average"},"type":"Feature"},{"geometry":{"coordinates":[-0.3160859,52.5348096],"type":"Point"},"properties":{"maxspeed":"60 mph","osmId":"node/9586672882","role":"average"},"type":"Feature"},{"geometry":{"coordinates":[-0.2992305,52.5373526],"type":"Point"},"properties":{"maxspeed":"60 mph","osmId":"node/9586672883","role":"average"},"type":"Feature"},{"geometry":{"coordinates":[-4.1123887,50.3727952],"type":"Point"},"properties":{"osmId":"node/9586743217"},"type":"Feature"},{"geometry":{"coordinates":[-2.4288569,51.2880955],"type":"Point"},"properties":{"maxspeed":"30 mph","osmId":"node/9594985402"},"type":"Feature"},{"geometry":{"coordinates":[-2.6418916,53.5421438],"type":"Point"},"properties":{"maxspeed":"30 mph","osmId":"node/9595554780"},"type":"Feature"},{"geometry":{"coordinates":[-4.1137779,50.3831448],"type":"Point"},"properties":{"maxspeed":"20 mph","osmId":"node/9596084417"},"type":"Feature"},{"geometry":{"coordinates":[-2.789447,52.7067621],"type":"Point"},"properties":{"maxspeed":"30 mph","osmId":"node/9602986329"},"type":"Feature"},{"geometry":{"coordinates":[-2.7011536,53.6065495],"type":"Point"},"properties":{"maxspeed":"30 mph","osmId":"node/9604588417"},"type":"Feature"},{"geometry":{"coordinates":[-2.6420087,53.5605071],"type":"Point"},"properties":{"maxspeed":"30 mph","osmId":"node/9609411168"},"type":"Feature"},{"geometry":{"coordinates":[-3.1055929,51.5838358],"type":"Point"},"properties":{"maxspeed":"60 mph","osmId":"node/9609972626"},"type":"Feature"},{"geometry":{"coordinates":[-3.118125,51.5849493],"type":"Point"},"properties":{"maxspeed":"60 mph","osmId":"node/9609972627"},"type":"Feature"},{"geometry":{"coordinates":[-2.5860902,53.5291603],"type":"Point"},"properties":{"maxspeed":"30 mph","osmId":"node/9624143970"},"type":"Feature"},{"geometry":{"coordinates":[-4.1001455,50.3666387],"type":"Point"},"properties":{"osmId":"node/9630453420"},"type":"Feature"},{"geometry":{"coordinates":[-4.094724,50.36726],"type":"Point"},"properties":{"osmId":"node/9630455819"},"type":"Feature"},{"geometry":{"coordinates":[-4.0908772,50.3665974],"type":"Point"},"properties":{"osmId":"node/9630455824"},"type":"Feature"},{"geometry":{"coordinates":[-4.0844695,50.3653245],"type":"Point"},"properties":{"osmId":"node/9630455825"},"type":"Feature"},{"geometry":{"coordinates":[-4.087354,50.3656126],"type":"Point"},"properties":{"osmId":"node/9630458030"},"type":"Feature"},{"geometry":{"coordinates":[-4.0815304,50.3654332],"type":"Point"},"properties":{"osmId":"node/9630458920"},"type":"Feature"},{"geometry":{"coordinates":[-4.0655902,50.361187],"type":"Point"},"properties":{"osmId":"node/9630462917"},"type":"Feature"},{"geometry":{"coordinates":[-2.774361,53.3502488],"type":"Point"},"properties":{"maxspeed":"30 mph","osmId":"node/9641392194"},"type":"Feature"},{"geometry":{"coordinates":[-4.1768005,50.3974574],"type":"Point"},"properties":{"osmId":"node/9641900071"},"type":"Feature"},{"geometry":{"coordinates":[-4.1715665,50.3915757],"type":"Point"},"properties":{"osmId":"node/9641900424"},"type":"Feature"},{"geometry":{"coordinates":[-0.4195537,51.8560592],"type":"Point"},"properties":{"maxspeed":"50 mph","osmId":"node/9642286559"},"type":"Feature"},{"geometry":{"coordinates":[-0.4172209,51.8582219],"type":"Point"},"properties":{"maxspeed":"50 mph","osmId":"node/9642286560"},"type":"Feature"},{"geometry":{"coordinates":[-0.4150769,51.8596169],"type":"Point"},"properties":{"maxspeed":"50 mph","osmId":"node/9642286561"},"type":"Feature"},{"geometry":{"coordinates":[-0.4169614,51.8577021],"type":"Point"},"properties":{"maxspeed":"50 mph","osmId":"node/9642286562"},"type":"Feature"},{"geometry":{"coordinates":[-0.4191858,51.8559351],"type":"Point"},"properties":{"maxspeed":"50 mph","osmId":"node/9642286563"},"type":"Feature"},{"geometry":{"coordinates":[-0.4150371,51.8592635],"type":"Point"},"properties":{"osmId":"node/9642286564"},"type":"Feature"},{"geometry":{"coordinates":[-2.1218471,53.2542136],"type":"Point"},"properties":{"maxspeed":"30 mph","osmId":"node/9645509474"},"type":"Feature"},{"geometry":{"coordinates":[-3.4446086,50.7306405],"type":"Point"},"properties":{"maxspeed":"70 mph","osmId":"node/9650396870"},"type":"Feature"},{"geometry":{"coordinates":[-3.4444827,50.73051],"type":"Point"},"properties":{"maxspeed":"50 mph","osmId":"node/9650396871"},"type":"Feature"},{"geometry":{"coordinates":[-2.7187804,53.4725793],"type":"Point"},"properties":{"osmId":"node/9652908696","role":"traffic_signals"},"type":"Feature"},{"geometry":{"coordinates":[-4.7307067,50.3495009],"type":"Point"},"properties":{"osmId":"node/9654664617"},"type":"Feature"},{"geometry":{"coordinates":[-4.7256839,50.3515188],"type":"Point"},"properties":{"osmId":"node/9654665817"},"type":"Feature"},{"geometry":{"coordinates":[-2.8615569,54.0714926],"type":"Point"},"properties":{"osmId":"node/9655047624"},"type":"Feature"},{"geometry":{"coordinates":[-1.9436336,53.0734325],"type":"Point"},"properties":{"maxspeed":"50 mph","osmId":"node/9658704937"},"type":"Feature"},{"geometry":{"coordinates":[0.5874264,51.7163592],"type":"Point"},"properties":{"maxspeed":"30 mph","osmId":"node/9661248798"},"type":"Feature"},{"geometry":{"coordinates":[-0.4806808,51.6371972],"type":"Point"},"properties":{"osmId":"node/9667769603"},"type":"Feature"},{"geometry":{"coordinates":[-0.4814297,51.6369416],"type":"Point"},"properties":{"osmId":"node/9667782355"},"type":"Feature"},{"geometry":{"coordinates":[-0.8236424,51.8251294],"type":"Point"},"properties":{"maxspeed":"30 mph","osmId":"node/9672297144"},"type":"Feature"},{"geometry":{"coordinates":[0.8854852,51.3091745],"type":"Point"},"properties":{"maxspeed":"30 mph","osmId":"node/9682394835"},"type":"Feature"},{"geometry":{"coordinates":[0.87786,51.3107908],"type":"Point"},"properties":{"maxspeed":"30 mph","osmId":"node/9682394836"},"type":"Feature"},{"geometry":{"coordinates":[0.7549457,51.336676],"type":"Point"},"properties":{"maxspeed":"30 mph","osmId":"node/9682406252"},"type":"Feature"},{"geometry":{"coordinates":[0.7130768,51.3439535],"type":"Point"},"properties":{"maxspeed":"30 mph","osmId":"node/9682406906"},"type":"Feature"},{"geometry":{"coordinates":[-2.7199449,53.4728053],"type":"Point"},"properties":{"osmId":"node/9685292983","role":"traffic_signals"},"type":"Feature"},{"geometry":{"coordinates":[-0.1458651,51.5239629],"type":"Point"},"properties":{"osmId":"node/9689685619"},"type":"Feature"},{"geometry":{"coordinates":[-0.1359729,51.52554],"type":"Point"},"properties":{"maxspeed":"20 mph","osmId":"node/9689688782"},"type":"Feature"},{"geometry":{"coordinates":[-0.2332912,51.3204951],"type":"Point"},"properties":{"maxspeed":"30 mph","osmId":"node/9703595835"},"type":"Feature"},{"geometry":{"coordinates":[-0.2104248,51.326621],"type":"Point"},"properties":{"maxspeed":"40 mph","osmId":"node/9703618770"},"type":"Feature"},{"geometry":{"coordinates":[-0.3012386,51.4886658],"type":"Point"},"properties":{"maxspeed":"20 mph","osmId":"node/9727944150"},"type":"Feature"},{"geometry":{"coordinates":[-2.1048312,52.5561538],"type":"Point"},"properties":{"osmId":"node/9743490296"},"type":"Feature"},{"geometry":{"coordinates":[-1.514812,53.7974347],"type":"Point"},"properties":{"maxspeed":"40 mph","osmId":"node/9755796961"},"type":"Feature"},{"geometry":{"coordinates":[-1.5149234,53.7977098],"type":"Point"},"properties":{"maxspeed":"40 mph","osmId":"node/9755796967"},"type":"Feature"},{"geometry":{"coordinates":[-1.5384543,53.8007418],"type":"Point"},"properties":{"maxspeed":"40 mph","osmId":"node/9755796975"},"type":"Feature"},{"geometry":{"coordinates":[-1.5199565,53.7982435],"type":"Point"},"properties":{"maxspeed":"40 mph","osmId":"node/9755796977"},"type":"Feature"},{"geometry":{"coordinates":[0.4373952,51.3057508],"type":"Point"},"properties":{"osmId":"node/9766958497"},"type":"Feature"},{"geometry":{"coordinates":[0.4830721,51.2963376],"type":"Point"},"properties":{"osmId":"node/9767427059"},"type":"Feature"},{"geometry":{"coordinates":[0.4856813,51.2956569],"type":"Point"},"properties":{"osmId":"node/9768669400"},"type":"Feature"},{"geometry":{"coordinates":[0.4953877,51.2959478],"type":"Point"},"properties":{"osmId":"node/9768950497"},"type":"Feature"},{"geometry":{"coordinates":[0.506991,51.2988698],"type":"Point"},"properties":{"osmId":"node/9769018948"},"type":"Feature"},{"geometry":{"coordinates":[0.5446018,51.288967],"type":"Point"},"properties":{"maxspeed":"70 mph","osmId":"node/9769024382"},"type":"Feature"},{"geometry":{"coordinates":[0.5447076,51.2890626],"type":"Point"},"properties":{"maxspeed":"70 mph","osmId":"node/9769024383"},"type":"Feature"},{"geometry":{"coordinates":[0.5121304,51.2983142],"type":"Point"},"properties":{"osmId":"node/9769034375"},"type":"Feature"},{"geometry":{"coordinates":[0.5376505,51.2908284],"type":"Point"},"properties":{"maxspeed":"70 mph","osmId":"node/9769042838"},"type":"Feature"},{"geometry":{"coordinates":[0.5269271,51.2963678],"type":"Point"},"properties":{"osmId":"node/9769057702"},"type":"Feature"},{"geometry":{"coordinates":[0.5304581,51.2938782],"type":"Point"},"properties":{"osmId":"node/9769074372"},"type":"Feature"},{"geometry":{"coordinates":[0.4519564,51.3028482],"type":"Point"},"properties":{"osmId":"node/9769094115"},"type":"Feature"},{"geometry":{"coordinates":[0.5157264,51.2993266],"type":"Point"},"properties":{"osmId":"node/9769095344"},"type":"Feature"},{"geometry":{"coordinates":[0.4331714,51.3067181],"type":"Point"},"properties":{"osmId":"node/9769095355"},"type":"Feature"},{"geometry":{"coordinates":[0.4634237,51.30164],"type":"Point"},"properties":{"osmId":"node/9769098055"},"type":"Feature"},{"geometry":{"coordinates":[0.4587824,51.302556],"type":"Point"},"properties":{"osmId":"node/9769121073"},"type":"Feature"},{"geometry":{"coordinates":[0.4558877,51.3028349],"type":"Point"},"properties":{"osmId":"node/9769121074"},"type":"Feature"},{"geometry":{"coordinates":[0.454327,51.3026076],"type":"Point"},"properties":{"osmId":"node/9769121075"},"type":"Feature"},{"geometry":{"coordinates":[0.4180915,51.3111002],"type":"Point"},"properties":{"osmId":"node/9769125597"},"type":"Feature"},{"geometry":{"coordinates":[0.1385803,51.7448093],"type":"Point"},"properties":{"maxspeed":"70 mph","osmId":"node/9769129962"},"type":"Feature"},{"geometry":{"coordinates":[0.394371,51.3093867],"type":"Point"},"properties":{"osmId":"node/9769133059"},"type":"Feature"},{"geometry":{"coordinates":[-1.2919975,51.0727903],"type":"Point"},"properties":{"maxspeed":"70 mph","osmId":"node/9769136382"},"type":"Feature"},{"geometry":{"coordinates":[0.4242283,51.309728],"type":"Point"},"properties":{"osmId":"node/9769137810"},"type":"Feature"},{"geometry":{"coordinates":[-1.2932788,51.0802233],"type":"Point"},"properties":{"osmId":"node/9769144611"},"type":"Feature"},{"geometry":{"coordinates":[-1.2914124,51.0712557],"type":"Point"},"properties":{"osmId":"node/9769161168"},"type":"Feature"},{"geometry":{"coordinates":[0.1471683,51.7575471],"type":"Point"},"properties":{"maxspeed":"70 mph","osmId":"node/9769168021"},"type":"Feature"},{"geometry":{"coordinates":[-1.2895023,51.0844632],"type":"Point"},"properties":{"maxspeed":"70 mph","osmId":"node/9769185826"},"type":"Feature"},{"geometry":{"coordinates":[-1.2754747,51.0969772],"type":"Point"},"properties":{"maxspeed":"70 mph","osmId":"node/9769197110"},"type":"Feature"},{"geometry":{"coordinates":[-1.2367415,51.1564481],"type":"Point"},"properties":{"maxspeed":"70 mph","osmId":"node/9769198410"},"type":"Feature"},{"geometry":{"coordinates":[-1.2369553,51.1564659],"type":"Point"},"properties":{"maxspeed":"70 mph","osmId":"node/9769198411"},"type":"Feature"},{"geometry":{"coordinates":[0.1616698,51.7736716],"type":"Point"},"properties":{"maxspeed":"70 mph","osmId":"node/9769356919"},"type":"Feature"},{"geometry":{"coordinates":[0.160439,51.7723277],"type":"Point"},"properties":{"maxspeed":"70 mph","osmId":"node/9769368322"},"type":"Feature"},{"geometry":{"coordinates":[0.1639167,51.77667],"type":"Point"},"properties":{"maxspeed":"70 mph","osmId":"node/9769408534"},"type":"Feature"},{"geometry":{"coordinates":[0.1663486,51.7802158],"type":"Point"},"properties":{"maxspeed":"70 mph","osmId":"node/9769487232"},"type":"Feature"},{"geometry":{"coordinates":[-0.7862866,51.3037597],"type":"Point"},"properties":{"osmId":"node/9769644589"},"type":"Feature"},{"geometry":{"coordinates":[-0.7658304,51.312844],"type":"Point"},"properties":{"osmId":"node/9769730742"},"type":"Feature"},{"geometry":{"coordinates":[-0.7891893,51.3034916],"type":"Point"},"properties":{"osmId":"node/9769743323"},"type":"Feature"},{"geometry":{"coordinates":[-0.7718224,51.3100634],"type":"Point"},"properties":{"osmId":"node/9769794270"},"type":"Feature"},{"geometry":{"coordinates":[-0.7523408,51.3178485],"type":"Point"},"properties":{"maxspeed":"70 mph","osmId":"node/9769811410"},"type":"Feature"},{"geometry":{"coordinates":[-0.7399674,51.3233211],"type":"Point"},"properties":{"osmId":"node/9769813064"},"type":"Feature"},{"geometry":{"coordinates":[-0.7608071,51.3151167],"type":"Point"},"properties":{"maxspeed":"70 mph","osmId":"node/9769813518"},"type":"Feature"},{"geometry":{"coordinates":[-0.7388114,51.3242594],"type":"Point"},"properties":{"maxspeed":"70 mph","osmId":"node/9769813904"},"type":"Feature"},{"geometry":{"coordinates":[-0.7308454,51.3288208],"type":"Point"},"properties":{"maxspeed":"70 mph","osmId":"node/9769816500"},"type":"Feature"},{"geometry":{"coordinates":[-0.7144234,51.3381997],"type":"Point"},"properties":{"osmId":"node/9769818161"},"type":"Feature"},{"geometry":{"coordinates":[-0.7496709,51.3191596],"type":"Point"},"properties":{"osmId":"node/9769822541"},"type":"Feature"},{"geometry":{"coordinates":[-0.7099805,51.3408764],"type":"Point"},"properties":{"maxspeed":"70 mph","osmId":"node/9769822543"},"type":"Feature"},{"geometry":{"coordinates":[-0.7344678,51.3265708],"type":"Point"},"properties":{"maxspeed":"70 mph","osmId":"node/9769829811"},"type":"Feature"},{"geometry":{"coordinates":[-0.719019,51.3360845],"type":"Point"},"properties":{"osmId":"node/9769829812"},"type":"Feature"},{"geometry":{"coordinates":[-0.743203,51.3218135],"type":"Point"},"properties":{"maxspeed":"70 mph","osmId":"node/9769834636"},"type":"Feature"},{"geometry":{"coordinates":[-0.7259949,51.3319576],"type":"Point"},"properties":{"maxspeed":"70 mph","osmId":"node/9769839565"},"type":"Feature"},{"geometry":{"coordinates":[-0.7037081,51.3448034],"type":"Point"},"properties":{"maxspeed":"70 mph","osmId":"node/9769845723"},"type":"Feature"},{"geometry":{"coordinates":[-0.7065405,51.3429571],"type":"Point"},"properties":{"maxspeed":"70 mph","osmId":"node/9769852510"},"type":"Feature"},{"geometry":{"coordinates":[-0.7011968,51.3474209],"type":"Point"},"properties":{"maxspeed":"70 mph","osmId":"node/9769867709"},"type":"Feature"},{"geometry":{"coordinates":[-0.6990792,51.348173],"type":"Point"},"properties":{"osmId":"node/9769867710"},"type":"Feature"},{"geometry":{"coordinates":[-0.6832929,51.354811],"type":"Point"},"properties":{"maxspeed":"70 mph","osmId":"node/9769870473"},"type":"Feature"},{"geometry":{"coordinates":[-0.6960839,51.3503152],"type":"Point"},"properties":{"osmId":"node/9769870774"},"type":"Feature"},{"geometry":{"coordinates":[-0.6956042,51.3498575],"type":"Point"},"properties":{"osmId":"node/9769870775"},"type":"Feature"},{"geometry":{"coordinates":[-0.6891884,51.3522158],"type":"Point"},"properties":{"maxspeed":"70 mph","osmId":"node/9769884468"},"type":"Feature"},{"geometry":{"coordinates":[-0.2319441,51.5738205],"type":"Point"},"properties":{"maxspeed":"70 mph","osmId":"node/9771935245"},"type":"Feature"},{"geometry":{"coordinates":[-0.2365242,51.5769389],"type":"Point"},"properties":{"maxspeed":"50 mph","osmId":"node/9772041261"},"type":"Feature"},{"geometry":{"coordinates":[-0.2384145,51.5860939],"type":"Point"},"properties":{"maxspeed":"70 mph","osmId":"node/9772060232"},"type":"Feature"},{"geometry":{"coordinates":[-0.2374245,51.5782618],"type":"Point"},"properties":{"maxspeed":"70 mph","osmId":"node/9772066353"},"type":"Feature"},{"geometry":{"coordinates":[0.1937571,51.3881607],"type":"Point"},"properties":{"osmId":"node/9772324502"},"type":"Feature"},{"geometry":{"coordinates":[0.1938498,51.3890826],"type":"Point"},"properties":{"osmId":"node/9772324503"},"type":"Feature"},{"geometry":{"coordinates":[0.1946364,51.3899729],"type":"Point"},"properties":{"maxspeed":"70 mph","osmId":"node/9772324504"},"type":"Feature"},{"geometry":{"coordinates":[0.187527,51.3798985],"type":"Point"},"properties":{"osmId":"node/9772329975"},"type":"Feature"},{"geometry":{"coordinates":[0.1566452,51.3502853],"type":"Point"},"properties":{"osmId":"node/9772332448"},"type":"Feature"},{"geometry":{"coordinates":[0.1868217,51.3795318],"type":"Point"},"properties":{"maxspeed":"70 mph","osmId":"node/9772342601"},"type":"Feature"},{"geometry":{"coordinates":[0.1865554,51.3795351],"type":"Point"},"properties":{"maxspeed":"70 mph","osmId":"node/9772342602"},"type":"Feature"},{"geometry":{"coordinates":[0.1659629,51.3684257],"type":"Point"},"properties":{"maxspeed":"70 mph","osmId":"node/9772357857"},"type":"Feature"},{"geometry":{"coordinates":[0.1561825,51.3599706],"type":"Point"},"properties":{"osmId":"node/9772368393"},"type":"Feature"},{"geometry":{"coordinates":[0.1563012,51.3475101],"type":"Point"},"properties":{"maxspeed":"70 mph","osmId":"node/9772377676"},"type":"Feature"},{"geometry":{"coordinates":[0.1565259,51.3476278],"type":"Point"},"properties":{"maxspeed":"70 mph","osmId":"node/9772377677"},"type":"Feature"},{"geometry":{"coordinates":[0.1561492,51.3047586],"type":"Point"},"properties":{"maxspeed":"70 mph","osmId":"node/9772387978"},"type":"Feature"},{"geometry":{"coordinates":[0.1479865,51.3010057],"type":"Point"},"properties":{"maxspeed":"70 mph","osmId":"node/9772388068"},"type":"Feature"},{"geometry":{"coordinates":[0.1481983,51.3008655],"type":"Point"},"properties":{"osmId":"node/9772388069"},"type":"Feature"},{"geometry":{"coordinates":[0.159864,51.3083237],"type":"Point"},"properties":{"osmId":"node/9772388402"},"type":"Feature"},{"geometry":{"coordinates":[0.1596245,51.3284762],"type":"Point"},"properties":{"osmId":"node/9772388732"},"type":"Feature"},{"geometry":{"coordinates":[-0.2379687,51.6020712],"type":"Point"},"properties":{"maxspeed":"70 mph","osmId":"node/9772409115"},"type":"Feature"},{"geometry":{"coordinates":[0.1480025,51.2945038],"type":"Point"},"properties":{"osmId":"node/9772422098"},"type":"Feature"},{"geometry":{"coordinates":[0.1432831,51.2908825],"type":"Point"},"properties":{"osmId":"node/9772444489"},"type":"Feature"},{"geometry":{"coordinates":[-0.2524165,51.6170571],"type":"Point"},"properties":{"maxspeed":"70 mph","osmId":"node/9772538559"},"type":"Feature"},{"geometry":{"coordinates":[-0.2615858,51.6266292],"type":"Point"},"properties":{"maxspeed":"70 mph","osmId":"node/9772553976"},"type":"Feature"},{"geometry":{"coordinates":[-0.2662686,51.6354205],"type":"Point"},"properties":{"maxspeed":"70 mph","osmId":"node/9772566401"},"type":"Feature"},{"geometry":{"coordinates":[-0.2860154,51.6366133],"type":"Point"},"properties":{"maxspeed":"70 mph","osmId":"node/9772576172"},"type":"Feature"},{"geometry":{"coordinates":[-0.3212671,51.6419824],"type":"Point"},"properties":{"maxspeed":"70 mph","osmId":"node/9772774317"},"type":"Feature"},{"geometry":{"coordinates":[-0.3388681,51.6478642],"type":"Point"},"properties":{"maxspeed":"70 mph","osmId":"node/9772814255"},"type":"Feature"},{"geometry":{"coordinates":[-0.3474864,51.660536],"type":"Point"},"properties":{"maxspeed":"70 mph","osmId":"node/9772828180"},"type":"Feature"},{"geometry":{"coordinates":[-0.3439084,51.6559334],"type":"Point"},"properties":{"maxspeed":"70 mph","osmId":"node/9772834504"},"type":"Feature"},{"geometry":{"coordinates":[-0.3616892,51.6678117],"type":"Point"},"properties":{"maxspeed":"70 mph","osmId":"node/9772858090"},"type":"Feature"},{"geometry":{"coordinates":[-0.3763779,51.6826869],"type":"Point"},"properties":{"maxspeed":"70 mph","osmId":"node/9773074229"},"type":"Feature"},{"geometry":{"coordinates":[-0.375288,51.6925761],"type":"Point"},"properties":{"maxspeed":"70 mph","osmId":"node/9773209818"},"type":"Feature"},{"geometry":{"coordinates":[-0.3897776,51.7266003],"type":"Point"},"properties":{"maxspeed":"70 mph","osmId":"node/9773217229"},"type":"Feature"},{"geometry":{"coordinates":[-0.3896302,51.7266204],"type":"Point"},"properties":{"maxspeed":"70 mph","osmId":"node/9773217230"},"type":"Feature"},{"geometry":{"coordinates":[-0.3824421,51.7070392],"type":"Point"},"properties":{"maxspeed":"70 mph","osmId":"node/9773218730"},"type":"Feature"},{"geometry":{"coordinates":[-0.3841289,51.7130781],"type":"Point"},"properties":{"maxspeed":"70 mph","osmId":"node/9773230953"},"type":"Feature"},{"geometry":{"coordinates":[-0.387318,51.7212799],"type":"Point"},"properties":{"maxspeed":"70 mph","osmId":"node/9773252380"},"type":"Feature"},{"geometry":{"coordinates":[-0.3921859,51.733551],"type":"Point"},"properties":{"maxspeed":"70 mph","osmId":"node/9773253374"},"type":"Feature"},{"geometry":{"coordinates":[-0.4042572,51.7462895],"type":"Point"},"properties":{"maxspeed":"70 mph","osmId":"node/9773285492"},"type":"Feature"},{"geometry":{"coordinates":[-0.4221931,51.8540017],"type":"Point"},"properties":{"maxspeed":"70 mph","osmId":"node/9774579001"},"type":"Feature"},{"geometry":{"coordinates":[-0.445988,51.8751996],"type":"Point"},"properties":{"maxspeed":"70 mph","osmId":"node/9774725213"},"type":"Feature"},{"geometry":{"coordinates":[-0.4511812,51.8791298],"type":"Point"},"properties":{"maxspeed":"70 mph","osmId":"node/9774745837"},"type":"Feature"},{"geometry":{"coordinates":[-0.4530091,51.8802672],"type":"Point"},"properties":{"maxspeed":"70 mph","osmId":"node/9774750698"},"type":"Feature"},{"geometry":{"coordinates":[-0.4561506,51.8821305],"type":"Point"},"properties":{"maxspeed":"70 mph","osmId":"node/9774750704"},"type":"Feature"},{"geometry":{"coordinates":[0.2338293,51.4212953],"type":"Point"},"properties":{"maxspeed":"40 mph","osmId":"node/9774810379"},"type":"Feature"},{"geometry":{"coordinates":[0.2362843,51.4488718],"type":"Point"},"properties":{"maxspeed":"50 mph","osmId":"node/9774945544"},"type":"Feature"},{"geometry":{"coordinates":[0.2463242,51.4550406],"type":"Point"},"properties":{"maxspeed":"50 mph","osmId":"node/9775007364"},"type":"Feature"},{"geometry":{"coordinates":[0.2667559,51.4769836],"type":"Point"},"properties":{"maxspeed":"50 mph","osmId":"node/9775052329"},"type":"Feature"},{"geometry":{"coordinates":[-0.6467523,52.0385406],"type":"Point"},"properties":{"maxspeed":"70 mph","osmId":"node/9780853239"},"type":"Feature"},{"geometry":{"coordinates":[-0.6470193,52.0384855],"type":"Point"},"properties":{"maxspeed":"70 mph","osmId":"node/9780853240"},"type":"Feature"},{"geometry":{"coordinates":[-0.6939761,52.0563472],"type":"Point"},"properties":{"maxspeed":"70 mph","osmId":"node/9780879253"},"type":"Feature"},{"geometry":{"coordinates":[-0.6939616,52.0563692],"type":"Point"},"properties":{"maxspeed":"70 mph","osmId":"node/9780879254"},"type":"Feature"},{"geometry":{"coordinates":[-0.7030416,52.0601517],"type":"Point"},"properties":{"maxspeed":"70 mph","osmId":"node/9780880591"},"type":"Feature"},{"geometry":{"coordinates":[-0.70651,52.0614524],"type":"Point"},"properties":{"maxspeed":"70 mph","osmId":"node/9780880592"},"type":"Feature"},{"geometry":{"coordinates":[-0.69752,52.0576303],"type":"Point"},"properties":{"maxspeed":"70 mph","osmId":"node/9780895977"},"type":"Feature"},{"geometry":{"coordinates":[-0.7116218,52.0638505],"type":"Point"},"properties":{"maxspeed":"70 mph","osmId":"node/9780910692"},"type":"Feature"},{"geometry":{"coordinates":[-0.7168771,52.065988],"type":"Point"},"properties":{"maxspeed":"70 mph","osmId":"node/9780941220"},"type":"Feature"},{"geometry":{"coordinates":[-0.7300939,52.0728913],"type":"Point"},"properties":{"maxspeed":"70 mph","osmId":"node/9780971161"},"type":"Feature"},{"geometry":{"coordinates":[-0.7244465,52.0699186],"type":"Point"},"properties":{"maxspeed":"70 mph","osmId":"node/9780972719"},"type":"Feature"},{"geometry":{"coordinates":[-2.8514959,54.0613741],"type":"Point"},"properties":{"osmId":"node/9786685999"},"type":"Feature"},{"geometry":{"coordinates":[-0.4452453,50.8212566],"type":"Point"},"properties":{"maxspeed":"50 mph","osmId":"node/9789151422"},"type":"Feature"},{"geometry":{"coordinates":[0.6095594,50.8743042],"type":"Point"},"properties":{"osmId":"node/9792407398"},"type":"Feature"},{"geometry":{"coordinates":[-1.5097565,52.4142946],"type":"Point"},"properties":{"maxspeed":"30 mph","osmId":"node/9799118582","role":"average"},"type":"Feature"},{"geometry":{"coordinates":[-1.5089598,52.41645],"type":"Point"},"properties":{"maxspeed":"30 mph","osmId":"node/9799118583","role":"average"},"type":"Feature"},{"geometry":{"coordinates":[-1.5053295,52.4214704],"type":"Point"},"properties":{"maxspeed":"30 mph","osmId":"node/9799150026","role":"average"},"type":"Feature"},{"geometry":{"coordinates":[-1.5054408,52.421665],"type":"Point"},"properties":{"maxspeed":"30 mph","osmId":"node/9799150027","role":"average"},"type":"Feature"},{"geometry":{"coordinates":[-0.3588141,50.9578838],"type":"Point"},"properties":{"maxspeed":"60 mph","osmId":"node/9813932819"},"type":"Feature"},{"geometry":{"coordinates":[0.0213166,51.5870016],"type":"Point"},"properties":{"maxspeed":"30 mph","osmId":"node/9814403638"},"type":"Feature"},{"geometry":{"coordinates":[0.0221991,51.5900267],"type":"Point"},"properties":{"maxspeed":"30 mph","osmId":"node/9815235100"},"type":"Feature"},{"geometry":{"coordinates":[0.0515846,51.4310595],"type":"Point"},"properties":{"osmId":"node/9868835000"},"type":"Feature"},{"geometry":{"coordinates":[-0.1300977,51.4888935],"type":"Point"},"properties":{"osmId":"node/9868862806"},"type":"Feature"},{"geometry":{"coordinates":[-0.00067,51.42031],"type":"Point"},"properties":{"osmId":"node/9868873089"},"type":"Feature"},{"geometry":{"coordinates":[-0.0813288,51.4736846],"type":"Point"},"properties":{"osmId":"node/9868874471"},"type":"Feature"},{"geometry":{"coordinates":[-0.1348814,51.5310237],"type":"Point"},"properties":{"osmId":"node/9868880896"},"type":"Feature"},{"geometry":{"coordinates":[0.025771,51.4069459],"type":"Point"},"properties":{"osmId":"node/9868881153"},"type":"Feature"},{"geometry":{"coordinates":[-0.1339677,51.4909051],"type":"Point"},"properties":{"osmId":"node/9868883449"},"type":"Feature"},{"geometry":{"coordinates":[0.0019739,51.4185045],"type":"Point"},"properties":{"osmId":"node/9868884912"},"type":"Feature"},{"geometry":{"coordinates":[-1.9759494,54.9491096],"type":"Point"},"properties":{"osmId":"node/9890559762"},"type":"Feature"},{"geometry":{"coordinates":[-2.7815957,53.5459444],"type":"Point"},"properties":{"maxspeed":"40 mph","osmId":"node/9900785128"},"type":"Feature"},{"geometry":{"coordinates":[-2.7716844,53.5452645],"type":"Point"},"properties":{"maxspeed":"40 mph","osmId":"node/9902037853"},"type":"Feature"},{"geometry":{"coordinates":[-4.1245302,50.3692987],"type":"Point"},"properties":{"maxspeed":"30 mph","osmId":"node/9902929346"},"type":"Feature"},{"geometry":{"coordinates":[-2.4103628,54.9700476],"type":"Point"},"properties":{"osmId":"node/9906445207"},"type":"Feature"},{"geometry":{"coordinates":[-2.8271432,54.9028031],"type":"Point"},"properties":{"osmId":"node/9906477236"},"type":"Feature"},{"geometry":{"coordinates":[0.1921396,51.525213],"type":"Point"},"properties":{"maxspeed":"30 mph","osmId":"node/9909265092"},"type":"Feature"},{"geometry":{"coordinates":[-2.0952178,51.8938478],"type":"Point"},"properties":{"osmId":"node/9916005326"},"type":"Feature"},{"geometry":{"coordinates":[-1.2464518,51.612003],"type":"Point"},"properties":{"maxspeed":"30 mph","osmId":"node/9919203489"},"type":"Feature"},{"geometry":{"coordinates":[-1.9403672,50.7478703],"type":"Point"},"properties":{"osmId":"node/9922161046"},"type":"Feature"},{"geometry":{"coordinates":[-1.9725475,52.6756299],"type":"Point"},"properties":{"osmId":"node/9927168315"},"type":"Feature"},{"geometry":{"coordinates":[1.2802915,52.650722],"type":"Point"},"properties":{"osmId":"node/9931685763"},"type":"Feature"},{"geometry":{"coordinates":[-2.2749057,52.347258],"type":"Point"},"properties":{"osmId":"node/9958745686"},"type":"Feature"},{"geometry":{"coordinates":[-3.3480671,51.7166868],"type":"Point"},"properties":{"osmId":"node/9972971724"},"type":"Feature"},{"geometry":{"coordinates":[-1.7733854,53.8275173],"type":"Point"},"properties":{"maxspeed":"30 mph","osmId":"node/9984145566"},"type":"Feature"},{"geometry":{"coordinates":[-1.7714623,53.8254482],"type":"Point"},"properties":{"maxspeed":"30 mph","osmId":"node/9984145579"},"type":"Feature"},{"geometry":{"coordinates":[-0.0594613,51.5491641],"type":"Point"},"properties":{"osmId":"node/10009222875"},"type":"Feature"},{"geometry":{"coordinates":[-0.3617695,50.9559796],"type":"Point"},"properties":{"maxspeed":"60 mph","osmId":"node/10028389690"},"type":"Feature"},{"geometry":{"coordinates":[-1.3897981,53.5951322],"type":"Point"},"properties":{"maxspeed":"30 mph","osmId":"node/10053496340"},"type":"Feature"},{"geometry":{"coordinates":[-1.1836578,52.595013],"type":"Point"},"properties":{"maxspeed":"50 mph","osmId":"node/10059347780"},"type":"Feature"},{"geometry":{"coordinates":[-1.1849062,52.5962661],"type":"Point"},"properties":{"osmId":"node/10059362240"},"type":"Feature"},{"geometry":{"coordinates":[-1.1848632,52.5965027],"type":"Point"},"properties":{"osmId":"node/10059362245"},"type":"Feature"},{"geometry":{"coordinates":[-3.405771,53.2619549],"type":"Point"},"properties":{"maxspeed":"70 mph","osmId":"node/10075790363"},"type":"Feature"},{"geometry":{"coordinates":[-4.567711,55.4941879],"type":"Point"},"properties":{"maxspeed":"70 mph","osmId":"node/10077482166","role":"average"},"type":"Feature"},{"geometry":{"coordinates":[-4.5673634,55.4941381],"type":"Point"},"properties":{"maxspeed":"70 mph","osmId":"node/10077482167","role":"average"},"type":"Feature"},{"geometry":{"coordinates":[-4.5817937,55.4829011],"type":"Point"},"properties":{"maxspeed":"70 mph","osmId":"node/10077511385","role":"average"},"type":"Feature"},{"geometry":{"coordinates":[-4.582225,55.4829899],"type":"Point"},"properties":{"maxspeed":"70 mph","osmId":"node/10077511386","role":"average"},"type":"Feature"},{"geometry":{"coordinates":[-4.5654555,55.5001614],"type":"Point"},"properties":{"maxspeed":"70 mph","osmId":"node/10077536231","role":"average"},"type":"Feature"},{"geometry":{"coordinates":[-4.5650755,55.500166],"type":"Point"},"properties":{"maxspeed":"70 mph","osmId":"node/10077536232","role":"average"},"type":"Feature"},{"geometry":{"coordinates":[-4.5844571,55.5203681],"type":"Point"},"properties":{"maxspeed":"70 mph","osmId":"node/10077536233","role":"average"},"type":"Feature"},{"geometry":{"coordinates":[-4.5841802,55.5205071],"type":"Point"},"properties":{"maxspeed":"70 mph","osmId":"node/10077536234","role":"average"},"type":"Feature"},{"geometry":{"coordinates":[-1.4354054,52.4329515],"type":"Point"},"properties":{"maxspeed":"40 mph","osmId":"node/10102062663"},"type":"Feature"},{"geometry":{"coordinates":[0.2726315,51.497351],"type":"Point"},"properties":{"maxspeed":"50 mph","osmId":"node/10104587940"},"type":"Feature"},{"geometry":{"coordinates":[0.2877131,51.4945671],"type":"Point"},"properties":{"maxspeed":"50 mph","osmId":"node/10104594041"},"type":"Feature"},{"geometry":{"coordinates":[0.2602241,51.4943455],"type":"Point"},"properties":{"maxspeed":"50 mph","osmId":"node/10104609567"},"type":"Feature"},{"geometry":{"coordinates":[0.2455273,51.4912297],"type":"Point"},"properties":{"maxspeed":"50 mph","osmId":"node/10104609568"},"type":"Feature"},{"geometry":{"coordinates":[-0.2125134,51.684929],"type":"Point"},"properties":{"osmId":"node/10118955489"},"type":"Feature"},{"geometry":{"coordinates":[-0.1794646,51.6837367],"type":"Point"},"properties":{"osmId":"node/10121737464"},"type":"Feature"},{"geometry":{"coordinates":[-1.2541878,51.6056888],"type":"Point"},"properties":{"osmId":"node/10125762447"},"type":"Feature"},{"geometry":{"coordinates":[-1.2534403,51.6056938],"type":"Point"},"properties":{"osmId":"node/10125762448"},"type":"Feature"},{"geometry":{"coordinates":[-0.1203132,51.6881662],"type":"Point"},"properties":{"osmId":"node/10132669935"},"type":"Feature"},{"geometry":{"coordinates":[-0.1204151,51.6885175],"type":"Point"},"properties":{"osmId":"node/10132669937"},"type":"Feature"},{"geometry":{"coordinates":[-4.0680608,50.3769832],"type":"Point"},"properties":{"maxspeed":"40 mph","osmId":"node/10148524393"},"type":"Feature"},{"geometry":{"coordinates":[-0.2965669,51.3738442],"type":"Point"},"properties":{"osmId":"node/10157965448"},"type":"Feature"},{"geometry":{"coordinates":[-0.2722812,51.3871986],"type":"Point"},"properties":{"osmId":"node/10157965460"},"type":"Feature"},{"geometry":{"coordinates":[-1.9353471,50.7245943],"type":"Point"},"properties":{"osmId":"node/10196870884"},"type":"Feature"},{"geometry":{"coordinates":[-3.4922819,50.5510299],"type":"Point"},"properties":{"osmId":"node/10202643145"},"type":"Feature"},{"geometry":{"coordinates":[0.1482954,51.5806809],"type":"Point"},"properties":{"osmId":"node/10222535152"},"type":"Feature"},{"geometry":{"coordinates":[-1.3715578,52.2697641],"type":"Point"},"properties":{"osmId":"node/10233145824"},"type":"Feature"},{"geometry":{"coordinates":[1.282326,51.3621934],"type":"Point"},"properties":{"maxspeed":"50 mph","osmId":"node/10271321785"},"type":"Feature"},{"geometry":{"coordinates":[1.2824373,51.3619298],"type":"Point"},"properties":{"maxspeed":"50 mph","osmId":"node/10271321786"},"type":"Feature"},{"geometry":{"coordinates":[-1.3304614,51.4097729],"type":"Point"},"properties":{"maxspeed":"30 mph","osmId":"node/10276639474"},"type":"Feature"},{"geometry":{"coordinates":[-1.8079323,52.3905432],"type":"Point"},"properties":{"osmId":"node/10280696974","role":"average"},"type":"Feature"},{"geometry":{"coordinates":[-1.807766,52.3907822],"type":"Point"},"properties":{"osmId":"node/10280696975","role":"average"},"type":"Feature"},{"geometry":{"coordinates":[-1.818071,52.3970821],"type":"Point"},"properties":{"osmId":"node/10280696976","role":"average"},"type":"Feature"},{"geometry":{"coordinates":[-1.8178873,52.3971868],"type":"Point"},"properties":{"osmId":"node/10280696977","role":"average"},"type":"Feature"},{"geometry":{"coordinates":[-2.5944073,51.5329825],"type":"Point"},"properties":{"osmId":"node/10281209115"},"type":"Feature"},{"geometry":{"coordinates":[-3.046329,52.8647452],"type":"Point"},"properties":{"maxspeed":"30 mph","osmId":"node/10281231847"},"type":"Feature"},{"geometry":{"coordinates":[-0.2528768,51.645377],"type":"Point"},"properties":{"osmId":"node/10282500081"},"type":"Feature"},{"geometry":{"coordinates":[-0.5848073,51.5500162],"type":"Point"},"properties":{"osmId":"node/10304985965"},"type":"Feature"},{"geometry":{"coordinates":[-3.034046,51.5700843],"type":"Point"},"properties":{"maxspeed":"50 mph","osmId":"node/10542136068"},"type":"Feature"},{"geometry":{"coordinates":[-3.0365886,51.5828695],"type":"Point"},"properties":{"maxspeed":"50 mph","osmId":"node/10542136070"},"type":"Feature"},{"geometry":{"coordinates":[-3.032649,51.5863768],"type":"Point"},"properties":{"maxspeed":"50 mph","osmId":"node/10542136071"},"type":"Feature"},{"geometry":{"coordinates":[-3.0334949,51.586982],"type":"Point"},"properties":{"maxspeed":"50 mph","osmId":"node/10542136072"},"type":"Feature"},{"geometry":{"coordinates":[-3.0330732,51.5723658],"type":"Point"},"properties":{"maxspeed":"50 mph","osmId":"node/10542136073"},"type":"Feature"},{"geometry":{"coordinates":[-3.0006326,51.6028933],"type":"Point"},"properties":{"maxspeed":"50 mph","osmId":"node/10542136074"},"type":"Feature"},{"geometry":{"coordinates":[-3.0005543,51.6027657],"type":"Point"},"properties":{"maxspeed":"50 mph","osmId":"node/10542136075"},"type":"Feature"},{"geometry":{"coordinates":[-2.9846489,51.6049177],"type":"Point"},"properties":{"maxspeed":"50 mph","osmId":"node/10542136076"},"type":"Feature"},{"geometry":{"coordinates":[-2.9846917,51.6047118],"type":"Point"},"properties":{"maxspeed":"50 mph","osmId":"node/10542136077"},"type":"Feature"},{"geometry":{"coordinates":[-2.9847123,51.6046653],"type":"Point"},"properties":{"maxspeed":"50 mph","osmId":"node/10542136078"},"type":"Feature"},{"geometry":{"coordinates":[-2.975175,51.6016259],"type":"Point"},"properties":{"maxspeed":"50 mph","osmId":"node/10542136079"},"type":"Feature"},{"geometry":{"coordinates":[-2.9752184,51.6015467],"type":"Point"},"properties":{"maxspeed":"50 mph","osmId":"node/10542136080"},"type":"Feature"},{"geometry":{"coordinates":[-2.9643986,51.5963854],"type":"Point"},"properties":{"maxspeed":"50 mph","osmId":"node/10542136081"},"type":"Feature"},{"geometry":{"coordinates":[-2.9280732,51.6015999],"type":"Point"},"properties":{"maxspeed":"50 mph","osmId":"node/10542136082"},"type":"Feature"},{"geometry":{"coordinates":[-2.9301635,51.6014319],"type":"Point"},"properties":{"maxspeed":"50 mph","osmId":"node/10542136083"},"type":"Feature"},{"geometry":{"coordinates":[-2.930233,51.6015315],"type":"Point"},"properties":{"maxspeed":"50 mph","osmId":"node/10542136084"},"type":"Feature"},{"geometry":{"coordinates":[-2.9079645,51.6021482],"type":"Point"},"properties":{"maxspeed":"50 mph","osmId":"node/10542136085"},"type":"Feature"},{"geometry":{"coordinates":[-0.1147315,51.3367831],"type":"Point"},"properties":{"maxspeed":"30 mph","osmId":"node/10561923725"},"type":"Feature"},{"geometry":{"coordinates":[-0.117049,51.3383706],"type":"Point"},"properties":{"maxspeed":"30 mph","osmId":"node/10561923726"},"type":"Feature"},{"geometry":{"coordinates":[-0.0768671,51.3042494],"type":"Point"},"properties":{"maxspeed":"30 mph","osmId":"node/10567859918"},"type":"Feature"},{"geometry":{"coordinates":[-0.1197491,51.3358912],"type":"Point"},"properties":{"maxspeed":"30 mph","osmId":"node/10567875267"},"type":"Feature"},{"geometry":{"coordinates":[-0.1196686,51.3357586],"type":"Point"},"properties":{"maxspeed":"30 mph","osmId":"node/10567875268"},"type":"Feature"},{"geometry":{"coordinates":[-0.1266323,51.3293555],"type":"Point"},"properties":{"maxspeed":"30 mph","osmId":"node/10567875269"},"type":"Feature"},{"geometry":{"coordinates":[-0.1268016,51.3291681],"type":"Point"},"properties":{"maxspeed":"30 mph","osmId":"node/10567875270"},"type":"Feature"},{"geometry":{"coordinates":[-0.1479723,51.3047233],"type":"Point"},"properties":{"maxspeed":"40 mph","osmId":"node/10567875271"},"type":"Feature"},{"geometry":{"coordinates":[-0.1479509,51.3047536],"type":"Point"},"properties":{"maxspeed":"40 mph","osmId":"node/10567875272"},"type":"Feature"},{"geometry":{"coordinates":[-3.5178994,50.7134567],"type":"Point"},"properties":{"maxspeed":"30 mph","osmId":"node/10609295029"},"type":"Feature"},{"geometry":{"coordinates":[-2.6015805,55.5324355],"type":"Point"},"properties":{"maxspeed":"60 mph","osmId":"node/10629198317"},"type":"Feature"},{"geometry":{"coordinates":[-4.0086132,55.8552262],"type":"Point"},"properties":{"osmId":"node/10657855781"},"type":"Feature"},{"geometry":{"coordinates":[-1.2370655,51.7713194],"type":"Point"},"properties":{"osmId":"node/10661184184"},"type":"Feature"},{"geometry":{"coordinates":[-2.8509455,54.2438783],"type":"Point"},"properties":{"osmId":"node/10680711499"},"type":"Feature"},{"geometry":{"coordinates":[-2.840822,54.2481396],"type":"Point"},"properties":{"osmId":"node/10690689738"},"type":"Feature"},{"geometry":{"coordinates":[-0.4215343,51.8793955],"type":"Point"},"properties":{"maxspeed":"30 mph","osmId":"node/10698210264"},"type":"Feature"},{"geometry":{"coordinates":[-0.4221003,51.8801635],"type":"Point"},"properties":{"maxspeed":"30 mph","osmId":"node/10698210265"},"type":"Feature"},{"geometry":{"coordinates":[-1.2668307,51.4045434],"type":"Point"},"properties":{"maxspeed":"30 mph","osmId":"node/10701228048"},"type":"Feature"},{"geometry":{"coordinates":[-2.486415,52.6828827],"type":"Point"},"properties":{"maxspeed":"40 mph","osmId":"node/10701305709"},"type":"Feature"},{"geometry":{"coordinates":[-2.0110049,52.656576],"type":"Point"},"properties":{"osmId":"node/10705070788"},"type":"Feature"},{"geometry":{"coordinates":[-2.091238,52.6246136],"type":"Point"},"properties":{"osmId":"node/10721265964"},"type":"Feature"},{"geometry":{"coordinates":[-3.4356169,53.1821469],"type":"Point"},"properties":{"maxspeed":"60 mph","osmId":"node/10731173316"},"type":"Feature"},{"geometry":{"coordinates":[-0.1671646,51.5834563],"type":"Point"},"properties":{"maxspeed":"40 mph","osmId":"node/10739015350"},"type":"Feature"},{"geometry":{"coordinates":[-0.1611095,51.5819815],"type":"Point"},"properties":{"maxspeed":"40 mph","osmId":"node/10739073607"},"type":"Feature"},{"geometry":{"coordinates":[-0.152022,51.5797964],"type":"Point"},"properties":{"osmId":"node/10739773462"},"type":"Feature"},{"geometry":{"coordinates":[-2.2636769,53.7875479],"type":"Point"},"properties":{"osmId":"node/10746814792"},"type":"Feature"},{"geometry":{"coordinates":[-3.5515738,53.1240384],"type":"Point"},"properties":{"osmId":"node/10782388050"},"type":"Feature"},{"geometry":{"coordinates":[-0.4802261,51.5208216],"type":"Point"},"properties":{"maxspeed":"30 mph","osmId":"node/10800495611"},"type":"Feature"},{"geometry":{"coordinates":[-0.4795796,51.5204873],"type":"Point"},"properties":{"maxspeed":"30 mph","osmId":"node/10800495614"},"type":"Feature"},{"geometry":{"coordinates":[0.0758444,51.5263876],"type":"Point"},"properties":{"osmId":"node/10810977063"},"type":"Feature"},{"geometry":{"coordinates":[0.0761814,51.5260951],"type":"Point"},"properties":{"osmId":"node/10810977064"},"type":"Feature"},{"geometry":{"coordinates":[-2.0137918,52.8237855],"type":"Point"},"properties":{"osmId":"node/10813979282"},"type":"Feature"},{"geometry":{"coordinates":[-2.0091207,52.8211047],"type":"Point"},"properties":{"osmId":"node/10813994270"},"type":"Feature"},{"geometry":{"coordinates":[-2.0378003,52.8450659],"type":"Point"},"properties":{"maxspeed":"40 mph","osmId":"node/10814030031"},"type":"Feature"},{"geometry":{"coordinates":[-2.0320161,52.8380913],"type":"Point"},"properties":{"osmId":"node/10814030113"},"type":"Feature"},{"geometry":{"coordinates":[-0.173198,51.5334906],"type":"Point"},"properties":{"maxspeed":"20 mph","osmId":"node/10853407308"},"type":"Feature"},{"geometry":{"coordinates":[-0.176012,51.5378836],"type":"Point"},"properties":{"maxspeed":"20 mph","osmId":"node/10853452127"},"type":"Feature"},{"geometry":{"coordinates":[-0.1761386,51.5378918],"type":"Point"},"properties":{"maxspeed":"20 mph","osmId":"node/10853452128"},"type":"Feature"},{"geometry":{"coordinates":[-1.2960837,51.6667507],"type":"Point"},"properties":{"maxspeed":"30 mph","osmId":"node/10855762337"},"type":"Feature"},{"geometry":{"coordinates":[-2.1971368,53.3989097],"type":"Point"},"properties":{"maxspeed":"30 mph","osmId":"node/10858347056"},"type":"Feature"},{"geometry":{"coordinates":[-2.8949025,53.8138466],"type":"Point"},"properties":{"maxspeed":"40 mph","osmId":"node/10858745777"},"type":"Feature"},{"geometry":{"coordinates":[-4.2451182,55.8118462],"type":"Point"},"properties":{"maxspeed":"30 mph","osmId":"node/10862665223"},"type":"Feature"},{"geometry":{"coordinates":[-4.3640971,55.8353169],"type":"Point"},"properties":{"maxspeed":"30 mph","osmId":"node/10862687310"},"type":"Feature"},{"geometry":{"coordinates":[-4.3510521,55.8077534],"type":"Point"},"properties":{"maxspeed":"30 mph","osmId":"node/10862729571","role":"average"},"type":"Feature"},{"geometry":{"coordinates":[-4.3633081,55.8072032],"type":"Point"},"properties":{"maxspeed":"30 mph","osmId":"node/10862732788","role":"average"},"type":"Feature"},{"geometry":{"coordinates":[-4.3556588,55.8075667],"type":"Point"},"properties":{"maxspeed":"30 mph","osmId":"node/10862746107","role":"average"},"type":"Feature"},{"geometry":{"coordinates":[-4.3623658,55.8156634],"type":"Point"},"properties":{"maxspeed":"30 mph","osmId":"node/10862751332"},"type":"Feature"},{"geometry":{"coordinates":[-0.1105657,52.5572502],"type":"Point"},"properties":{"maxspeed":"30 mph","osmId":"node/10876493855"},"type":"Feature"},{"geometry":{"coordinates":[-2.2350972,51.7449612],"type":"Point"},"properties":{"maxspeed":"30 mph","osmId":"node/10878122746"},"type":"Feature"},{"geometry":{"coordinates":[-2.2308443,51.7450174],"type":"Point"},"properties":{"maxspeed":"30 mph","osmId":"node/10878122748"},"type":"Feature"},{"geometry":{"coordinates":[-2.7101024,54.0776532],"type":"Point"},"properties":{"osmId":"node/10897276021"},"type":"Feature"},{"geometry":{"coordinates":[-2.7098576,54.0777089],"type":"Point"},"properties":{"osmId":"node/10897276022"},"type":"Feature"},{"geometry":{"coordinates":[-1.5237632,52.7656582],"type":"Point"},"properties":{"maxspeed":"30 mph","osmId":"node/10921509515"},"type":"Feature"},{"geometry":{"coordinates":[-1.5381884,52.7737188],"type":"Point"},"properties":{"maxspeed":"30 mph","osmId":"node/10921759226"},"type":"Feature"},{"geometry":{"coordinates":[-1.542959,52.7792049],"type":"Point"},"properties":{"maxspeed":"30 mph","osmId":"node/10921759227"},"type":"Feature"},{"geometry":{"coordinates":[-1.549623,52.7833383],"type":"Point"},"properties":{"maxspeed":"30 mph","osmId":"node/10921759228"},"type":"Feature"},{"geometry":{"coordinates":[-1.5560195,52.7872793],"type":"Point"},"properties":{"maxspeed":"30 mph","osmId":"node/10921759229"},"type":"Feature"},{"geometry":{"coordinates":[-1.5765142,52.7942106],"type":"Point"},"properties":{"maxspeed":"40 mph","osmId":"node/10921759230"},"type":"Feature"},{"geometry":{"coordinates":[-1.601112,52.8030494],"type":"Point"},"properties":{"maxspeed":"40 mph","osmId":"node/10921759231"},"type":"Feature"},{"geometry":{"coordinates":[-2.5517112,53.7059521],"type":"Point"},"properties":{"maxspeed":"40 mph","osmId":"node/10929667539"},"type":"Feature"},{"geometry":{"coordinates":[-2.5604139,53.7139402],"type":"Point"},"properties":{"osmId":"node/10930233371"},"type":"Feature"},{"geometry":{"coordinates":[-2.5534147,53.7086499],"type":"Point"},"properties":{"osmId":"node/10930233372"},"type":"Feature"},{"geometry":{"coordinates":[-2.1443865,52.4565946],"type":"Point"},"properties":{"maxspeed":"30 mph","osmId":"node/10937831129"},"type":"Feature"},{"geometry":{"coordinates":[-2.1508302,52.4658542],"type":"Point"},"properties":{"maxspeed":"30 mph","osmId":"node/10937831130"},"type":"Feature"},{"geometry":{"coordinates":[-2.6787622,54.0878519],"type":"Point"},"properties":{"osmId":"node/10938161835"},"type":"Feature"},{"geometry":{"coordinates":[-2.6764199,54.0888104],"type":"Point"},"properties":{"osmId":"node/10938161836"},"type":"Feature"},{"geometry":{"coordinates":[-2.6633437,54.0950387],"type":"Point"},"properties":{"osmId":"node/10938161837"},"type":"Feature"},{"geometry":{"coordinates":[-2.6630679,54.0953282],"type":"Point"},"properties":{"osmId":"node/10938161838"},"type":"Feature"},{"geometry":{"coordinates":[-2.6401547,54.1069888],"type":"Point"},"properties":{"osmId":"node/10938161839"},"type":"Feature"},{"geometry":{"coordinates":[-2.6382448,54.1078171],"type":"Point"},"properties":{"osmId":"node/10938161840"},"type":"Feature"},{"geometry":{"coordinates":[-2.637592,54.1147337],"type":"Point"},"properties":{"osmId":"node/10938161841"},"type":"Feature"},{"geometry":{"coordinates":[-2.6351313,54.1188662],"type":"Point"},"properties":{"osmId":"node/10938161842"},"type":"Feature"},{"geometry":{"coordinates":[-2.621768,54.1305892],"type":"Point"},"properties":{"osmId":"node/10938161843"},"type":"Feature"},{"geometry":{"coordinates":[-2.6121694,54.1395942],"type":"Point"},"properties":{"osmId":"node/10938161844"},"type":"Feature"},{"geometry":{"coordinates":[-2.6004172,54.1461616],"type":"Point"},"properties":{"osmId":"node/10938161845"},"type":"Feature"},{"geometry":{"coordinates":[-2.597612,54.1486085],"type":"Point"},"properties":{"osmId":"node/10938161846"},"type":"Feature"},{"geometry":{"coordinates":[-2.6027381,54.1539988],"type":"Point"},"properties":{"osmId":"node/10938161847"},"type":"Feature"},{"geometry":{"coordinates":[-2.602717,54.1555012],"type":"Point"},"properties":{"osmId":"node/10938161848"},"type":"Feature"},{"geometry":{"coordinates":[-2.6004716,54.1570171],"type":"Point"},"properties":{"osmId":"node/10938161849"},"type":"Feature"},{"geometry":{"coordinates":[-2.5993152,54.1595693],"type":"Point"},"properties":{"osmId":"node/10938161850"},"type":"Feature"},{"geometry":{"coordinates":[-2.3971796,53.2928716],"type":"Point"},"properties":{"osmId":"node/10940467623"},"type":"Feature"},{"geometry":{"coordinates":[-4.3625574,56.4401585],"type":"Point"},"properties":{"maxspeed":"60 mph","osmId":"node/10940496888"},"type":"Feature"},{"geometry":{"coordinates":[-4.4410418,56.4194894],"type":"Point"},"properties":{"maxspeed":"60 mph","osmId":"node/10940496889"},"type":"Feature"},{"geometry":{"coordinates":[-4.5241918,56.4129926],"type":"Point"},"properties":{"maxspeed":"60 mph","osmId":"node/10940496890"},"type":"Feature"},{"geometry":{"coordinates":[-4.6105751,56.3909744],"type":"Point"},"properties":{"maxspeed":"60 mph","osmId":"node/10940496891"},"type":"Feature"},{"geometry":{"coordinates":[-2.7888324,53.9937992],"type":"Point"},"properties":{"osmId":"node/10945852703"},"type":"Feature"},{"geometry":{"coordinates":[0.0187869,51.4017164],"type":"Point"},"properties":{"maxspeed":"30 mph","osmId":"node/10950854990"},"type":"Feature"},{"geometry":{"coordinates":[0.0188196,51.4024802],"type":"Point"},"properties":{"maxspeed":"30 mph","osmId":"node/10950854991"},"type":"Feature"},{"geometry":{"coordinates":[-1.2992908,53.2788471],"type":"Point"},"properties":{"maxspeed":"70 mph","osmId":"node/10955618797"},"type":"Feature"},{"geometry":{"coordinates":[-1.2808165,53.323472],"type":"Point"},"properties":{"maxspeed":"70 mph","osmId":"node/10955618798"},"type":"Feature"},{"geometry":{"coordinates":[-1.2862483,53.3523639],"type":"Point"},"properties":{"maxspeed":"70 mph","osmId":"node/10955618799"},"type":"Feature"},{"geometry":{"coordinates":[-1.2809254,53.373495],"type":"Point"},"properties":{"maxspeed":"70 mph","osmId":"node/10955618800"},"type":"Feature"},{"geometry":{"coordinates":[-1.5481929,53.7098244],"type":"Point"},"properties":{"maxspeed":"70 mph","osmId":"node/10955670230"},"type":"Feature"},{"geometry":{"coordinates":[-1.5480386,53.6709197],"type":"Point"},"properties":{"maxspeed":"70 mph","osmId":"node/10955670231"},"type":"Feature"},{"geometry":{"coordinates":[-1.4271792,53.4342224],"type":"Point"},"properties":{"maxspeed":"70 mph","osmId":"node/10955670232"},"type":"Feature"},{"geometry":{"coordinates":[-1.3580542,53.3967621],"type":"Point"},"properties":{"maxspeed":"70 mph","osmId":"node/10955670233"},"type":"Feature"},{"geometry":{"coordinates":[-1.3354273,53.3987795],"type":"Point"},"properties":{"maxspeed":"70 mph","osmId":"node/10955670234"},"type":"Feature"},{"geometry":{"coordinates":[-1.2794066,53.3779028],"type":"Point"},"properties":{"maxspeed":"70 mph","osmId":"node/10955670235"},"type":"Feature"},{"geometry":{"coordinates":[-1.2812739,53.3234538],"type":"Point"},"properties":{"maxspeed":"70 mph","osmId":"node/10955670236"},"type":"Feature"},{"geometry":{"coordinates":[-2.0431722,52.5094587],"type":"Point"},"properties":{"osmId":"node/10956992922"},"type":"Feature"},{"geometry":{"coordinates":[0.503162,51.2821852],"type":"Point"},"properties":{"osmId":"node/10966438709"},"type":"Feature"},{"geometry":{"coordinates":[-0.0103512,51.3480811],"type":"Point"},"properties":{"osmId":"node/10989208783"},"type":"Feature"},{"geometry":{"coordinates":[-0.0098654,51.3478339],"type":"Point"},"properties":{"osmId":"node/10989208784"},"type":"Feature"},{"geometry":{"coordinates":[-2.758407,53.5916363],"type":"Point"},"properties":{"maxspeed":"30 mph","osmId":"node/11010652081"},"type":"Feature"},{"geometry":{"coordinates":[-1.8827031,50.737389],"type":"Point"},"properties":{"maxspeed":"30 mph","osmId":"node/11013619844"},"type":"Feature"},{"geometry":{"coordinates":[-0.5289052,52.1465477],"type":"Point"},"properties":{"maxspeed":"30 mph","osmId":"node/11036067379"},"type":"Feature"},{"geometry":{"coordinates":[-0.5208008,52.1532366],"type":"Point"},"properties":{"maxspeed":"30 mph","osmId":"node/11036067380"},"type":"Feature"},{"geometry":{"coordinates":[-0.5287929,52.1333736],"type":"Point"},"properties":{"maxspeed":"30 mph","osmId":"node/11036067381"},"type":"Feature"},{"geometry":{"coordinates":[-0.5247917,52.1250524],"type":"Point"},"properties":{"maxspeed":"30 mph","osmId":"node/11036067382"},"type":"Feature"},{"geometry":{"coordinates":[-0.4944078,51.3832683],"type":"Point"},"properties":{"osmId":"node/11049639961"},"type":"Feature"},{"geometry":{"coordinates":[-3.2076315,51.4994667],"type":"Point"},"properties":{"maxspeed":"30 mph","osmId":"node/11055748804"},"type":"Feature"},{"geometry":{"coordinates":[-3.2260131,51.521924],"type":"Point"},"properties":{"maxspeed":"30 mph","osmId":"node/11055764005"},"type":"Feature"},{"geometry":{"coordinates":[-3.0247643,53.8282526],"type":"Point"},"properties":{"maxspeed":"30 mph","osmId":"node/11066086931"},"type":"Feature"},{"geometry":{"coordinates":[-3.024956,53.8313594],"type":"Point"},"properties":{"maxspeed":"30 mph","osmId":"node/11066086939"},"type":"Feature"},{"geometry":{"coordinates":[-3.0269037,53.8265244],"type":"Point"},"properties":{"maxspeed":"30 mph","osmId":"node/11066086970"},"type":"Feature"},{"geometry":{"coordinates":[0.3096328,51.6228766],"type":"Point"},"properties":{"maxspeed":"30 mph","osmId":"node/11081795210"},"type":"Feature"},{"geometry":{"coordinates":[-0.8110396,51.4501426],"type":"Point"},"properties":{"maxspeed":"70 mph","osmId":"node/11090540463"},"type":"Feature"},{"geometry":{"coordinates":[-0.7589496,51.4838247],"type":"Point"},"properties":{"osmId":"node/11090560225"},"type":"Feature"},{"geometry":{"coordinates":[-0.7684572,51.4737555],"type":"Point"},"properties":{"osmId":"node/11090568441"},"type":"Feature"},{"geometry":{"coordinates":[-0.7682577,51.4736718],"type":"Point"},"properties":{"osmId":"node/11090568442"},"type":"Feature"},{"geometry":{"coordinates":[-0.8282027,51.4426984],"type":"Point"},"properties":{"maxspeed":"70 mph","osmId":"node/11090570123"},"type":"Feature"},{"geometry":{"coordinates":[-0.7092401,51.4991694],"type":"Point"},"properties":{"maxspeed":"70 mph","osmId":"node/11091932047"},"type":"Feature"},{"geometry":{"coordinates":[-0.6432617,51.5090275],"type":"Point"},"properties":{"maxspeed":"70 mph","osmId":"node/11091958785"},"type":"Feature"},{"geometry":{"coordinates":[-0.6433491,51.508893],"type":"Point"},"properties":{"maxspeed":"70 mph","osmId":"node/11091958786"},"type":"Feature"},{"geometry":{"coordinates":[-0.5153858,51.4928695],"type":"Point"},"properties":{"maxspeed":"70 mph","osmId":"node/11091961275"},"type":"Feature"},{"geometry":{"coordinates":[-0.5154001,51.4932314],"type":"Point"},"properties":{"maxspeed":"70 mph","osmId":"node/11091961276"},"type":"Feature"},{"geometry":{"coordinates":[-0.5811355,51.4914353],"type":"Point"},"properties":{"maxspeed":"70 mph","osmId":"node/11091975611"},"type":"Feature"},{"geometry":{"coordinates":[-0.5799246,51.4902725],"type":"Point"},"properties":{"maxspeed":"70 mph","osmId":"node/11091975612"},"type":"Feature"},{"geometry":{"coordinates":[-0.6980148,51.5013333],"type":"Point"},"properties":{"maxspeed":"70 mph","osmId":"node/11091979865"},"type":"Feature"},{"geometry":{"coordinates":[-1.6155498,53.8234269],"type":"Point"},"properties":{"osmId":"node/11093168944"},"type":"Feature"},{"geometry":{"coordinates":[-1.6237998,53.8267606],"type":"Point"},"properties":{"osmId":"node/11093185729"},"type":"Feature"},{"geometry":{"coordinates":[-2.935843,53.5155076],"type":"Point"},"properties":{"maxspeed":"30 mph","osmId":"node/11105596146"},"type":"Feature"},{"geometry":{"coordinates":[-2.9287906,53.515413],"type":"Point"},"properties":{"maxspeed":"30 mph","osmId":"node/11105603525"},"type":"Feature"},{"geometry":{"coordinates":[-2.6550601,53.5309894],"type":"Point"},"properties":{"maxspeed":"30 mph","osmId":"node/11110848092"},"type":"Feature"},{"geometry":{"coordinates":[-4.1515666,51.6946815],"type":"Point"},"properties":{"maxspeed":"30 mph","osmId":"node/11113790444"},"type":"Feature"},{"geometry":{"coordinates":[-2.112211,53.0210642],"type":"Point"},"properties":{"maxspeed":"40 mph","osmId":"node/11117744765"},"type":"Feature"},{"geometry":{"coordinates":[-2.1270899,53.0227824],"type":"Point"},"properties":{"maxspeed":"30 mph","osmId":"node/11117744831"},"type":"Feature"},{"geometry":{"coordinates":[-2.1446263,53.0246686],"type":"Point"},"properties":{"maxspeed":"30 mph","osmId":"node/11117744856"},"type":"Feature"},{"geometry":{"coordinates":[-1.3411425,50.9352479],"type":"Point"},"properties":{"maxspeed":"70 mph","osmId":"node/11121916023"},"type":"Feature"},{"geometry":{"coordinates":[-1.3801986,50.949223],"type":"Point"},"properties":{"maxspeed":"70 mph","osmId":"node/11121916024"},"type":"Feature"},{"geometry":{"coordinates":[-1.3803431,50.9494996],"type":"Point"},"properties":{"maxspeed":"70 mph","osmId":"node/11121916025"},"type":"Feature"},{"geometry":{"coordinates":[-1.3184896,50.9101758],"type":"Point"},"properties":{"maxspeed":"70 mph","osmId":"node/11121916026"},"type":"Feature"},{"geometry":{"coordinates":[-1.3180459,50.9078083],"type":"Point"},"properties":{"maxspeed":"70 mph","osmId":"node/11121916027"},"type":"Feature"},{"geometry":{"coordinates":[-4.6540163,55.9631273],"type":"Point"},"properties":{"maxspeed":"30 mph","osmId":"node/11138707615"},"type":"Feature"},{"geometry":{"coordinates":[-0.9927003,51.5755367],"type":"Point"},"properties":{"maxspeed":"20 mph","osmId":"node/11139785094"},"type":"Feature"},{"geometry":{"coordinates":[-1.3198249,51.6262028],"type":"Point"},"properties":{"maxspeed":"30 mph","osmId":"node/11139793989"},"type":"Feature"},{"geometry":{"coordinates":[-2.1366613,50.8322159],"type":"Point"},"properties":{"osmId":"node/11147713008"},"type":"Feature"},{"geometry":{"coordinates":[-2.1242884,50.8199957],"type":"Point"},"properties":{"osmId":"node/11147722460"},"type":"Feature"},{"geometry":{"coordinates":[-0.1702977,51.3856583],"type":"Point"},"properties":{"maxspeed":"30 mph","osmId":"node/11155498001"},"type":"Feature"},{"geometry":{"coordinates":[-0.1564448,51.3815284],"type":"Point"},"properties":{"maxspeed":"30 mph","osmId":"node/11155534262"},"type":"Feature"},{"geometry":{"coordinates":[-0.1198686,51.3763142],"type":"Point"},"properties":{"maxspeed":"30 mph","osmId":"node/11155607277"},"type":"Feature"},{"geometry":{"coordinates":[-0.1172353,51.3597379],"type":"Point"},"properties":{"maxspeed":"30 mph","osmId":"node/11155607278"},"type":"Feature"},{"geometry":{"coordinates":[-0.1158253,51.3541642],"type":"Point"},"properties":{"maxspeed":"40 mph","osmId":"node/11155607293"},"type":"Feature"},{"geometry":{"coordinates":[-0.1156246,51.354072],"type":"Point"},"properties":{"maxspeed":"40 mph","osmId":"node/11155676715"},"type":"Feature"},{"geometry":{"coordinates":[-0.1166153,51.3415639],"type":"Point"},"properties":{"maxspeed":"40 mph","osmId":"node/11155676716"},"type":"Feature"},{"geometry":{"coordinates":[-1.9661948,52.5101825],"type":"Point"},"properties":{"osmId":"node/11159932315"},"type":"Feature"},{"geometry":{"coordinates":[-3.1809293,51.5041053],"type":"Point"},"properties":{"maxspeed":"40 mph","osmId":"node/11175001852"},"type":"Feature"},{"geometry":{"coordinates":[-1.6826673,52.6090412],"type":"Point"},"properties":{"maxspeed":"30 mph","osmId":"node/11184337972"},"type":"Feature"},{"geometry":{"coordinates":[-1.684062,52.6047608],"type":"Point"},"properties":{"maxspeed":"30 mph","osmId":"node/11184337973"},"type":"Feature"},{"geometry":{"coordinates":[-1.6835812,52.6018105],"type":"Point"},"properties":{"maxspeed":"30 mph","osmId":"node/11184337974"},"type":"Feature"},{"geometry":{"coordinates":[-1.6842213,52.5988147],"type":"Point"},"properties":{"maxspeed":"30 mph","osmId":"node/11184337975"},"type":"Feature"},{"geometry":{"coordinates":[-1.685081,52.5974646],"type":"Point"},"properties":{"maxspeed":"30 mph","osmId":"node/11184337976"},"type":"Feature"},{"geometry":{"coordinates":[-1.7792212,52.3570073],"type":"Point"},"properties":{"maxspeed":"30 mph","osmId":"node/11184419261"},"type":"Feature"},{"geometry":{"coordinates":[-2.9611842,53.7857719],"type":"Point"},"properties":{"maxspeed":"50 mph","osmId":"node/11209096105"},"type":"Feature"},{"geometry":{"coordinates":[-2.9956195,53.8025436],"type":"Point"},"properties":{"maxspeed":"30 mph","osmId":"node/11209117841"},"type":"Feature"},{"geometry":{"coordinates":[-3.0013811,53.802787],"type":"Point"},"properties":{"maxspeed":"30 mph","osmId":"node/11209117849"},"type":"Feature"},{"geometry":{"coordinates":[-2.9907153,53.8005978],"type":"Point"},"properties":{"maxspeed":"40 mph","osmId":"node/11209117858"},"type":"Feature"},{"geometry":{"coordinates":[-2.987383,53.7981972],"type":"Point"},"properties":{"maxspeed":"40 mph","osmId":"node/11209117866"},"type":"Feature"},{"geometry":{"coordinates":[-0.4073234,51.6766939],"type":"Point"},"properties":{"osmId":"node/11222615322"},"type":"Feature"},{"geometry":{"coordinates":[-0.4055491,51.6758613],"type":"Point"},"properties":{"osmId":"node/11222615839"},"type":"Feature"},{"geometry":{"coordinates":[-0.2278509,51.5057775],"type":"Point"},"properties":{"osmId":"node/11229727340"},"type":"Feature"},{"geometry":{"coordinates":[-3.4021114,55.9387981],"type":"Point"},"properties":{"maxspeed":"50 mph","osmId":"node/11248478280"},"type":"Feature"},{"geometry":{"coordinates":[-3.4020295,55.9395825],"type":"Point"},"properties":{"maxspeed":"50 mph","osmId":"node/11248478281"},"type":"Feature"},{"geometry":{"coordinates":[-2.0479465,53.0893913],"type":"Point"},"properties":{"maxspeed":"40 mph","osmId":"node/11261266900"},"type":"Feature"},{"geometry":{"coordinates":[-2.1154951,53.0729468],"type":"Point"},"properties":{"maxspeed":"30 mph","osmId":"node/11261266901"},"type":"Feature"},{"geometry":{"coordinates":[-2.8010394,54.0593305],"type":"Point"},"properties":{"maxspeed":"30 mph","osmId":"node/11266673383"},"type":"Feature"},{"geometry":{"coordinates":[-2.1411245,53.420658],"type":"Point"},"properties":{"maxspeed":"30 mph","osmId":"node/11282431875"},"type":"Feature"},{"geometry":{"coordinates":[0.8307177,51.4172559],"type":"Point"},"properties":{"maxspeed":"30 mph","osmId":"node/11284526486"},"type":"Feature"},{"geometry":{"coordinates":[-2.8796764,53.2197005],"type":"Point"},"properties":{"maxspeed":"30 mph","osmId":"node/11289475395"},"type":"Feature"},{"geometry":{"coordinates":[-1.842211,53.6886107],"type":"Point"},"properties":{"maxspeed":"50 mph","osmId":"node/11289935322"},"type":"Feature"},{"geometry":{"coordinates":[-1.8242369,53.6810485],"type":"Point"},"properties":{"maxspeed":"50 mph","osmId":"node/11289935328"},"type":"Feature"},{"geometry":{"coordinates":[-1.8253968,53.6820778],"type":"Point"},"properties":{"osmId":"node/11289935331"},"type":"Feature"},{"geometry":{"coordinates":[-1.6013539,55.1475927],"type":"Point"},"properties":{"osmId":"node/11299432519"},"type":"Feature"},{"geometry":{"coordinates":[-4.049201,55.8233029],"type":"Point"},"properties":{"maxspeed":"30 mph","osmId":"node/11302840395"},"type":"Feature"},{"geometry":{"coordinates":[-1.4656615,52.5358874],"type":"Point"},"properties":{"maxspeed":"30 mph","osmId":"node/11318442418"},"type":"Feature"},{"geometry":{"coordinates":[-0.8214898,53.3768779],"type":"Point"},"properties":{"maxspeed":"50 mph","osmId":"node/11323211250"},"type":"Feature"},{"geometry":{"coordinates":[-0.8540453,53.3656337],"type":"Point"},"properties":{"maxspeed":"50 mph","osmId":"node/11323236149"},"type":"Feature"},{"geometry":{"coordinates":[-0.8675362,53.3631458],"type":"Point"},"properties":{"maxspeed":"50 mph","osmId":"node/11323236150"},"type":"Feature"},{"geometry":{"coordinates":[-0.8992829,53.3475829],"type":"Point"},"properties":{"maxspeed":"50 mph","osmId":"node/11323236151"},"type":"Feature"},{"geometry":{"coordinates":[-0.8992405,53.3475895],"type":"Point"},"properties":{"maxspeed":"50 mph","osmId":"node/11323236152"},"type":"Feature"},{"geometry":{"coordinates":[-2.2416402,51.8162484],"type":"Point"},"properties":{"maxspeed":"50 mph","osmId":"node/11327789186"},"type":"Feature"},{"geometry":{"coordinates":[-2.8023783,54.034107],"type":"Point"},"properties":{"osmId":"node/11336772158"},"type":"Feature"},{"geometry":{"coordinates":[-2.7951092,54.02301],"type":"Point"},"properties":{"osmId":"node/11336772159"},"type":"Feature"},{"geometry":{"coordinates":[-0.2605669,51.5518232],"type":"Point"},"properties":{"osmId":"node/11339584457"},"type":"Feature"},{"geometry":{"coordinates":[-2.8473627,53.1945692],"type":"Point"},"properties":{"maxspeed":"40 mph","osmId":"node/11347359659","role":"traffic_signals"},"type":"Feature"},{"geometry":{"coordinates":[-1.0621876,51.3963855],"type":"Point"},"properties":{"maxspeed":"30 mph","osmId":"node/11352119503"},"type":"Feature"},{"geometry":{"coordinates":[-1.0596669,51.3975556],"type":"Point"},"properties":{"maxspeed":"30 mph","osmId":"node/11352119504"},"type":"Feature"},{"geometry":{"coordinates":[-1.004246,51.4614115],"type":"Point"},"properties":{"maxspeed":"30 mph","osmId":"node/11352141096"},"type":"Feature"},{"geometry":{"coordinates":[-0.9696198,51.4497174],"type":"Point"},"properties":{"osmId":"node/11352197644"},"type":"Feature"},{"geometry":{"coordinates":[-0.9675305,51.44766],"type":"Point"},"properties":{"maxspeed":"30 mph","osmId":"node/11352197645"},"type":"Feature"},{"geometry":{"coordinates":[-4.299062,55.9482461],"type":"Point"},"properties":{"maxspeed":"30 mph","osmId":"node/11355846723"},"type":"Feature"},{"geometry":{"coordinates":[-1.5751347,54.9576973],"type":"Point"},"properties":{"osmId":"node/11362005578"},"type":"Feature"},{"geometry":{"coordinates":[-2.849033,53.1864567],"type":"Point"},"properties":{"maxspeed":"30 mph","osmId":"node/11372287254","role":"average"},"type":"Feature"},{"geometry":{"coordinates":[-2.8215087,53.170219],"type":"Point"},"properties":{"maxspeed":"40 mph","osmId":"node/11372287255","role":"average"},"type":"Feature"},{"geometry":{"coordinates":[-2.8394381,53.181492],"type":"Point"},"properties":{"maxspeed":"30 mph","osmId":"node/11372287256","role":"average"},"type":"Feature"},{"geometry":{"coordinates":[-2.8378774,53.1803446],"type":"Point"},"properties":{"maxspeed":"40 mph","osmId":"node/11372287257","role":"average"},"type":"Feature"},{"geometry":{"coordinates":[-2.5821571,53.699925],"type":"Point"},"properties":{"maxspeed":"30 mph","osmId":"node/11372394015"},"type":"Feature"},{"geometry":{"coordinates":[-4.7330001,55.9397982],"type":"Point"},"properties":{"maxspeed":"20 mph","osmId":"node/11374318962"},"type":"Feature"},{"geometry":{"coordinates":[-4.7330999,55.9400884],"type":"Point"},"properties":{"maxspeed":"20 mph","osmId":"node/11374318963"},"type":"Feature"},{"geometry":{"coordinates":[-0.1699975,51.2129443],"type":"Point"},"properties":{"maxspeed":"30 mph","osmId":"node/11379955527"},"type":"Feature"},{"geometry":{"coordinates":[-0.1699038,51.2129511],"type":"Point"},"properties":{"maxspeed":"30 mph","osmId":"node/11379955528"},"type":"Feature"},{"geometry":{"coordinates":[-0.8138545,52.1252314],"type":"Point"},"properties":{"maxspeed":"70 mph","osmId":"node/11384829509"},"type":"Feature"},{"geometry":{"coordinates":[-0.8133128,52.124669],"type":"Point"},"properties":{"maxspeed":"70 mph","osmId":"node/11384829510"},"type":"Feature"},{"geometry":{"coordinates":[-1.3596719,53.2643176],"type":"Point"},"properties":{"maxspeed":"30 mph","osmId":"node/11399209257"},"type":"Feature"},{"geometry":{"coordinates":[-0.7227336,52.5143733],"type":"Point"},"properties":{"maxspeed":"30 mph","osmId":"node/11432947138"},"type":"Feature"},{"geometry":{"coordinates":[-1.244801,52.6705365],"type":"Point"},"properties":{"maxspeed":"40 mph","osmId":"node/11432947139"},"type":"Feature"},{"geometry":{"coordinates":[-0.1871733,52.2975024],"type":"Point"},"properties":{"maxspeed":"70 mph","osmId":"node/11433110647"},"type":"Feature"},{"geometry":{"coordinates":[-0.2284933,52.3016862],"type":"Point"},"properties":{"maxspeed":"70 mph","osmId":"node/11433110648"},"type":"Feature"},{"geometry":{"coordinates":[-1.4691293,52.4519112],"type":"Point"},"properties":{"maxspeed":"70 mph","osmId":"node/11433110649"},"type":"Feature"},{"geometry":{"coordinates":[-1.5234301,52.4688314],"type":"Point"},"properties":{"maxspeed":"70 mph","osmId":"node/11433110650"},"type":"Feature"},{"geometry":{"coordinates":[-1.6138815,52.4675591],"type":"Point"},"properties":{"maxspeed":"70 mph","osmId":"node/11433110651"},"type":"Feature"},{"geometry":{"coordinates":[-2.5364566,51.5341854],"type":"Point"},"properties":{"maxspeed":"70 mph","osmId":"node/11433120990"},"type":"Feature"},{"geometry":{"coordinates":[-1.6745848,52.4748863],"type":"Point"},"properties":{"maxspeed":"70 mph","osmId":"node/11435772975"},"type":"Feature"},{"geometry":{"coordinates":[-1.5580655,52.471199],"type":"Point"},"properties":{"maxspeed":"70 mph","osmId":"node/11435772976"},"type":"Feature"},{"geometry":{"coordinates":[-1.5087081,52.4665589],"type":"Point"},"properties":{"maxspeed":"70 mph","osmId":"node/11435772977"},"type":"Feature"},{"geometry":{"coordinates":[-1.4451425,52.4415406],"type":"Point"},"properties":{"maxspeed":"70 mph","osmId":"node/11435772978"},"type":"Feature"},{"geometry":{"coordinates":[-0.2287498,52.301496],"type":"Point"},"properties":{"maxspeed":"70 mph","osmId":"node/11435772979"},"type":"Feature"},{"geometry":{"coordinates":[-0.1632465,52.2935152],"type":"Point"},"properties":{"maxspeed":"70 mph","osmId":"node/11435772980"},"type":"Feature"},{"geometry":{"coordinates":[-0.0776232,52.2896333],"type":"Point"},"properties":{"maxspeed":"70 mph","osmId":"node/11435772981"},"type":"Feature"},{"geometry":{"coordinates":[0.0401877,52.2494263],"type":"Point"},"properties":{"maxspeed":"70 mph","osmId":"node/11435772982"},"type":"Feature"},{"geometry":{"coordinates":[1.1993343,52.6605703],"type":"Point"},"properties":{"maxspeed":"20 mph","osmId":"node/11491760369"},"type":"Feature"},{"geometry":{"coordinates":[1.2025946,52.6590036],"type":"Point"},"properties":{"maxspeed":"20 mph","osmId":"node/11491760371"},"type":"Feature"},{"geometry":{"coordinates":[-4.584146,55.4718172],"type":"Point"},"properties":{"maxspeed":"60 mph","osmId":"node/11497891464","role":"average"},"type":"Feature"},{"geometry":{"coordinates":[-4.5943019,55.4567055],"type":"Point"},"properties":{"maxspeed":"60 mph","osmId":"node/11497891465","role":"average"},"type":"Feature"},{"geometry":{"coordinates":[-4.5945873,55.4567615],"type":"Point"},"properties":{"maxspeed":"60 mph","osmId":"node/11497891466","role":"average"},"type":"Feature"},{"geometry":{"coordinates":[-4.5957611,55.4543024],"type":"Point"},"properties":{"maxspeed":"60 mph","osmId":"node/11498244299","role":"average"},"type":"Feature"},{"geometry":{"coordinates":[-4.60159,55.4405053],"type":"Point"},"properties":{"maxspeed":"60 mph","osmId":"node/11498244300","role":"average"},"type":"Feature"},{"geometry":{"coordinates":[-4.6067242,55.4366085],"type":"Point"},"properties":{"maxspeed":"60 mph","osmId":"node/11498244301","role":"average"},"type":"Feature"},{"geometry":{"coordinates":[-4.6162207,55.421871],"type":"Point"},"properties":{"maxspeed":"60 mph","osmId":"node/11498244302","role":"average"},"type":"Feature"},{"geometry":{"coordinates":[-4.6359957,55.3955141],"type":"Point"},"properties":{"maxspeed":"60 mph","osmId":"node/11498244303","role":"average"},"type":"Feature"},{"geometry":{"coordinates":[-4.6432581,55.3877941],"type":"Point"},"properties":{"maxspeed":"60 mph","osmId":"node/11498244304","role":"average"},"type":"Feature"},{"geometry":{"coordinates":[-4.7057117,55.3467791],"type":"Point"},"properties":{"maxspeed":"60 mph","osmId":"node/11498244305","role":"average"},"type":"Feature"},{"geometry":{"coordinates":[-4.7669859,55.3315433],"type":"Point"},"properties":{"maxspeed":"60 mph","osmId":"node/11498244306","role":"average"},"type":"Feature"},{"geometry":{"coordinates":[-4.7803144,55.3285859],"type":"Point"},"properties":{"maxspeed":"60 mph","osmId":"node/11498244307","role":"average"},"type":"Feature"},{"geometry":{"coordinates":[-2.7951786,54.0255015],"type":"Point"},"properties":{"osmId":"node/11528593414"},"type":"Feature"},{"geometry":{"coordinates":[-1.6462085,53.5763211],"type":"Point"},"properties":{"maxspeed":"30 mph","osmId":"node/11539253787"},"type":"Feature"},{"geometry":{"coordinates":[-2.4698983,52.711288],"type":"Point"},"properties":{"maxspeed":"30 mph","osmId":"node/11542860861"},"type":"Feature"},{"geometry":{"coordinates":[-2.4701747,52.7108359],"type":"Point"},"properties":{"maxspeed":"30 mph","osmId":"node/11542900418"},"type":"Feature"},{"geometry":{"coordinates":[-1.7969935,55.3056811],"type":"Point"},"properties":{"maxspeed":"30 mph","osmId":"node/11549937584"},"type":"Feature"},{"geometry":{"coordinates":[-2.2367937,53.0285905],"type":"Point"},"properties":{"maxspeed":"40 mph","osmId":"node/11556253056"},"type":"Feature"},{"geometry":{"coordinates":[-2.2369509,53.0285541],"type":"Point"},"properties":{"maxspeed":"40 mph","osmId":"node/11556253057"},"type":"Feature"},{"geometry":{"coordinates":[-3.6635616,51.5107711],"type":"Point"},"properties":{"osmId":"node/11568914245"},"type":"Feature"},{"geometry":{"coordinates":[-3.6675426,51.5123382],"type":"Point"},"properties":{"osmId":"node/11568914248"},"type":"Feature"},{"geometry":{"coordinates":[-0.5796403,51.9266195],"type":"Point"},"properties":{"maxspeed":"30 mph","osmId":"node/11592903612","role":"average"},"type":"Feature"},{"geometry":{"coordinates":[-0.5853769,51.9302805],"type":"Point"},"properties":{"maxspeed":"30 mph","osmId":"node/11592903613","role":"average"},"type":"Feature"},{"geometry":{"coordinates":[-0.5905556,51.9338053],"type":"Point"},"properties":{"maxspeed":"30 mph","osmId":"node/11599533311","role":"average"},"type":"Feature"},{"geometry":{"coordinates":[-0.5877071,51.9320308],"type":"Point"},"properties":{"maxspeed":"30 mph","osmId":"node/11599533312","role":"average"},"type":"Feature"},{"geometry":{"coordinates":[-2.0829992,52.866925],"type":"Point"},"properties":{"maxspeed":"40 mph","osmId":"node/11623711637"},"type":"Feature"},{"geometry":{"coordinates":[-2.0790031,52.8634675],"type":"Point"},"properties":{"maxspeed":"40 mph","osmId":"node/11623711638"},"type":"Feature"},{"geometry":{"coordinates":[-2.0768386,52.8598026],"type":"Point"},"properties":{"maxspeed":"40 mph","osmId":"node/11623711641"},"type":"Feature"},{"geometry":{"coordinates":[-2.0732255,52.7882521],"type":"Point"},"properties":{"maxspeed":"30 mph","osmId":"node/11623876675"},"type":"Feature"},{"geometry":{"coordinates":[-0.3356255,52.1295855],"type":"Point"},"properties":{"osmId":"node/11638866095"},"type":"Feature"},{"geometry":{"coordinates":[-2.1080141,52.5177029],"type":"Point"},"properties":{"osmId":"node/11645330192"},"type":"Feature"},{"geometry":{"coordinates":[-3.011644,53.4654415],"type":"Point"},"properties":{"maxspeed":"40 mph","osmId":"node/11654895259"},"type":"Feature"},{"geometry":{"coordinates":[-3.010482,53.4654571],"type":"Point"},"properties":{"maxspeed":"40 mph","osmId":"node/11654895262"},"type":"Feature"},{"geometry":{"coordinates":[-2.5552541,53.525941],"type":"Point"},"properties":{"maxspeed":"30 mph","osmId":"node/11663401230"},"type":"Feature"},{"geometry":{"coordinates":[-0.9248417,51.4207803],"type":"Point"},"properties":{"maxspeed":"70 mph","osmId":"node/11687813433"},"type":"Feature"},{"geometry":{"coordinates":[-0.9248523,51.4204255],"type":"Point"},"properties":{"maxspeed":"70 mph","osmId":"node/11687813434"},"type":"Feature"},{"geometry":{"coordinates":[-2.2235723,53.8320038],"type":"Point"},"properties":{"maxspeed":"30 mph","osmId":"node/11698813175"},"type":"Feature"},{"geometry":{"coordinates":[-1.1324744,52.6263272],"type":"Point"},"properties":{"maxspeed":"30 mph","osmId":"node/11700326643"},"type":"Feature"},{"geometry":{"coordinates":[-1.1327355,52.6265085],"type":"Point"},"properties":{"maxspeed":"30 mph","osmId":"node/11700353383"},"type":"Feature"},{"geometry":{"coordinates":[-1.1408376,52.6445552],"type":"Point"},"properties":{"osmId":"node/11700415817"},"type":"Feature"},{"geometry":{"coordinates":[-1.1081421,52.6670977],"type":"Point"},"properties":{"maxspeed":"30 mph","osmId":"node/11700483722"},"type":"Feature"},{"geometry":{"coordinates":[-0.0244138,51.6855556],"type":"Point"},"properties":{"osmId":"node/11709018767"},"type":"Feature"},{"geometry":{"coordinates":[-2.8242675,53.2683154],"type":"Point"},"properties":{"maxspeed":"70 mph","osmId":"node/11727248809"},"type":"Feature"},{"geometry":{"coordinates":[-1.562075,55.1414873],"type":"Point"},"properties":{"osmId":"node/11736707036"},"type":"Feature"},{"geometry":{"coordinates":[-2.9939092,53.2292693],"type":"Point"},"properties":{"maxspeed":"50 mph","osmId":"node/11739473992","role":"average"},"type":"Feature"},{"geometry":{"coordinates":[-2.8649487,53.2043816],"type":"Point"},"properties":{"maxspeed":"30 mph","osmId":"node/11741939324"},"type":"Feature"},{"geometry":{"coordinates":[-2.8954122,53.216788],"type":"Point"},"properties":{"maxspeed":"40 mph","osmId":"node/11741939325"},"type":"Feature"},{"geometry":{"coordinates":[-2.8954165,53.2220525],"type":"Point"},"properties":{"maxspeed":"40 mph","osmId":"node/11741939328"},"type":"Feature"},{"geometry":{"coordinates":[-2.6615927,53.1201732],"type":"Point"},"properties":{"maxspeed":"30 mph","osmId":"node/11786394606"},"type":"Feature"},{"geometry":{"coordinates":[-2.6616523,53.1201448],"type":"Point"},"properties":{"osmId":"node/11786394607"},"type":"Feature"},{"geometry":{"coordinates":[-3.1499314,55.9550631],"type":"Point"},"properties":{"osmId":"node/11799448919"},"type":"Feature"},{"geometry":{"coordinates":[-2.7731895,51.3938931],"type":"Point"},"properties":{"osmId":"node/11820201136"},"type":"Feature"},{"geometry":{"coordinates":[-3.8414432,55.7387382],"type":"Point"},"properties":{"maxspeed":"30 mph","osmId":"node/11821864361"},"type":"Feature"},{"geometry":{"coordinates":[-2.7605472,54.0717838],"type":"Point"},"properties":{"osmId":"node/11825131603"},"type":"Feature"},{"geometry":{"coordinates":[-2.7386173,54.0751961],"type":"Point"},"properties":{"osmId":"node/11825131604"},"type":"Feature"},{"geometry":{"coordinates":[-2.727501,54.074585],"type":"Point"},"properties":{"osmId":"node/11825131605"},"type":"Feature"},{"geometry":{"coordinates":[-2.7182915,54.0760499],"type":"Point"},"properties":{"osmId":"node/11825131606"},"type":"Feature"},{"geometry":{"coordinates":[-2.6895091,54.0837938],"type":"Point"},"properties":{"osmId":"node/11825131607"},"type":"Feature"},{"geometry":{"coordinates":[-2.595153,54.1683047],"type":"Point"},"properties":{"osmId":"node/11825144515"},"type":"Feature"},{"geometry":{"coordinates":[-2.5942523,54.1704505],"type":"Point"},"properties":{"osmId":"node/11825144516"},"type":"Feature"},{"geometry":{"coordinates":[-2.5921164,54.1789068],"type":"Point"},"properties":{"osmId":"node/11825144517"},"type":"Feature"},{"geometry":{"coordinates":[-2.5883622,54.1932314],"type":"Point"},"properties":{"osmId":"node/11825144518"},"type":"Feature"},{"geometry":{"coordinates":[-0.6562734,51.9392618],"type":"Point"},"properties":{"osmId":"node/11829400857"},"type":"Feature"},{"geometry":{"coordinates":[-3.1983215,55.8500166],"type":"Point"},"properties":{"maxspeed":"30 mph","osmId":"node/11830358188"},"type":"Feature"},{"geometry":{"coordinates":[-2.7953671,54.0285154],"type":"Point"},"properties":{"osmId":"node/11835798007"},"type":"Feature"},{"geometry":{"coordinates":[-2.1143508,52.7802669],"type":"Point"},"properties":{"osmId":"node/11849765437"},"type":"Feature"},{"geometry":{"coordinates":[-2.1136931,52.7785183],"type":"Point"},"properties":{"maxspeed":"30 mph","osmId":"node/11849849678"},"type":"Feature"},{"geometry":{"coordinates":[-2.142651,52.7957094],"type":"Point"},"properties":{"maxspeed":"30 mph","osmId":"node/11849880894"},"type":"Feature"},{"geometry":{"coordinates":[-2.6227,53.6612845],"type":"Point"},"properties":{"osmId":"node/11922523454"},"type":"Feature"},{"geometry":{"coordinates":[1.6835817,49.9848465],"type":"Point"},"properties":{"maxspeed":"130","osmId":"node/11945973317"},"type":"Feature"},{"geometry":{"coordinates":[0.0547492,51.685319],"type":"Point"},"properties":{"maxspeed":"70 mph","osmId":"node/11946012228"},"type":"Feature"},{"geometry":{"coordinates":[0.021521,51.6778667],"type":"Point"},"properties":{"maxspeed":"70 mph","osmId":"node/11946012230"},"type":"Feature"},{"geometry":{"coordinates":[-0.7928381,52.1124187],"type":"Point"},"properties":{"maxspeed":"70 mph","osmId":"node/11946012234"},"type":"Feature"},{"geometry":{"coordinates":[-0.8472883,52.1541346],"type":"Point"},"properties":{"maxspeed":"70 mph","osmId":"node/11946012237"},"type":"Feature"},{"geometry":{"coordinates":[-0.9322218,52.2061813],"type":"Point"},"properties":{"maxspeed":"70 mph","osmId":"node/11946012240"},"type":"Feature"},{"geometry":{"coordinates":[-0.9564711,52.2134139],"type":"Point"},"properties":{"maxspeed":"70 mph","osmId":"node/11946012242"},"type":"Feature"},{"geometry":{"coordinates":[-1.069616,52.2501804],"type":"Point"},"properties":{"maxspeed":"70 mph","osmId":"node/11946012245"},"type":"Feature"},{"geometry":{"coordinates":[-0.0809221,51.5796348],"type":"Point"},"properties":{"osmId":"node/11946062021"},"type":"Feature"},{"geometry":{"coordinates":[-0.0895818,51.5730006],"type":"Point"},"properties":{"maxspeed":"20 mph","osmId":"node/11950441240"},"type":"Feature"},{"geometry":{"coordinates":[-0.0900939,51.5726027],"type":"Point"},"properties":{"maxspeed":"20 mph","osmId":"node/11950441251"},"type":"Feature"},{"geometry":{"coordinates":[-0.0700585,51.5463245],"type":"Point"},"properties":{"osmId":"node/11963166922"},"type":"Feature"},{"geometry":{"coordinates":[-2.6587671,53.6251191],"type":"Point"},"properties":{"maxspeed":"30 mph","osmId":"node/11982686474"},"type":"Feature"},{"geometry":{"coordinates":[-6.1497643,53.3821803],"type":"Point"},"properties":{"osmId":"node/11987289576"},"type":"Feature"},{"geometry":{"coordinates":[1.8626295,50.0943142],"type":"Point"},"properties":{"maxspeed":"80","osmId":"node/12006665488"},"type":"Feature"},{"geometry":{"coordinates":[-2.3270983,52.1534894],"type":"Point"},"properties":{"osmId":"node/12007501485"},"type":"Feature"},{"geometry":{"coordinates":[-2.1175935,52.7877447],"type":"Point"},"properties":{"osmId":"node/12014493498"},"type":"Feature"},{"geometry":{"coordinates":[-0.1340871,52.5507644],"type":"Point"},"properties":{"osmId":"node/12037510037"},"type":"Feature"},{"geometry":{"coordinates":[-0.1337863,52.5510329],"type":"Point"},"properties":{"osmId":"node/12037510038"},"type":"Feature"},{"geometry":{"coordinates":[-0.3401852,50.9924957],"type":"Point"},"properties":{"osmId":"node/12046779993"},"type":"Feature"},{"geometry":{"coordinates":[-0.3420963,50.9817078],"type":"Point"},"properties":{"maxspeed":"60 mph","osmId":"node/12046780008"},"type":"Feature"},{"geometry":{"coordinates":[-0.3429104,50.9790549],"type":"Point"},"properties":{"maxspeed":"60 mph","osmId":"node/12046780024"},"type":"Feature"},{"geometry":{"coordinates":[1.2906693,51.3631673],"type":"Point"},"properties":{"osmId":"node/12054003735"},"type":"Feature"},{"geometry":{"coordinates":[-3.8363156,51.863475],"type":"Point"},"properties":{"maxspeed":"40 mph","osmId":"node/12055963846","role":"average"},"type":"Feature"},{"geometry":{"coordinates":[-3.8422255,51.8525231],"type":"Point"},"properties":{"maxspeed":"40 mph","osmId":"node/12055963848","role":"average"},"type":"Feature"},{"geometry":{"coordinates":[-3.858693,51.8296301],"type":"Point"},"properties":{"maxspeed":"40 mph","osmId":"node/12055963849","role":"average"},"type":"Feature"},{"geometry":{"coordinates":[-3.8580046,51.8203802],"type":"Point"},"properties":{"maxspeed":"40 mph","osmId":"node/12055963850","role":"average"},"type":"Feature"},{"geometry":{"coordinates":[-0.7494583,51.4000775],"type":"Point"},"properties":{"maxspeed":"30 mph","osmId":"node/12057406372"},"type":"Feature"},{"geometry":{"coordinates":[-1.0722801,51.03122],"type":"Point"},"properties":{"osmId":"node/12060279548"},"type":"Feature"},{"geometry":{"coordinates":[-1.0605723,51.0306364],"type":"Point"},"properties":{"osmId":"node/12060279549"},"type":"Feature"},{"geometry":{"coordinates":[-1.0563585,51.0305217],"type":"Point"},"properties":{"osmId":"node/12060279550"},"type":"Feature"},{"geometry":{"coordinates":[-1.0352469,51.031495],"type":"Point"},"properties":{"osmId":"node/12060279551"},"type":"Feature"},{"geometry":{"coordinates":[-1.0156252,51.0174627],"type":"Point"},"properties":{"osmId":"node/12060279552"},"type":"Feature"},{"geometry":{"coordinates":[-4.1166346,50.3829783],"type":"Point"},"properties":{"maxspeed":"20 mph","osmId":"node/12064443398"},"type":"Feature"},{"geometry":{"coordinates":[-4.1161306,50.3835155],"type":"Point"},"properties":{"maxspeed":"20 mph","osmId":"node/12064443399"},"type":"Feature"},{"geometry":{"coordinates":[-4.1072104,50.3838872],"type":"Point"},"properties":{"maxspeed":"20 mph","osmId":"node/12064443401"},"type":"Feature"},{"geometry":{"coordinates":[-4.1035363,50.3851038],"type":"Point"},"properties":{"maxspeed":"20 mph","osmId":"node/12064443402"},"type":"Feature"},{"geometry":{"coordinates":[-0.4833269,51.2251085],"type":"Point"},"properties":{"osmId":"node/12077184552"},"type":"Feature"},{"geometry":{"coordinates":[-0.4833592,51.2250196],"type":"Point"},"properties":{"osmId":"node/12077184553"},"type":"Feature"},{"geometry":{"coordinates":[-0.5054955,51.2328315],"type":"Point"},"properties":{"osmId":"node/12077184554"},"type":"Feature"},{"geometry":{"coordinates":[1.3291868,52.6108998],"type":"Point"},"properties":{"maxspeed":"70 mph","osmId":"node/12098369525"},"type":"Feature"},{"geometry":{"coordinates":[1.3524865,52.6192579],"type":"Point"},"properties":{"maxspeed":"70 mph","osmId":"node/12098612262"},"type":"Feature"},{"geometry":{"coordinates":[1.3452807,52.6779514],"type":"Point"},"properties":{"maxspeed":"70 mph","osmId":"node/12098701023"},"type":"Feature"},{"geometry":{"coordinates":[1.0570418,52.5338588],"type":"Point"},"properties":{"maxspeed":"70 mph","osmId":"node/12098806756"},"type":"Feature"},{"geometry":{"coordinates":[-0.7512924,51.3994063],"type":"Point"},"properties":{"maxspeed":"30 mph","osmId":"node/12099305412"},"type":"Feature"},{"geometry":{"coordinates":[-2.3939803,51.8699587],"type":"Point"},"properties":{"osmId":"node/12104211225"},"type":"Feature"},{"geometry":{"coordinates":[0.484997,52.8087251],"type":"Point"},"properties":{"maxspeed":"50 mph","osmId":"node/12105780539"},"type":"Feature"},{"geometry":{"coordinates":[0.484816,52.8092123],"type":"Point"},"properties":{"maxspeed":"60 mph","osmId":"node/12105780540"},"type":"Feature"},{"geometry":{"coordinates":[0.0117772,51.5769028],"type":"Point"},"properties":{"osmId":"node/12106009362"},"type":"Feature"},{"geometry":{"coordinates":[1.1453032,52.5791681],"type":"Point"},"properties":{"maxspeed":"70 mph","osmId":"node/12107990738"},"type":"Feature"},{"geometry":{"coordinates":[0.931841,52.467327],"type":"Point"},"properties":{"maxspeed":"70 mph","osmId":"node/12107991116"},"type":"Feature"},{"geometry":{"coordinates":[1.2083191,52.6186204],"type":"Point"},"properties":{"maxspeed":"70 mph","osmId":"node/12108019416"},"type":"Feature"},{"geometry":{"coordinates":[0.7122284,52.6520854],"type":"Point"},"properties":{"maxspeed":"60 mph","osmId":"node/12108093979"},"type":"Feature"},{"geometry":{"coordinates":[-1.0772114,51.0311138],"type":"Point"},"properties":{"osmId":"node/12116014433"},"type":"Feature"},{"geometry":{"coordinates":[-1.1167511,51.0450095],"type":"Point"},"properties":{"osmId":"node/12116014434"},"type":"Feature"},{"geometry":{"coordinates":[-2.7793179,53.9105458],"type":"Point"},"properties":{"maxspeed":"50 mph","osmId":"node/12116572215"},"type":"Feature"},{"geometry":{"coordinates":[-1.0842253,51.0153451],"type":"Point"},"properties":{"osmId":"node/12117031946"},"type":"Feature"},{"geometry":{"coordinates":[-1.0764724,51.0269015],"type":"Point"},"properties":{"osmId":"node/12117031947"},"type":"Feature"},{"geometry":{"coordinates":[-0.0745241,51.5552814],"type":"Point"},"properties":{"osmId":"node/12118530356"},"type":"Feature"},{"geometry":{"coordinates":[-1.6111137,53.8517736],"type":"Point"},"properties":{"maxspeed":"30 mph","osmId":"node/12139461427"},"type":"Feature"},{"geometry":{"coordinates":[-1.6083251,53.8505581],"type":"Point"},"properties":{"maxspeed":"30 mph","osmId":"node/12139461428"},"type":"Feature"},{"geometry":{"coordinates":[-1.6043895,53.8485171],"type":"Point"},"properties":{"maxspeed":"30 mph","osmId":"node/12139461429"},"type":"Feature"},{"geometry":{"coordinates":[-1.1038702,51.7062119],"type":"Point"},"properties":{"maxspeed":"20 mph","osmId":"node/12148765933"},"type":"Feature"},{"geometry":{"coordinates":[-3.9441058,51.6304863],"type":"Point"},"properties":{"maxspeed":"30 mph","osmId":"node/12152306275"},"type":"Feature"},{"geometry":{"coordinates":[-3.9430272,51.6292004],"type":"Point"},"properties":{"maxspeed":"30 mph","osmId":"node/12152382451"},"type":"Feature"},{"geometry":{"coordinates":[-3.9419822,51.6297151],"type":"Point"},"properties":{"maxspeed":"30 mph","osmId":"node/12152382452"},"type":"Feature"},{"geometry":{"coordinates":[-3.9503805,51.634287],"type":"Point"},"properties":{"maxspeed":"30 mph","osmId":"node/12152382453"},"type":"Feature"},{"geometry":{"coordinates":[-3.95146,51.6309285],"type":"Point"},"properties":{"maxspeed":"20 mph","osmId":"node/12152382454"},"type":"Feature"},{"geometry":{"coordinates":[-3.9608448,51.6349792],"type":"Point"},"properties":{"maxspeed":"30 mph","osmId":"node/12152382455"},"type":"Feature"},{"geometry":{"coordinates":[-3.9639585,51.6356764],"type":"Point"},"properties":{"maxspeed":"30 mph","osmId":"node/12152382456"},"type":"Feature"},{"geometry":{"coordinates":[-3.965397,51.6360834],"type":"Point"},"properties":{"maxspeed":"30 mph","osmId":"node/12152382457"},"type":"Feature"},{"geometry":{"coordinates":[-3.9683068,51.6374824],"type":"Point"},"properties":{"maxspeed":"30 mph","osmId":"node/12152382458"},"type":"Feature"},{"geometry":{"coordinates":[-2.6614289,53.1045433],"type":"Point"},"properties":{"osmId":"node/12154227274"},"type":"Feature"},{"geometry":{"coordinates":[-1.0981035,51.4882276],"type":"Point"},"properties":{"osmId":"node/12155114410"},"type":"Feature"},{"geometry":{"coordinates":[-1.1261306,51.5065219],"type":"Point"},"properties":{"osmId":"node/12155114431"},"type":"Feature"},{"geometry":{"coordinates":[-0.7801526,51.576224],"type":"Point"},"properties":{"maxspeed":"30 mph","osmId":"node/12177381088"},"type":"Feature"},{"geometry":{"coordinates":[-4.8024488,50.335626],"type":"Point"},"properties":{"maxspeed":"30 mph","osmId":"node/12182464091"},"type":"Feature"},{"geometry":{"coordinates":[-1.3162197,53.5280582],"type":"Point"},"properties":{"maxspeed":"30 mph","osmId":"node/12185763767"},"type":"Feature"},{"geometry":{"coordinates":[1.7219996,52.5740777],"type":"Point"},"properties":{"maxspeed":"50 mph","osmId":"node/12201492038"},"type":"Feature"},{"geometry":{"coordinates":[1.721954,52.5743246],"type":"Point"},"properties":{"maxspeed":"50 mph","osmId":"node/12201492039"},"type":"Feature"},{"geometry":{"coordinates":[-3.2556402,51.473566],"type":"Point"},"properties":{"maxspeed":"30 mph","osmId":"node/12207672513"},"type":"Feature"},{"geometry":{"coordinates":[-2.8073207,54.0256567],"type":"Point"},"properties":{"osmId":"node/12215873515"},"type":"Feature"},{"geometry":{"coordinates":[-2.8097484,54.0229339],"type":"Point"},"properties":{"osmId":"node/12215873516"},"type":"Feature"},{"geometry":{"coordinates":[-2.8199445,54.0071317],"type":"Point"},"properties":{"osmId":"node/12215873519"},"type":"Feature"},{"geometry":{"coordinates":[1.5408808,52.6354501],"type":"Point"},"properties":{"maxspeed":"70 mph","osmId":"node/12222408455"},"type":"Feature"},{"geometry":{"coordinates":[-1.4957471,53.4423335],"type":"Point"},"properties":{"osmId":"node/12229245915"},"type":"Feature"},{"geometry":{"coordinates":[-1.4949161,53.4468595],"type":"Point"},"properties":{"osmId":"node/12229246122"},"type":"Feature"},{"geometry":{"coordinates":[-1.5030664,53.4630366],"type":"Point"},"properties":{"osmId":"node/12229246123"},"type":"Feature"},{"geometry":{"coordinates":[-1.5064025,53.4705265],"type":"Point"},"properties":{"osmId":"node/12229246124"},"type":"Feature"},{"geometry":{"coordinates":[-1.4948822,53.4852816],"type":"Point"},"properties":{"osmId":"node/12229246125"},"type":"Feature"},{"geometry":{"coordinates":[-1.4910305,53.4882218],"type":"Point"},"properties":{"osmId":"node/12229246126"},"type":"Feature"},{"geometry":{"coordinates":[-1.478498,53.4950567],"type":"Point"},"properties":{"osmId":"node/12229246127"},"type":"Feature"},{"geometry":{"coordinates":[-0.2788345,51.4744474],"type":"Point"},"properties":{"osmId":"node/12251025114"},"type":"Feature"},{"geometry":{"coordinates":[0.4518454,51.5672817],"type":"Point"},"properties":{"maxspeed":"30 mph","osmId":"node/12278845530","role":"traffic_signals"},"type":"Feature"},{"geometry":{"coordinates":[0.4218524,51.5843935],"type":"Point"},"properties":{"maxspeed":"40 mph","osmId":"node/12282608150"},"type":"Feature"},{"geometry":{"coordinates":[0.4281154,51.583746],"type":"Point"},"properties":{"maxspeed":"40 mph","osmId":"node/12282608151"},"type":"Feature"},{"geometry":{"coordinates":[0.4666483,51.7412445],"type":"Point"},"properties":{"maxspeed":"30 mph","osmId":"node/12289122820"},"type":"Feature"},{"geometry":{"coordinates":[-6.231307,53.3579277],"type":"Point"},"properties":{"maxspeed":"80","osmId":"node/12299230582"},"type":"Feature"},{"geometry":{"coordinates":[-6.2312511,53.3578945],"type":"Point"},"properties":{"maxspeed":"80","osmId":"node/12299230583"},"type":"Feature"},{"geometry":{"coordinates":[-6.2394338,53.3963304],"type":"Point"},"properties":{"maxspeed":"80","osmId":"node/12299230585"},"type":"Feature"},{"geometry":{"coordinates":[-6.239407,53.396321],"type":"Point"},"properties":{"maxspeed":"80","osmId":"node/12299230586"},"type":"Feature"},{"geometry":{"coordinates":[-1.9869645,52.4789048],"type":"Point"},"properties":{"maxspeed":"30 mph","osmId":"node/12303125233"},"type":"Feature"},{"geometry":{"coordinates":[1.6865364,50.7364254],"type":"Point"},"properties":{"maxspeed":"110","osmId":"node/12342308622"},"type":"Feature"},{"geometry":{"coordinates":[-1.2465191,52.1733017],"type":"Point"},"properties":{"osmId":"node/12367713850"},"type":"Feature"},{"geometry":{"coordinates":[-0.139487,51.3923503],"type":"Point"},"properties":{"maxspeed":"30 mph","osmId":"node/12373777325"},"type":"Feature"},{"geometry":{"coordinates":[-0.1287177,51.3885782],"type":"Point"},"properties":{"maxspeed":"30 mph","osmId":"node/12376009121"},"type":"Feature"},{"geometry":{"coordinates":[-0.1866576,52.9680083],"type":"Point"},"properties":{"maxspeed":"40 mph","osmId":"node/12383397978"},"type":"Feature"},{"geometry":{"coordinates":[-0.1882798,52.9698153],"type":"Point"},"properties":{"osmId":"node/12384446908","role":"traffic_signals"},"type":"Feature"},{"geometry":{"coordinates":[0.2325664,52.7541271],"type":"Point"},"properties":{"maxspeed":"60 mph","osmId":"node/12385343947","role":"average"},"type":"Feature"},{"geometry":{"coordinates":[0.3715406,52.7456708],"type":"Point"},"properties":{"maxspeed":"60 mph","osmId":"node/12385358651","role":"average"},"type":"Feature"},{"geometry":{"coordinates":[0.3367658,52.7470976],"type":"Point"},"properties":{"maxspeed":"60 mph","osmId":"node/12385358653","role":"average"},"type":"Feature"},{"geometry":{"coordinates":[0.3242302,52.7469187],"type":"Point"},"properties":{"maxspeed":"60 mph","osmId":"node/12385358655","role":"average"},"type":"Feature"},{"geometry":{"coordinates":[0.300671,52.7466082],"type":"Point"},"properties":{"maxspeed":"60 mph","osmId":"node/12385358656","role":"average"},"type":"Feature"},{"geometry":{"coordinates":[0.2887475,52.7465102],"type":"Point"},"properties":{"maxspeed":"60 mph","osmId":"node/12385358657","role":"average"},"type":"Feature"},{"geometry":{"coordinates":[0.2552494,52.747037],"type":"Point"},"properties":{"maxspeed":"60 mph","osmId":"node/12385358658","role":"average"},"type":"Feature"},{"geometry":{"coordinates":[0.085218,52.5396314],"type":"Point"},"properties":{"maxspeed":"30 mph","osmId":"node/12395967698"},"type":"Feature"},{"geometry":{"coordinates":[0.5574851,51.3946344],"type":"Point"},"properties":{"osmId":"node/12396945570"},"type":"Feature"},{"geometry":{"coordinates":[-2.7218778,53.3655632],"type":"Point"},"properties":{"maxspeed":"40 mph","osmId":"node/12398422454"},"type":"Feature"},{"geometry":{"coordinates":[-2.2156876,53.0021385],"type":"Point"},"properties":{"maxspeed":"40 mph","osmId":"node/12417530929"},"type":"Feature"},{"geometry":{"coordinates":[-4.2135774,50.4123564],"type":"Point"},"properties":{"osmId":"node/12421046246"},"type":"Feature"},{"geometry":{"coordinates":[-4.7072611,56.4337283],"type":"Point"},"properties":{"maxspeed":"60 mph","osmId":"node/12423544977"},"type":"Feature"},{"geometry":{"coordinates":[-4.6273678,56.3950226],"type":"Point"},"properties":{"maxspeed":"60 mph","osmId":"node/12423544980"},"type":"Feature"},{"geometry":{"coordinates":[0.6911249,51.559361],"type":"Point"},"properties":{"osmId":"node/12433853019"},"type":"Feature"},{"geometry":{"coordinates":[0.656892,51.5630026],"type":"Point"},"properties":{"osmId":"node/12433853025"},"type":"Feature"},{"geometry":{"coordinates":[-2.4207403,53.71699],"type":"Point"},"properties":{"osmId":"node/12441313443"},"type":"Feature"},{"geometry":{"coordinates":[-3.1610858,51.8028817],"type":"Point"},"properties":{"osmId":"node/12444827833"},"type":"Feature"},{"geometry":{"coordinates":[0.6982842,51.5926021],"type":"Point"},"properties":{"osmId":"node/12446548816"},"type":"Feature"},{"geometry":{"coordinates":[0.6346707,51.6008079],"type":"Point"},"properties":{"osmId":"node/12446548821"},"type":"Feature"},{"geometry":{"coordinates":[-3.3871223,56.063496],"type":"Point"},"properties":{"maxspeed":"70 mph","osmId":"node/12449817791"},"type":"Feature"},{"geometry":{"coordinates":[-3.408214,56.0312211],"type":"Point"},"properties":{"maxspeed":"70 mph","osmId":"node/12449827006"},"type":"Feature"},{"geometry":{"coordinates":[-0.4429642,51.4151473],"type":"Point"},"properties":{"maxspeed":"30 mph","osmId":"node/12468724312"},"type":"Feature"},{"geometry":{"coordinates":[-0.4460757,51.4080513],"type":"Point"},"properties":{"maxspeed":"30 mph","osmId":"node/12468724313"},"type":"Feature"},{"geometry":{"coordinates":[-0.4873927,51.3606476],"type":"Point"},"properties":{"maxspeed":"30 mph","osmId":"node/12469293949"},"type":"Feature"},{"geometry":{"coordinates":[-0.4603225,51.3512528],"type":"Point"},"properties":{"maxspeed":"30 mph","osmId":"node/12469293950"},"type":"Feature"},{"geometry":{"coordinates":[-0.457008,51.3599987],"type":"Point"},"properties":{"maxspeed":"30 mph","osmId":"node/12469293951"},"type":"Feature"},{"geometry":{"coordinates":[-0.463338,51.3427163],"type":"Point"},"properties":{"maxspeed":"30 mph","osmId":"node/12469293952"},"type":"Feature"},{"geometry":{"coordinates":[-0.4612933,51.3483991],"type":"Point"},"properties":{"maxspeed":"30 mph","osmId":"node/12471049436"},"type":"Feature"},{"geometry":{"coordinates":[-1.5288548,53.7919305],"type":"Point"},"properties":{"maxspeed":"30 mph","osmId":"node/12485199118"},"type":"Feature"},{"geometry":{"coordinates":[-2.2313179,53.084167],"type":"Point"},"properties":{"osmId":"node/12490318827"},"type":"Feature"},{"geometry":{"coordinates":[-2.2450492,53.0885889],"type":"Point"},"properties":{"osmId":"node/12492324501"},"type":"Feature"},{"geometry":{"coordinates":[-2.0123749,52.5044663],"type":"Point"},"properties":{"maxspeed":"20 mph","osmId":"node/12501329422"},"type":"Feature"},{"geometry":{"coordinates":[-1.825267,53.6370783],"type":"Point"},"properties":{"maxspeed":"30 mph","osmId":"node/12514090342"},"type":"Feature"},{"geometry":{"coordinates":[-1.786569,53.6418794],"type":"Point"},"properties":{"maxspeed":"30 mph","osmId":"node/12514116808"},"type":"Feature"},{"geometry":{"coordinates":[-1.8867417,53.6194808],"type":"Point"},"properties":{"maxspeed":"30 mph","osmId":"node/12514137826"},"type":"Feature"},{"geometry":{"coordinates":[-1.8400889,53.634827],"type":"Point"},"properties":{"maxspeed":"30 mph","osmId":"node/12514140924"},"type":"Feature"},{"geometry":{"coordinates":[-1.8513525,53.6286925],"type":"Point"},"properties":{"maxspeed":"30 mph","osmId":"node/12514140925"},"type":"Feature"},{"geometry":{"coordinates":[-2.5059994,53.4560524],"type":"Point"},"properties":{"maxspeed":"30 mph","osmId":"node/12523265434","role":"average"},"type":"Feature"},{"geometry":{"coordinates":[-2.4958895,53.4738821],"type":"Point"},"properties":{"maxspeed":"30 mph","osmId":"node/12523265435","role":"average"},"type":"Feature"},{"geometry":{"coordinates":[-1.7529818,53.8382342],"type":"Point"},"properties":{"osmId":"node/12537372164"},"type":"Feature"},{"geometry":{"coordinates":[-1.7698612,53.6430971],"type":"Point"},"properties":{"maxspeed":"30 mph","osmId":"node/12544251409"},"type":"Feature"},{"geometry":{"coordinates":[0.5575568,51.3944345],"type":"Point"},"properties":{"osmId":"node/12565459266"},"type":"Feature"},{"geometry":{"coordinates":[-1.3746281,52.0190987],"type":"Point"},"properties":{"maxspeed":"20 mph","osmId":"node/12571267592"},"type":"Feature"},{"geometry":{"coordinates":[0.5491193,52.7999881],"type":"Point"},"properties":{"maxspeed":"30 mph","osmId":"node/12572231660"},"type":"Feature"},{"geometry":{"coordinates":[0.5713124,51.391142],"type":"Point"},"properties":{"osmId":"node/12578991959"},"type":"Feature"},{"geometry":{"coordinates":[-0.2270137,51.4991464],"type":"Point"},"properties":{"maxspeed":"5 mph","osmId":"node/12587704692"},"type":"Feature"},{"geometry":{"coordinates":[-8.3069844,52.8180516],"type":"Point"},"properties":{"maxspeed":"120","osmId":"node/12602278324"},"type":"Feature"},{"geometry":{"coordinates":[-8.303289,52.8224358],"type":"Point"},"properties":{"maxspeed":"120","osmId":"node/12602278326"},"type":"Feature"},{"geometry":{"coordinates":[-8.3977242,52.7620348],"type":"Point"},"properties":{"maxspeed":"120","osmId":"node/12602278329"},"type":"Feature"},{"geometry":{"coordinates":[-8.3992302,52.7608937],"type":"Point"},"properties":{"maxspeed":"120","osmId":"node/12602278330"},"type":"Feature"},{"geometry":{"coordinates":[0.6276788,51.2576773],"type":"Point"},"properties":{"osmId":"node/12609290239"},"type":"Feature"},{"geometry":{"coordinates":[-3.5371092,50.4771836],"type":"Point"},"properties":{"osmId":"node/12629294161"},"type":"Feature"},{"geometry":{"coordinates":[-4.7039863,50.4731638],"type":"Point"},"properties":{"osmId":"node/12636068811"},"type":"Feature"},{"geometry":{"coordinates":[-1.947614,53.3806646],"type":"Point"},"properties":{"maxspeed":"40 mph","osmId":"node/12645163998"},"type":"Feature"},{"geometry":{"coordinates":[-1.0087253,53.1195119],"type":"Point"},"properties":{"maxspeed":"50 mph","osmId":"node/12645800874"},"type":"Feature"},{"geometry":{"coordinates":[-0.9902878,53.1127256],"type":"Point"},"properties":{"maxspeed":"50 mph","osmId":"node/12645800875"},"type":"Feature"},{"geometry":{"coordinates":[-1.5463281,53.8053748],"type":"Point"},"properties":{"maxspeed":"40 mph","osmId":"node/12646581520"},"type":"Feature"},{"geometry":{"coordinates":[-1.5455781,53.8054564],"type":"Point"},"properties":{"maxspeed":"40 mph","osmId":"node/12646581521"},"type":"Feature"},{"geometry":{"coordinates":[-1.5551067,53.8002625],"type":"Point"},"properties":{"maxspeed":"40 mph","osmId":"node/12646581522"},"type":"Feature"},{"geometry":{"coordinates":[-1.5546086,53.8004346],"type":"Point"},"properties":{"maxspeed":"40 mph","osmId":"node/12646581523"},"type":"Feature"},{"geometry":{"coordinates":[-1.9863848,52.5140926],"type":"Point"},"properties":{"osmId":"node/12648473221"},"type":"Feature"},{"geometry":{"coordinates":[1.5560487,52.6369908],"type":"Point"},"properties":{"maxspeed":"50 mph","osmId":"node/12652322155"},"type":"Feature"},{"geometry":{"coordinates":[1.5558073,52.6371698],"type":"Point"},"properties":{"maxspeed":"50 mph","osmId":"node/12652322156"},"type":"Feature"},{"geometry":{"coordinates":[1.7145431,52.6191846],"type":"Point"},"properties":{"maxspeed":"50 mph","osmId":"node/12652322157"},"type":"Feature"},{"geometry":{"coordinates":[1.7147979,52.6188858],"type":"Point"},"properties":{"maxspeed":"50 mph","osmId":"node/12652322158"},"type":"Feature"},{"geometry":{"coordinates":[1.7173769,52.616891],"type":"Point"},"properties":{"maxspeed":"50 mph","osmId":"node/12652322159"},"type":"Feature"},{"geometry":{"coordinates":[1.7171864,52.6167273],"type":"Point"},"properties":{"maxspeed":"50 mph","osmId":"node/12652322160"},"type":"Feature"},{"geometry":{"coordinates":[1.6623889,52.621378],"type":"Point"},"properties":{"maxspeed":"50 mph","osmId":"node/12658522119"},"type":"Feature"},{"geometry":{"coordinates":[1.662704,52.6214733],"type":"Point"},"properties":{"maxspeed":"50 mph","osmId":"node/12658522120"},"type":"Feature"},{"geometry":{"coordinates":[1.6000678,52.6241428],"type":"Point"},"properties":{"maxspeed":"50 mph","osmId":"node/12658522121"},"type":"Feature"},{"geometry":{"coordinates":[1.6004848,52.6241485],"type":"Point"},"properties":{"maxspeed":"50 mph","osmId":"node/12658522122"},"type":"Feature"},{"geometry":{"coordinates":[-3.0329984,51.586294],"type":"Point"},"properties":{"maxspeed":"50 mph","osmId":"node/12663589798"},"type":"Feature"},{"geometry":{"coordinates":[-0.6911127,52.4342498],"type":"Point"},"properties":{"osmId":"node/12670755522"},"type":"Feature"},{"geometry":{"coordinates":[-2.0105428,52.6600832],"type":"Point"},"properties":{"maxspeed":"30 mph","osmId":"node/12681053351"},"type":"Feature"},{"geometry":{"coordinates":[-2.0108676,52.6590512],"type":"Point"},"properties":{"maxspeed":"30 mph","osmId":"node/12681053352"},"type":"Feature"},{"geometry":{"coordinates":[-2.0119495,52.651134],"type":"Point"},"properties":{"maxspeed":"30 mph","osmId":"node/12683690957"},"type":"Feature"},{"geometry":{"coordinates":[-2.0123231,52.6508139],"type":"Point"},"properties":{"maxspeed":"30 mph","osmId":"node/12683690958"},"type":"Feature"},{"geometry":{"coordinates":[-2.0122342,52.6401395],"type":"Point"},"properties":{"maxspeed":"40 mph","osmId":"node/12683690959"},"type":"Feature"},{"geometry":{"coordinates":[-2.012091,52.6401831],"type":"Point"},"properties":{"osmId":"node/12683690960"},"type":"Feature"},{"geometry":{"coordinates":[-2.0110787,52.6373985],"type":"Point"},"properties":{"maxspeed":"30 mph","osmId":"node/12683690961"},"type":"Feature"},{"geometry":{"coordinates":[-2.010555,52.6353863],"type":"Point"},"properties":{"maxspeed":"30 mph","osmId":"node/12683690962"},"type":"Feature"},{"geometry":{"coordinates":[-2.00396,52.6219458],"type":"Point"},"properties":{"maxspeed":"30 mph","osmId":"node/12683690963"},"type":"Feature"},{"geometry":{"coordinates":[-1.654805,53.8355813],"type":"Point"},"properties":{"maxspeed":"40 mph","osmId":"node/12702951639"},"type":"Feature"},{"geometry":{"coordinates":[-1.6604954,53.8385763],"type":"Point"},"properties":{"maxspeed":"40 mph","osmId":"node/12702951640"},"type":"Feature"},{"geometry":{"coordinates":[-1.6637766,53.8411149],"type":"Point"},"properties":{"maxspeed":"40 mph","osmId":"node/12702951641"},"type":"Feature"},{"geometry":{"coordinates":[-1.6656766,53.8442896],"type":"Point"},"properties":{"maxspeed":"40 mph","osmId":"node/12702951642"},"type":"Feature"},{"geometry":{"coordinates":[-1.6770545,53.8490895],"type":"Point"},"properties":{"maxspeed":"40 mph","osmId":"node/12702951643"},"type":"Feature"},{"geometry":{"coordinates":[-1.6495849,53.8340636],"type":"Point"},"properties":{"maxspeed":"30 mph","osmId":"node/12702951644"},"type":"Feature"},{"geometry":{"coordinates":[1.4146418,49.8254133],"type":"Point"},"properties":{"maxspeed":"50","osmId":"node/12704855069"},"type":"Feature"},{"geometry":{"coordinates":[-1.0602447,53.1203363],"type":"Point"},"properties":{"maxspeed":"50 mph","osmId":"node/12720756427"},"type":"Feature"},{"geometry":{"coordinates":[-2.655548,53.7001592],"type":"Point"},"properties":{"maxspeed":"30 mph","osmId":"node/12731830994"},"type":"Feature"},{"geometry":{"coordinates":[-0.0544499,51.4992762],"type":"Point"},"properties":{"maxspeed":"20 mph","osmId":"node/12738791430"},"type":"Feature"},{"geometry":{"coordinates":[-0.0393743,51.5115479],"type":"Point"},"properties":{"maxspeed":"20 mph","osmId":"node/12738791431"},"type":"Feature"},{"geometry":{"coordinates":[-1.9705909,52.5109228],"type":"Point"},"properties":{"maxspeed":"30 mph","osmId":"node/12747612686"},"type":"Feature"},{"geometry":{"coordinates":[-0.6155604,51.4731021],"type":"Point"},"properties":{"maxspeed":"30 mph","osmId":"node/12762638689"},"type":"Feature"},{"geometry":{"coordinates":[-0.5123004,51.3328034],"type":"Point"},"properties":{"maxspeed":"40 mph","osmId":"node/12766118542"},"type":"Feature"},{"geometry":{"coordinates":[-0.5247106,51.3228599],"type":"Point"},"properties":{"maxspeed":"40 mph","osmId":"node/12766118543"},"type":"Feature"},{"geometry":{"coordinates":[-1.7081592,50.7401463],"type":"Point"},"properties":{"maxspeed":"30 mph","osmId":"node/12768242420"},"type":"Feature"},{"geometry":{"coordinates":[-0.0280126,51.5141369],"type":"Point"},"properties":{"maxspeed":"20 mph","osmId":"node/12770594225"},"type":"Feature"},{"geometry":{"coordinates":[0.0340952,51.5770051],"type":"Point"},"properties":{"maxspeed":"40 mph","osmId":"node/12779256858"},"type":"Feature"},{"geometry":{"coordinates":[-3.0044658,51.048035],"type":"Point"},"properties":{"maxspeed":"40 mph","osmId":"node/12794926590"},"type":"Feature"},{"geometry":{"coordinates":[-0.4499978,52.075254],"type":"Point"},"properties":{"maxspeed":"30 mph","osmId":"node/12800224534"},"type":"Feature"},{"geometry":{"coordinates":[-0.4564618,52.0855561],"type":"Point"},"properties":{"maxspeed":"30 mph","osmId":"node/12800224535"},"type":"Feature"},{"geometry":{"coordinates":[-0.4450506,52.080438],"type":"Point"},"properties":{"maxspeed":"30 mph","osmId":"node/12800248526"},"type":"Feature"},{"geometry":{"coordinates":[-0.4287069,52.0833265],"type":"Point"},"properties":{"maxspeed":"30 mph","osmId":"node/12800248527"},"type":"Feature"},{"geometry":{"coordinates":[-0.4504499,52.0730187],"type":"Point"},"properties":{"maxspeed":"60 mph","osmId":"node/12800285403"},"type":"Feature"},{"geometry":{"coordinates":[-0.4582136,52.0864087],"type":"Point"},"properties":{"maxspeed":"60 mph","osmId":"node/12800285404"},"type":"Feature"},{"geometry":{"coordinates":[-1.5384957,53.7712243],"type":"Point"},"properties":{"maxspeed":"50 mph","osmId":"node/12801159031"},"type":"Feature"},{"geometry":{"coordinates":[-1.5399187,53.7728669],"type":"Point"},"properties":{"maxspeed":"50 mph","osmId":"node/12801159047"},"type":"Feature"},{"geometry":{"coordinates":[-1.5421445,53.7829885],"type":"Point"},"properties":{"maxspeed":"50 mph","osmId":"node/12801159048"},"type":"Feature"},{"geometry":{"coordinates":[-1.5519228,53.7844297],"type":"Point"},"properties":{"maxspeed":"50 mph","osmId":"node/12801159050"},"type":"Feature"},{"geometry":{"coordinates":[-6.2674477,52.699274],"type":"Point"},"properties":{"operator":"Garda S\u00edoch\u00e1na","osmId":"node/12802114505"},"type":"Feature"},{"geometry":{"coordinates":[-2.6534531,54.0997161],"type":"Point"},"properties":{"osmId":"node/12833624009"},"type":"Feature"},{"geometry":{"coordinates":[-2.6207666,54.1318373],"type":"Point"},"properties":{"osmId":"node/12833624010"},"type":"Feature"},{"geometry":{"coordinates":[-2.6156874,54.1361039],"type":"Point"},"properties":{"osmId":"node/12833624011"},"type":"Feature"},{"geometry":{"coordinates":[-4.1051535,51.0939469],"type":"Point"},"properties":{"osmId":"node/12845160406"},"type":"Feature"},{"geometry":{"coordinates":[-4.1041485,51.0728642],"type":"Point"},"properties":{"osmId":"node/12845160445"},"type":"Feature"},{"geometry":{"coordinates":[-0.6304836,51.3922043],"type":"Point"},"properties":{"maxspeed":"30 mph","osmId":"node/12847022346"},"type":"Feature"},{"geometry":{"coordinates":[-6.8559639,52.7680578],"type":"Point"},"properties":{"maxspeed":"80","operator":"Garda S\u00edoch\u00e1na","osmId":"node/12850878458"},"type":"Feature"},{"geometry":{"coordinates":[-2.020291,52.4904852],"type":"Point"},"properties":{"maxspeed":"40 mph","osmId":"node/12851201619"},"type":"Feature"},{"geometry":{"coordinates":[-4.7150323,55.6530782],"type":"Point"},"properties":{"maxspeed":"30 mph","osmId":"node/12864348143"},"type":"Feature"},{"geometry":{"coordinates":[-7.0549855,52.3369211],"type":"Point"},"properties":{"maxspeed":"80","operator":"Garda S\u00edoch\u00e1na","osmId":"node/12872834296"},"type":"Feature"},{"geometry":{"coordinates":[-6.5400387,53.6813737],"type":"Point"},"properties":{"maxspeed":"100","operator":"Garda S\u00edoch\u00e1na","osmId":"node/12875237527"},"type":"Feature"},{"geometry":{"coordinates":[-6.481276,53.6162195],"type":"Point"},"properties":{"maxspeed":"100","operator":"Garda S\u00edoch\u00e1na","osmId":"node/12875237528"},"type":"Feature"},{"geometry":{"coordinates":[-7.5529055,54.9877498],"type":"Point"},"properties":{"maxspeed":"100","operator":"Garda S\u00edoch\u00e1na","osmId":"node/12875237542"},"type":"Feature"},{"geometry":{"coordinates":[-4.1416174,50.3972362],"type":"Point"},"properties":{"maxspeed":"30 mph","osmId":"node/12887033113"},"type":"Feature"},{"geometry":{"coordinates":[-0.1880037,52.3320756],"type":"Point"},"properties":{"osmId":"node/12894398846"},"type":"Feature"},{"geometry":{"coordinates":[-4.1506786,50.3772088],"type":"Point"},"properties":{"osmId":"node/12899837947"},"type":"Feature"},{"geometry":{"coordinates":[-2.0129252,52.4860967],"type":"Point"},"properties":{"maxspeed":"30 mph","osmId":"node/12941296721"},"type":"Feature"},{"geometry":{"coordinates":[1.1893894,52.5876875],"type":"Point"},"properties":{"maxspeed":"70 mph","osmId":"node/12964540459"},"type":"Feature"},{"geometry":{"coordinates":[-1.4814271,52.5186461],"type":"Point"},"properties":{"maxspeed":"30 mph","osmId":"node/12965298683"},"type":"Feature"},{"geometry":{"coordinates":[-2.890627,50.9418708],"type":"Point"},"properties":{"maxspeed":"60 mph","osmId":"node/12979998380"},"type":"Feature"},{"geometry":{"coordinates":[-2.0090225,52.4882899],"type":"Point"},"properties":{"osmId":"node/12984449510"},"type":"Feature"},{"geometry":{"coordinates":[0.0523106,51.612096],"type":"Point"},"properties":{"maxspeed":"50 mph","osmId":"node/12985690792"},"type":"Feature"},{"geometry":{"coordinates":[0.0513939,51.5690753],"type":"Point"},"properties":{"maxspeed":"50 mph","osmId":"node/12985739212"},"type":"Feature"},{"geometry":{"coordinates":[-0.870151,51.5003909],"type":"Point"},"properties":{"maxspeed":"30 mph","osmId":"node/12990537084"},"type":"Feature"},{"geometry":{"coordinates":[-0.2331961,51.3207473],"type":"Point"},"properties":{"osmId":"node/12993142408"},"type":"Feature"},{"geometry":{"coordinates":[-1.4595552,53.5526725],"type":"Point"},"properties":{"maxspeed":"30 mph","osmId":"node/12996027181"},"type":"Feature"},{"geometry":{"coordinates":[-1.4904823,53.5442718],"type":"Point"},"properties":{"maxspeed":"30 mph","osmId":"node/12999415820"},"type":"Feature"},{"geometry":{"coordinates":[-1.4652671,53.5344625],"type":"Point"},"properties":{"maxspeed":"30 mph","osmId":"node/12999753189"},"type":"Feature"},{"geometry":{"coordinates":[-0.2021663,52.2989032],"type":"Point"},"properties":{"maxspeed":"70 mph","osmId":"node/13001480082"},"type":"Feature"},{"geometry":{"coordinates":[-2.0187804,52.4881326],"type":"Point"},"properties":{"maxspeed":"40 mph","osmId":"node/13004270215"},"type":"Feature"},{"geometry":{"coordinates":[-1.9974063,52.471324],"type":"Point"},"properties":{"maxspeed":"40 mph","osmId":"node/13005440709"},"type":"Feature"},{"geometry":{"coordinates":[-2.7947658,52.7099681],"type":"Point"},"properties":{"maxspeed":"10 mph","osmId":"node/13009133840"},"type":"Feature"},{"geometry":{"coordinates":[-0.8700696,51.4245829],"type":"Point"},"properties":{"maxspeed":"70 mph","osmId":"node/13018050251"},"type":"Feature"},{"geometry":{"coordinates":[-1.0212047,51.4213716],"type":"Point"},"properties":{"maxspeed":"70 mph","osmId":"node/13018076605"},"type":"Feature"},{"geometry":{"coordinates":[-1.0210904,51.4217406],"type":"Point"},"properties":{"maxspeed":"70 mph","osmId":"node/13018076606"},"type":"Feature"},{"geometry":{"coordinates":[-6.2940368,53.3317846],"type":"Point"},"properties":{"maxspeed":"50","operator":"Garda S\u00edoch\u00e1na","osmId":"node/13024708249"},"type":"Feature"},{"geometry":{"coordinates":[-2.7907466,53.9977893],"type":"Point"},"properties":{"osmId":"node/13032193206"},"type":"Feature"},{"geometry":{"coordinates":[-1.9791283,53.3102823],"type":"Point"},"properties":{"maxspeed":"50 mph","osmId":"node/13041781933","role":"average"},"type":"Feature"},{"geometry":{"coordinates":[-1.9753288,53.3016637],"type":"Point"},"properties":{"maxspeed":"50 mph","osmId":"node/13041781934","role":"average"},"type":"Feature"},{"geometry":{"coordinates":[-0.115659,51.478916],"type":"Point"},"properties":{"osmId":"node/13043531991"},"type":"Feature"},{"geometry":{"coordinates":[-2.7898739,53.9883249],"type":"Point"},"properties":{"maxspeed":"30mph","osmId":"node/13052699901"},"type":"Feature"},{"geometry":{"coordinates":[-2.789782,53.9876625],"type":"Point"},"properties":{"maxspeed":"50mph","osmId":"node/13052699905"},"type":"Feature"},{"geometry":{"coordinates":[-2.7868182,53.9836549],"type":"Point"},"properties":{"maxspeed":"50mph","osmId":"node/13056563281"},"type":"Feature"},{"geometry":{"coordinates":[-0.0494033,51.5863422],"type":"Point"},"properties":{"osmId":"node/13058192365"},"type":"Feature"},{"geometry":{"coordinates":[-0.0492445,51.5862607],"type":"Point"},"properties":{"osmId":"node/13058192366"},"type":"Feature"},{"geometry":{"coordinates":[-0.8422803,51.399481],"type":"Point"},"properties":{"osmId":"node/13078185433"},"type":"Feature"},{"geometry":{"coordinates":[-0.8430333,51.3983763],"type":"Point"},"properties":{"osmId":"node/13078185434"},"type":"Feature"},{"geometry":{"coordinates":[-4.8964713,50.2979284],"type":"Point"},"properties":{"osmId":"node/13092629207"},"type":"Feature"},{"geometry":{"coordinates":[-0.4603437,51.8923787],"type":"Point"},"properties":{"osmId":"node/13103270058"},"type":"Feature"},{"geometry":{"coordinates":[-2.8342749,54.0642375],"type":"Point"},"properties":{"osmId":"node/13103982597"},"type":"Feature"},{"geometry":{"coordinates":[-0.1178638,51.5099967],"type":"Point"},"properties":{"maxspeed":"20 mph","osmId":"node/13108429937"},"type":"Feature"},{"geometry":{"coordinates":[-5.0411916,50.2671078],"type":"Point"},"properties":{"osmId":"node/13108507010"},"type":"Feature"},{"geometry":{"coordinates":[-3.0700712,53.132525],"type":"Point"},"properties":{"maxspeed":"40 mph","osmId":"node/13119269698"},"type":"Feature"},{"geometry":{"coordinates":[-0.0701553,51.5085339],"type":"Point"},"properties":{"osmId":"node/13124506596"},"type":"Feature"},{"geometry":{"coordinates":[-0.2982136,52.197217],"type":"Point"},"properties":{"maxspeed":"40 mph","osmId":"node/13124611177"},"type":"Feature"},{"geometry":{"coordinates":[-3.4986355,56.386577],"type":"Point"},"properties":{"maxspeed":"70 mph","osmId":"node/13137048562","role":"average"},"type":"Feature"},{"geometry":{"coordinates":[-3.5071649,56.3835828],"type":"Point"},"properties":{"maxspeed":"70 mph","osmId":"node/13137048563","role":"average"},"type":"Feature"},{"geometry":{"coordinates":[-0.1642636,51.1395366],"type":"Point"},"properties":{"osmId":"node/13143405120"},"type":"Feature"},{"geometry":{"coordinates":[-2.0177281,52.4944606],"type":"Point"},"properties":{"operator":"National Highways","osmId":"node/13146092678"},"type":"Feature"},{"geometry":{"coordinates":[-2.104253,53.5536248],"type":"Point"},"properties":{"maxspeed":"30 mph","osmId":"node/13150304513"},"type":"Feature"},{"geometry":{"coordinates":[-2.1685427,53.0451979],"type":"Point"},"properties":{"maxspeed":"30 mph","osmId":"node/13151787067"},"type":"Feature"},{"geometry":{"coordinates":[-2.0233562,52.4948025],"type":"Point"},"properties":{"maxspeed":"40 mph","osmId":"node/13203267422"},"type":"Feature"},{"geometry":{"coordinates":[-0.148408,50.8391775],"type":"Point"},"properties":{"maxspeed":"30 mph","osmId":"node/13205178923"},"type":"Feature"},{"geometry":{"coordinates":[0.3919352,51.2748678],"type":"Point"},"properties":{"osmId":"node/13208459218"},"type":"Feature"},{"geometry":{"coordinates":[-5.9274049,54.6062505],"type":"Point"},"properties":{"maxspeed":"30 mph","osmId":"node/13226781008"},"type":"Feature"},{"geometry":{"coordinates":[-4.8111347,50.3389587],"type":"Point"},"properties":{"osmId":"node/13232873393"},"type":"Feature"},{"geometry":{"coordinates":[-3.0191976,53.2065361],"type":"Point"},"properties":{"maxspeed":"50 mph","osmId":"node/13265888797"},"type":"Feature"},{"geometry":{"coordinates":[-2.9968173,53.2260719],"type":"Point"},"properties":{"maxspeed":"50 mph","osmId":"node/13265888799"},"type":"Feature"},{"geometry":{"coordinates":[-3.0464662,53.194179],"type":"Point"},"properties":{"maxspeed":"50 mph","osmId":"node/13265888800"},"type":"Feature"},{"geometry":{"coordinates":[-3.0112313,53.211384],"type":"Point"},"properties":{"maxspeed":"50 mph","osmId":"node/13273903741"},"type":"Feature"},{"geometry":{"coordinates":[-0.40548,51.45179],"type":"Point"},"properties":{"osmId":"node/13275957738"},"type":"Feature"},{"geometry":{"coordinates":[-4.3499549,55.8641398],"type":"Point"},"properties":{"osmId":"node/13289000677"},"type":"Feature"},{"geometry":{"coordinates":[-4.3495945,55.8640164],"type":"Point"},"properties":{"osmId":"node/13289000678"},"type":"Feature"},{"geometry":{"coordinates":[-2.8920835,54.0507575],"type":"Point"},"properties":{"osmId":"node/13307325888"},"type":"Feature"},{"geometry":{"coordinates":[-2.7264855,53.7784056],"type":"Point"},"properties":{"maxspeed":"30 mph","osmId":"node/13320217121"},"type":"Feature"},{"geometry":{"coordinates":[-2.7446979,53.7838942],"type":"Point"},"properties":{"maxspeed":"30 mph","osmId":"node/13320233471"},"type":"Feature"},{"geometry":{"coordinates":[-2.7294486,53.7745841],"type":"Point"},"properties":{"maxspeed":"30 mph","osmId":"node/13320235910"},"type":"Feature"},{"geometry":{"coordinates":[-0.7130488,51.9973438],"type":"Point"},"properties":{"maxspeed":"30 mph","osmId":"node/13332486194"},"type":"Feature"},{"geometry":{"coordinates":[-1.7746352,53.6443888],"type":"Point"},"properties":{"maxspeed":"30","osmId":"node/13359467403"},"type":"Feature"},{"geometry":{"coordinates":[0.0061644,53.0974444],"type":"Point"},"properties":{"maxspeed":"30 mph","osmId":"node/13370558814"},"type":"Feature"},{"geometry":{"coordinates":[0.0086903,53.107722],"type":"Point"},"properties":{"maxspeed":"60 mph","osmId":"node/13370577418"},"type":"Feature"},{"geometry":{"coordinates":[-2.7119961,53.7854268],"type":"Point"},"properties":{"maxspeed":"30 mph","osmId":"node/13372480342"},"type":"Feature"},{"geometry":{"coordinates":[-2.7119188,53.773969],"type":"Point"},"properties":{"osmId":"node/13372514041"},"type":"Feature"},{"geometry":{"coordinates":[-2.6972925,53.7753752],"type":"Point"},"properties":{"osmId":"node/13372519514"},"type":"Feature"},{"geometry":{"coordinates":[-1.0514424,51.4408889],"type":"Point"},"properties":{"maxspeed":"40 mph","osmId":"node/13378928411"},"type":"Feature"},{"geometry":{"coordinates":[-1.0503001,51.4407669],"type":"Point"},"properties":{"maxspeed":"40 mph","osmId":"node/13382209077"},"type":"Feature"},{"geometry":{"coordinates":[-0.105087,51.5297361],"type":"Point"},"properties":{"maxspeed":"20 mph","osmId":"node/13401588104"},"type":"Feature"},{"geometry":{"coordinates":[-3.9485069,56.2061586],"type":"Point"},"properties":{"osmId":"node/13413167790"},"type":"Feature"},{"geometry":{"coordinates":[-0.1084042,52.9753351],"type":"Point"},"properties":{"maxspeed":"40 mph","osmId":"node/13414640770"},"type":"Feature"},{"geometry":{"coordinates":[-0.112919,52.9757486],"type":"Point"},"properties":{"maxspeed":"40 mph","osmId":"node/13414640771"},"type":"Feature"},{"geometry":{"coordinates":[0.0573403,52.9906049],"type":"Point"},"properties":{"maxspeed":"40 mph","osmId":"node/13414640772"},"type":"Feature"},{"geometry":{"coordinates":[0.037154,52.9856464],"type":"Point"},"properties":{"maxspeed":"40 mph","osmId":"node/13414640773"},"type":"Feature"},{"geometry":{"coordinates":[0.1523756,53.0465742],"type":"Point"},"properties":{"maxspeed":"40 mph","osmId":"node/13414640775"},"type":"Feature"},{"geometry":{"coordinates":[0.0863256,53.0081433],"type":"Point"},"properties":{"maxspeed":"30 mph","osmId":"node/13414640778"},"type":"Feature"},{"geometry":{"coordinates":[-2.7754085,53.9540009],"type":"Point"},"properties":{"osmId":"node/13417794191"},"type":"Feature"},{"geometry":{"coordinates":[-3.5568167,53.1195207],"type":"Point"},"properties":{"osmId":"node/13418161060"},"type":"Feature"},{"geometry":{"coordinates":[-3.494729,53.1650043],"type":"Point"},"properties":{"osmId":"node/13418161065"},"type":"Feature"},{"geometry":{"coordinates":[-2.5895149,54.1971725],"type":"Point"},"properties":{"osmId":"node/13420786267"},"type":"Feature"},{"geometry":{"coordinates":[-2.792997,54.0065745],"type":"Point"},"properties":{"osmId":"node/13426997124"},"type":"Feature"},{"geometry":{"coordinates":[-2.8164805,53.3555029],"type":"Point"},"properties":{"maxspeed":"30 mph","osmId":"node/13432447023"},"type":"Feature"},{"geometry":{"coordinates":[-0.4247862,51.8965336],"type":"Point"},"properties":{"osmId":"node/13435356817"},"type":"Feature"},{"geometry":{"coordinates":[-0.4294354,51.8963974],"type":"Point"},"properties":{"osmId":"node/13435356818"},"type":"Feature"},{"geometry":{"coordinates":[-2.4996629,53.7978947],"type":"Point"},"properties":{"maxspeed":"40 mph","osmId":"node/13469048327"},"type":"Feature"},{"geometry":{"coordinates":[-0.5426602,52.000274],"type":"Point"},"properties":{"maxspeed":"70 mph","osmId":"node/13469085324"},"type":"Feature"},{"geometry":{"coordinates":[-3.5926607,50.4283369],"type":"Point"},"properties":{"maxspeed":"30 mph","osmId":"node/13473125715"},"type":"Feature"},{"geometry":{"coordinates":[-2.7946811,54.0123557],"type":"Point"},"properties":{"maxspeed":"40 mph","osmId":"node/13473544337"},"type":"Feature"},{"geometry":{"coordinates":[-0.2464985,51.5111192],"type":"Point"},"properties":{"maxspeed":"20 mph","osmId":"node/13476250007"},"type":"Feature"},{"geometry":{"coordinates":[-0.2464187,51.51067],"type":"Point"},"properties":{"maxspeed":"20 mph","osmId":"node/13476250008"},"type":"Feature"},{"geometry":{"coordinates":[-4.6552263,55.9221223],"type":"Point"},"properties":{"maxspeed":"30 mph","osmId":"node/13484113355"},"type":"Feature"},{"geometry":{"coordinates":[0.0346756,53.2925316],"type":"Point"},"properties":{"osmId":"node/13513200330"},"type":"Feature"},{"geometry":{"coordinates":[0.0287627,53.2995307],"type":"Point"},"properties":{"osmId":"node/13513200331"},"type":"Feature"},{"geometry":{"coordinates":[0.0306043,53.2976863],"type":"Point"},"properties":{"osmId":"node/13513200332"},"type":"Feature"},{"geometry":{"coordinates":[0.0207107,53.3070953],"type":"Point"},"properties":{"osmId":"node/13513200333"},"type":"Feature"},{"geometry":{"coordinates":[-1.1451101,51.8972158],"type":"Point"},"properties":{"maxspeed":"20 mph","osmId":"node/13514028961"},"type":"Feature"},{"geometry":{"coordinates":[1.2776608,52.0521652],"type":"Point"},"properties":{"maxspeed":"50 mph","osmId":"node/13530022930","role":"average"},"type":"Feature"},{"geometry":{"coordinates":[1.276045,52.048986],"type":"Point"},"properties":{"maxspeed":"50 mph","osmId":"node/13530022931","role":"average"},"type":"Feature"},{"geometry":{"coordinates":[1.2781063,52.0531399],"type":"Point"},"properties":{"maxspeed":"50 mph","osmId":"node/13530022932","role":"average"},"type":"Feature"},{"geometry":{"coordinates":[1.2771574,52.0586963],"type":"Point"},"properties":{"maxspeed":"50 mph","osmId":"node/13530022933","role":"average"},"type":"Feature"},{"geometry":{"coordinates":[-0.1167204,51.6124771],"type":"Point"},"properties":{"maxspeed":"30 mph","osmId":"node/13581569613"},"type":"Feature"},{"geometry":{"coordinates":[-2.0396787,52.5078337],"type":"Point"},"properties":{"maxspeed":"40 mph","osmId":"node/13641351081"},"type":"Feature"},{"geometry":{"coordinates":[-2.0333971,52.5035092],"type":"Point"},"properties":{"maxspeed":"40 mph","osmId":"node/13653024793"},"type":"Feature"},{"geometry":{"coordinates":[-2.3370148,53.4151362],"type":"Point"},"properties":{"osmId":"node/13653379910"},"type":"Feature"},{"geometry":{"coordinates":[-0.2015953,51.8205785],"type":"Point"},"properties":{"maxspeed":"40 mph","osmId":"node/13666455414"},"type":"Feature"},{"geometry":{"coordinates":[0.7310709,51.5528622],"type":"Point"},"properties":{"maxspeed":"40 mph","osmId":"node/13668195136"},"type":"Feature"},{"geometry":{"coordinates":[-0.0106383,51.4724429],"type":"Point"},"properties":{"osmId":"node/13672459530"},"type":"Feature"},{"geometry":{"coordinates":[-0.0700274,51.535315],"type":"Point"},"properties":{"osmId":"node/13705718054"},"type":"Feature"},{"geometry":{"coordinates":[-2.2228934,53.8390693],"type":"Point"},"properties":{"maxspeed":"30 mph","osmId":"node/13722028216"},"type":"Feature"},{"geometry":{"coordinates":[-4.1828692,50.4084349],"type":"Point"},"properties":{"osmId":"node/13722859521"},"type":"Feature"},{"geometry":{"coordinates":[-0.201521,51.2176366],"type":"Point"},"properties":{"maxspeed":"30 mph","osmId":"node/13722955486"},"type":"Feature"},{"geometry":{"coordinates":[-2.0135055,52.4812721],"type":"Point"},"properties":{"maxspeed":"40 mph","osmId":"node/13723887378"},"type":"Feature"},{"geometry":{"coordinates":[-2.0111361,52.479375],"type":"Point"},"properties":{"maxspeed":"40 mph","osmId":"node/13723887384"},"type":"Feature"},{"geometry":{"coordinates":[-2.0115315,52.4797098],"type":"Point"},"properties":{"maxspeed":"40 mph","osmId":"node/13723887387"},"type":"Feature"},{"geometry":{"coordinates":[0.3916777,51.3090617],"type":"Point"},"properties":{"osmId":"node/13724731551"},"type":"Feature"},{"geometry":{"coordinates":[-0.5584071,51.3215715],"type":"Point"},"properties":{"osmId":"node/13733163997"},"type":"Feature"},{"geometry":{"coordinates":[-5.0817304,50.154394],"type":"Point"},"properties":{"maxspeed":"30 mph","osmId":"node/13733734585"},"type":"Feature"},{"geometry":{"coordinates":[0.2661612,50.7897814],"type":"Point"},"properties":{"maxspeed":"30 mph","osmId":"node/13742299063"},"type":"Feature"},{"geometry":{"coordinates":[-0.5415507,51.900435],"type":"Point"},"properties":{"osmId":"node/13742402111"},"type":"Feature"},{"geometry":{"coordinates":[-1.9954157,52.3898857],"type":"Point"},"properties":{"maxspeed":"30 mph","osmId":"node/13743597169"},"type":"Feature"},{"geometry":{"coordinates":[-2.1239861,52.4274238],"type":"Point"},"properties":{"maxspeed":"40 mph","osmId":"node/13743671294"},"type":"Feature"},{"geometry":{"coordinates":[-1.9776773,52.4480193],"type":"Point"},"properties":{"maxspeed":"30 mph","osmId":"node/13743674818"},"type":"Feature"},{"geometry":{"coordinates":[-1.8696515,50.8798834],"type":"Point"},"properties":{"maxspeed":"30 mph","osmId":"node/13785419406"},"type":"Feature"},{"geometry":{"coordinates":[-1.890515,50.8513678],"type":"Point"},"properties":{"maxspeed":"30 mph","osmId":"node/13785419407"},"type":"Feature"},{"geometry":{"coordinates":[-1.8897665,50.8286265],"type":"Point"},"properties":{"maxspeed":"30 mph","osmId":"node/13785419408"},"type":"Feature"},{"geometry":{"coordinates":[-1.8269148,50.8408032],"type":"Point"},"properties":{"maxspeed":"40 mph","osmId":"node/13785419409"},"type":"Feature"},{"geometry":{"coordinates":[-2.2108061,57.1460404],"type":"Point"},"properties":{"maxspeed":"40 mph","osmId":"node/13785590885"},"type":"Feature"},{"geometry":{"coordinates":[-2.3185437,53.4313502],"type":"Point"},"properties":{"osmId":"node/13821366351"},"type":"Feature"},{"geometry":{"coordinates":[-2.5222693,53.5045978],"type":"Point"},"properties":{"maxspeed":"30 mph","osmId":"node/13823830831"},"type":"Feature"},{"geometry":{"coordinates":[-4.008623,55.8553043],"type":"Point"},"properties":{"osmId":"node/13847375218"},"type":"Feature"},{"geometry":{"coordinates":[-1.7438772,53.7932273],"type":"Point"},"properties":{"osmId":"node/13849966976"},"type":"Feature"},{"geometry":{"coordinates":[-1.2784497,52.8909247],"type":"Point"},"properties":{"osmId":"node/13860400182"},"type":"Feature"},{"geometry":{"coordinates":[-1.3186582,51.9525033],"type":"Point"},"properties":{"maxspeed":"50 mph","osmId":"node/13869242898"},"type":"Feature"},{"geometry":{"coordinates":[-0.3939287,51.5139612],"type":"Point"},"properties":{"maxspeed":"40 mph","osmId":"node/13883088823"},"type":"Feature"},{"geometry":{"coordinates":[-0.3878492,51.5128757],"type":"Point"},"properties":{"maxspeed":"20 mph","osmId":"node/13883088824"},"type":"Feature"},{"geometry":{"coordinates":[-4.8043672,50.3362609],"type":"Point"},"properties":{"maxspeed":"30 mph","osmId":"node/13889080770"},"type":"Feature"},{"geometry":{"coordinates":[0.6357755,51.5694508],"type":"Point"},"properties":{"maxspeed":"40 mph","osmId":"node/13904326143"},"type":"Feature"},{"geometry":{"coordinates":[0.635423,51.5693706],"type":"Point"},"properties":{"maxspeed":"40 mph","osmId":"node/13904326150"},"type":"Feature"},{"geometry":{"coordinates":[-2.1877936,53.0322426],"type":"Point"},"properties":{"maxspeed":"30 mph","osmId":"node/13924587644"},"type":"Feature"},{"geometry":{"coordinates":[1.0340932,52.6822404],"type":"Point"},"properties":{"maxspeed":"40 mph","osmId":"node/13945342826"},"type":"Feature"},{"geometry":{"coordinates":[-0.7186262,51.9583024],"type":"Point"},"properties":{"maxspeed":"30 mph","osmId":"node/13945419050"},"type":"Feature"},{"geometry":{"coordinates":[-1.9905517,52.464607],"type":"Point"},"properties":{"maxspeed":"40 mph","osmId":"node/13950895429"},"type":"Feature"},{"geometry":{"coordinates":[-6.364474,53.3532467],"type":"Point"},"properties":{"osmId":"node/13952119277"},"type":"Feature"},{"geometry":{"coordinates":[0.2935977,53.1332546],"type":"Point"},"properties":{"maxspeed":"50 mph","osmId":"node/13952814813"},"type":"Feature"},{"geometry":{"coordinates":[0.2885185,53.1305323],"type":"Point"},"properties":{"maxspeed":"50 mph","osmId":"node/13952814815"},"type":"Feature"},{"geometry":{"coordinates":[0.2652758,53.1232471],"type":"Point"},"properties":{"maxspeed":"50 mph","osmId":"node/13952814845"},"type":"Feature"},{"geometry":{"coordinates":[0.2511044,53.1143726],"type":"Point"},"properties":{"maxspeed":"50 mph","osmId":"node/13952814846"},"type":"Feature"},{"geometry":{"coordinates":[0.3004034,53.1368576],"type":"Point"},"properties":{"maxspeed":"50 mph","osmId":"node/13953844227"},"type":"Feature"},{"geometry":{"coordinates":[0.3059274,53.1399847],"type":"Point"},"properties":{"maxspeed":"50 mph","osmId":"node/13953844229"},"type":"Feature"},{"geometry":{"coordinates":[-2.2342309,53.2643275],"type":"Point"},"properties":{"osmId":"node/13969968406"},"type":"Feature"},{"geometry":{"coordinates":[-1.9019579,52.4834394],"type":"Point"},"properties":{"maxspeed":"30 mph","osmId":"node/14015141463"},"type":"Feature"},{"geometry":{"coordinates":[-1.9018711,52.4833879],"type":"Point"},"properties":{"maxspeed":"30 mph","osmId":"node/14015141485"},"type":"Feature"},{"geometry":{"coordinates":[-1.9011785,52.4839846],"type":"Point"},"properties":{"maxspeed":"30 mph","osmId":"node/14015141486"},"type":"Feature"},{"geometry":{"coordinates":[-0.4029556,51.512536],"type":"Point"},"properties":{"maxspeed":"50 mph","osmId":"node/14057544945"},"type":"Feature"},{"geometry":{"coordinates":[-0.3971426,51.5310547],"type":"Point"},"properties":{"maxspeed":"30 mph","operator":"Metropolitan Police","osmId":"node/14058962347"},"type":"Feature"},{"geometry":{"coordinates":[-2.4661195,53.7487969],"type":"Point"},"properties":{"maxspeed":"30","osmId":"node/14075014200"},"type":"Feature"},{"geometry":{"coordinates":[-4.2264836,51.0093633],"type":"Point"},"properties":{"maxspeed":"30 mph","osmId":"node/14075928624"},"type":"Feature"},{"geometry":{"coordinates":[-0.1746789,51.5199337],"type":"Point"},"properties":{"maxspeed":"30 mph","osmId":"node/14076970892"},"type":"Feature"},{"geometry":{"coordinates":[-0.2301789,51.5147553],"type":"Point"},"properties":{"maxspeed":"30 mph","osmId":"node/14076970893"},"type":"Feature"}],"properties":{"attribution":"\u00a9 OpenStreetMap contributors, ODbL","boundedRegion":"United Kingdom and Ireland (49.8\u00b0N\u201361.0\u00b0N, 8.8\u00b0W\u20132.0\u00b0E)","count":3480,"coverageCaveat":"OpenStreetMap does not list every camera. A road with none shown has not been confirmed clear.","extractDate":"2026-08-07","generatedAt":"2026-08-07"},"type":"FeatureCollection"}
